Command line invocation:
    /Applications/Xcode.app/Contents/Developer/usr/bin/xcodebuild -project "Web Studio.xcodeproj" -scheme "Web Studio" -configuration Debug -destination platform=macOS,arch=arm64 -derivedDataPath /private/tmp/web-studio-adaptive -disableAutomaticPackageResolution -skipPackageUpdates CODE_SIGN_IDENTITY=- CODE_SIGN_STYLE=Manual DEVELOPMENT_TEAM= build-for-testing

Build settings from command line:
    CODE_SIGN_IDENTITY = -
    CODE_SIGN_STYLE = Manual
    DEVELOPMENT_TEAM = 

Resolve Package Graph


Resolved source packages:
  SwiftTerm: https://github.com/migueldeicaza/SwiftTerm.git @ 1.14.0
  swift-argument-parser: https://github.com/apple/swift-argument-parser @ 1.8.2

2026-09-13 12:54:16.362 xcodebuild[46869:27190341] [MT] IDERunDestination: Supported platforms for the buildables in the current scheme is empty.
note: Using codesigning identity override: -
ComputePackagePrebuildTargetDependencyGraph

Prepare packages

CreateBuildRequest

SendProjectDescription

CreateBuildOperation

ComputeTargetDependencyGraph
note: Building targets in dependency order
note: Target dependency graph (6 targets)
    Target 'Web StudioTests' in project 'Web Studio'
        ➜ Explicit dependency on target 'Web Studio' in project 'Web Studio'
    Target 'Web StudioUITests' in project 'Web Studio'
        ➜ Explicit dependency on target 'Web Studio' in project 'Web Studio'
    Target 'Web Studio' in project 'Web Studio'
        ➜ Explicit dependency on target 'SwiftTerm' in project 'SwiftTerm'
    Target 'SwiftTerm' in project 'SwiftTerm'
        ➜ Explicit dependency on target 'SwiftTerm' in project 'SwiftTerm'
        ➜ Explicit dependency on target 'SwiftTerm_SwiftTerm' in project 'SwiftTerm'
    Target 'SwiftTerm' in project 'SwiftTerm'
        ➜ Explicit dependency on target 'SwiftTerm_SwiftTerm' in project 'SwiftTerm'
    Target 'SwiftTerm_SwiftTerm' in project 'SwiftTerm' (no dependencies)

GatherProvisioningInputs

CreateBuildDescription

ExecuteExternalTool /Applications/Xcode.app/Contents/Developer/Toolchains/XcodeDefault.xctoolchain/usr/bin/clang -v -E -dM -arch arm64 -isysroot /Applications/Xcode.app/Contents/Developer/Platforms/MacOSX.platform/Developer/SDKs/MacOSX26.5.sdk -x c -c /dev/null

ExecuteExternalTool /Applications/Xcode.app/Contents/Developer/Toolchains/XcodeDefault.xctoolchain/usr/bin/swiftc --version

ExecuteExternalTool /Applications/Xcode.app/Contents/Developer/Toolchains/XcodeDefault.xctoolchain/usr/bin/clang -v -E -dM -isysroot /Applications/Xcode.app/Contents/Developer/Platforms/MacOSX.platform/Developer/SDKs/MacOSX26.5.sdk -x c -c /dev/null

ExecuteExternalTool /Applications/Xcode.app/Contents/Developer/usr/bin/actool --version --output-format xml1

ExecuteExternalTool /Applications/Xcode.app/Contents/Developer/Toolchains/XcodeDefault.xctoolchain/usr/bin/ld -version_details

ReadFileContents /Applications/Xcode.app/Contents/Developer/Toolchains/XcodeDefault.xctoolchain/usr/share/docc/features.json

Build description signature: 6e21a22c62700d7b486c59dcf1b4704a
Build description path: /tmp/web-studio-adaptive/Build/Intermediates.noindex/XCBuildData/6e21a22c62700d7b486c59dcf1b4704a.xcbuilddata
ClangStatCache /Applications/Xcode.app/Contents/Developer/Toolchains/XcodeDefault.xctoolchain/usr/bin/clang-stat-cache /Applications/Xcode.app/Contents/Developer/Platforms/MacOSX.platform/Developer/SDKs/MacOSX26.5.sdk /tmp/web-studio-adaptive/SDKStatCaches.noindex/macosx26.5-25F70-688ef53f1462e2c8f657fdc38a81448fe082c4a02f00227109f4ed75e425c832.sdkstatcache
    cd /Users/huaodong/workspace/Web\ Studio/Web\ Studio.xcodeproj
    /Applications/Xcode.app/Contents/Developer/Toolchains/XcodeDefault.xctoolchain/usr/bin/clang-stat-cache /Applications/Xcode.app/Contents/Developer/Platforms/MacOSX.platform/Developer/SDKs/MacOSX26.5.sdk -o /tmp/web-studio-adaptive/SDKStatCaches.noindex/macosx26.5-25F70-688ef53f1462e2c8f657fdc38a81448fe082c4a02f00227109f4ed75e425c832.sdkstatcache

warning: missing creator for mutated node: ('/tmp/web-studio-adaptive/Build/Products/Debug/SwiftTerm_SwiftTerm.bundle/Contents/MacOS') (in target 'SwiftTerm_SwiftTerm' from project 'SwiftTerm')
ProcessInfoPlistFile /tmp/web-studio-adaptive/Build/Products/Debug/SwiftTerm_SwiftTerm.bundle/Contents/Info.plist /tmp/web-studio-adaptive/Build/Intermediates.noindex/SwiftTerm.build/Debug/SwiftTerm_SwiftTerm.build/empty-SwiftTerm_SwiftTerm.plist (in target 'SwiftTerm_SwiftTerm' from project 'SwiftTerm')
    cd /tmp/web-studio-adaptive/SourcePackages/checkouts/SwiftTerm
    builtin-infoPlistUtility /tmp/web-studio-adaptive/Build/Intermediates.noindex/SwiftTerm.build/Debug/SwiftTerm_SwiftTerm.build/empty-SwiftTerm_SwiftTerm.plist -producttype com.apple.product-type.bundle -expandbuildsettings -platform macosx -o /tmp/web-studio-adaptive/Build/Products/Debug/SwiftTerm_SwiftTerm.bundle/Contents/Info.plist

SwiftDriver Web\ Studio normal arm64 com.apple.xcode.tools.swift.compiler (in target 'Web Studio' from project 'Web Studio')
    cd /Users/huaodong/workspace/Web\ Studio
    builtin-SwiftDriver -- /Applications/Xcode.app/Contents/Developer/Toolchains/XcodeDefault.xctoolchain/usr/bin/swiftc -module-name Web_Studio -Onone @/tmp/web-studio-adaptive/Build/Intermediates.noindex/Web\ Studio.build/Debug/Web\ Studio.build/Objects-normal/arm64/Web\ Studio.SwiftFileList -DDEBUG -default-isolation\=MainActor -enable-bare-slash-regex -enable-upcoming-feature DisableOutwardActorInference -enable-upcoming-feature InferSendableFromCaptures -enable-upcoming-feature GlobalActorIsolatedTypesUsability -enable-upcoming-feature MemberImportVisibility -enable-upcoming-feature InferIsolatedConformances -enable-upcoming-feature NonisolatedNonsendingByDefault -enable-experimental-feature DebugDescriptionMacro -sdk /Applications/Xcode.app/Contents/Developer/Platforms/MacOSX.platform/Developer/SDKs/MacOSX26.5.sdk -target arm64-apple-macos26.5 -g -module-cache-path /tmp/web-studio-adaptive/ModuleCache.noindex -Xfrontend -serialize-debugging-options -profile-coverage-mapping -profile-generate -enable-testing -index-store-path /tmp/web-studio-adaptive/Index.noindex/DataStore -Xcc -D_LIBCPP_HARDENING_MODE\=_LIBCPP_HARDENING_MODE_DEBUG -swift-version 5 -I /tmp/web-studio-adaptive/Build/Products/Debug -F /tmp/web-studio-adaptive/Build/Products/Debug/PackageFrameworks -F /tmp/web-studio-adaptive/Build/Products/Debug -emit-localized-strings -emit-localized-strings-path /tmp/web-studio-adaptive/Build/Intermediates.noindex/Web\ Studio.build/Debug/Web\ Studio.build/Objects-normal/arm64 -c -j10 -enable-batch-mode -incremental -Xcc -ivfsstatcache -Xcc /tmp/web-studio-adaptive/SDKStatCaches.noindex/macosx26.5-25F70-688ef53f1462e2c8f657fdc38a81448fe082c4a02f00227109f4ed75e425c832.sdkstatcache -output-file-map /tmp/web-studio-adaptive/Build/Intermediates.noindex/Web\ Studio.build/Debug/Web\ Studio.build/Objects-normal/arm64/Web\ Studio-OutputFileMap.json -use-frontend-parseable-output -save-temps -no-color-diagnostics -explicit-module-build -module-cache-path /tmp/web-studio-adaptive/Build/Intermediates.noindex/SwiftExplicitPrecompiledModules -clang-scanner-module-cache-path /tmp/web-studio-adaptive/ModuleCache.noindex -sdk-module-cache-path /tmp/web-studio-adaptive/ModuleCache.noindex -serialize-diagnostics -emit-dependencies -emit-module -emit-module-path /tmp/web-studio-adaptive/Build/Intermediates.noindex/Web\ Studio.build/Debug/Web\ Studio.build/Objects-normal/arm64/Web_Studio.swiftmodule -validate-clang-modules-once -clang-build-session-file /tmp/web-studio-adaptive/ModuleCache.noindex/Session.modulevalidation -Xcc -I/tmp/web-studio-adaptive/Build/Intermediates.noindex/Web\ Studio.build/Debug/Web\ Studio.build/swift-overrides.hmap -emit-const-values -Xfrontend -const-gather-protocols-file -Xfrontend /tmp/web-studio-adaptive/Build/Intermediates.noindex/Web\ Studio.build/Debug/Web\ Studio.build/Objects-normal/arm64/Web\ Studio_const_extract_protocols.json -Xcc -iquote -Xcc /tmp/web-studio-adaptive/Build/Intermediates.noindex/Web\ Studio.build/Debug/Web\ Studio.build/Web\ Studio-generated-files.hmap -Xcc -I/tmp/web-studio-adaptive/Build/Intermediates.noindex/Web\ Studio.build/Debug/Web\ Studio.build/Web\ Studio-own-target-headers.hmap -Xcc -I/tmp/web-studio-adaptive/Build/Intermediates.noindex/Web\ Studio.build/Debug/Web\ Studio.build/Web\ Studio-all-non-framework-target-headers.hmap -Xcc -ivfsoverlay -Xcc /tmp/web-studio-adaptive/Build/Intermediates.noindex/Web\ Studio.build/Debug/Web\ Studio-05bbc44994b91f37e3585941f4bbdee6-VFS/all-product-headers.yaml -Xcc -iquote -Xcc /tmp/web-studio-adaptive/Build/Intermediates.noindex/Web\ Studio.build/Debug/Web\ Studio.build/Web\ Studio-project-headers.hmap -Xcc -I/tmp/web-studio-adaptive/Build/Products/Debug/include -Xcc -I/tmp/web-studio-adaptive/Build/Intermediates.noindex/Web\ Studio.build/Debug/Web\ Studio.build/DerivedSources-normal/arm64 -Xcc -I/tmp/web-studio-adaptive/Build/Intermediates.noindex/Web\ Studio.build/Debug/Web\ Studio.build/DerivedSources/arm64 -Xcc -I/tmp/web-studio-adaptive/Build/Intermediates.noindex/Web\ Studio.build/Debug/Web\ Studio.build/DerivedSources -Xcc -DDEBUG\=1 -emit-objc-header -emit-objc-header-path /tmp/web-studio-adaptive/Build/Intermediates.noindex/Web\ Studio.build/Debug/Web\ Studio.build/Objects-normal/arm64/Web_Studio-Swift.h -import-objc-header /Users/huaodong/workspace/Web\ Studio/Web\ Studio/Web\ Studio-Bridging-Header.h -working-directory /Users/huaodong/workspace/Web\ Studio -experimental-emit-module-separately -disable-cmo

SwiftGeneratePch normal arm64 Compiling\ bridging\ header (in target 'Web Studio' from project 'Web Studio')

SwiftDriverJobDiscovery normal arm64 Compiling bridging header (in target 'Web Studio' from project 'Web Studio')

SwiftEmitModule normal arm64 Emitting\ module\ for\ Web_Studio (in target 'Web Studio' from project 'Web Studio')

EmitSwiftModule normal arm64 (in target 'Web Studio' from project 'Web Studio')
    cd /Users/huaodong/workspace/Web\ Studio
    
/Users/huaodong/workspace/Web Studio/Web Studio/AgentController.swift:20:70: warning: call to main actor-isolated initializer 'init(credentials:provider:)' in a synchronous nonisolated context
    init(store: ResourceStore, service: ConfiguredResponsesService = ConfiguredResponsesService(), configuration: ProviderConfiguration? = nil, reader: (@Sendable (UUID, Int) async -> ResourceSnapshot)? = nil) { self.store = store; self.service = service; self.configuration = configuration; self.reader = reader ?? { id, limit in await store.read(resourceID: id, maxCharacters: limit) } }
                                                                     ^
/Users/huaodong/workspace/Web Studio/Web Studio/AgentService.swift:84:5: note: calls to initializer 'init(credentials:provider:)' from outside of its actor context are implicitly asynchronous
    init(credentials: any CredentialStore = KeychainCredentialStore(), provider: any ResponsesProvider = URLSessionResponsesProvider()) { self.credentials = credentials; self.provider = provider }
    ^
/Users/huaodong/workspace/Web Studio/Web Studio/ProviderSettings.swift:30:45: warning: call to main actor-isolated initializer 'init()' in a synchronous nonisolated context
    init(credentials: any CredentialStore = KeychainCredentialStore(), defaults: UserDefaults = .standard) {
                                            ^
/Users/huaodong/workspace/Web Studio/Web Studio/AgentService.swift:35:7: note: calls to initializer 'init()' from outside of its actor context are implicitly asynchronous
actor KeychainCredentialStore: CredentialStore {
      ^
/Users/huaodong/workspace/Web Studio/Web Studio/AgentService.swift:35:7: note: main actor isolation inferred from conformance to protocol 'CredentialStore'
actor KeychainCredentialStore: CredentialStore {
      ^

SwiftCompile normal arm64 Compiling\ ContentView.swift /Users/huaodong/workspace/Web\ Studio/Web\ Studio/ContentView.swift (in target 'Web Studio' from project 'Web Studio')
SwiftCompile normal arm64 /Users/huaodong/workspace/Web\ Studio/Web\ Studio/ContentView.swift (in target 'Web Studio' from project 'Web Studio')
    cd /Users/huaodong/workspace/Web\ Studio
    
/Users/huaodong/workspace/Web Studio/Web Studio/AgentController.swift:20:70: warning: call to main actor-isolated initializer 'init(credentials:provider:)' in a synchronous nonisolated context
    init(store: ResourceStore, service: ConfiguredResponsesService = ConfiguredResponsesService(), configuration: ProviderConfiguration? = nil, reader: (@Sendable (UUID, Int) async -> ResourceSnapshot)? = nil) { self.store = store; self.service = service; self.configuration = configuration; self.reader = reader ?? { id, limit in await store.read(resourceID: id, maxCharacters: limit) } }
                                                                     ^
/Users/huaodong/workspace/Web Studio/Web Studio/AgentService.swift:84:5: note: calls to initializer 'init(credentials:provider:)' from outside of its actor context are implicitly asynchronous
    init(credentials: any CredentialStore = KeychainCredentialStore(), provider: any ResponsesProvider = URLSessionResponsesProvider()) { self.credentials = credentials; self.provider = provider }
    ^
/Users/huaodong/workspace/Web Studio/Web Studio/ContentView.swift:1120:37: warning: immutable value 'id' was never used; consider replacing with '_' or removing it
        if case let .resourceEditor(id) = panel { StudioPanelSurface { ResourceEditor(model: model) } }
                                    ^~
                                    _

SwiftCompile normal arm64 Compiling\ StartPageView.swift /Users/huaodong/workspace/Web\ Studio/Web\ Studio/StartPageView.swift (in target 'Web Studio' from project 'Web Studio')

SwiftCompile normal arm64 /Users/huaodong/workspace/Web\ Studio/Web\ Studio/StartPageView.swift (in target 'Web Studio' from project 'Web Studio')
    cd /Users/huaodong/workspace/Web\ Studio
    

SwiftCompile normal arm64 Compiling\ StudioDesign.swift /Users/huaodong/workspace/Web\ Studio/Web\ Studio/StudioDesign.swift (in target 'Web Studio' from project 'Web Studio')

SwiftCompile normal arm64 /Users/huaodong/workspace/Web\ Studio/Web\ Studio/StudioDesign.swift (in target 'Web Studio' from project 'Web Studio')
    cd /Users/huaodong/workspace/Web\ Studio
    

SwiftCompile normal arm64 Compiling\ AgentViews.swift /Users/huaodong/workspace/Web\ Studio/Web\ Studio/AgentViews.swift (in target 'Web Studio' from project 'Web Studio')

SwiftCompile normal arm64 /Users/huaodong/workspace/Web\ Studio/Web\ Studio/AgentViews.swift (in target 'Web Studio' from project 'Web Studio')
    cd /Users/huaodong/workspace/Web\ Studio
    

SwiftDriverJobDiscovery normal arm64 Emitting module for Web_Studio (in target 'Web Studio' from project 'Web Studio')

SwiftDriver\ Compilation\ Requirements Web\ Studio normal arm64 com.apple.xcode.tools.swift.compiler (in target 'Web Studio' from project 'Web Studio')
    cd /Users/huaodong/workspace/Web\ Studio
    builtin-Swift-Compilation-Requirements -- /Applications/Xcode.app/Contents/Developer/Toolchains/XcodeDefault.xctoolchain/usr/bin/swiftc -module-name Web_Studio -Onone @/tmp/web-studio-adaptive/Build/Intermediates.noindex/Web\ Studio.build/Debug/Web\ Studio.build/Objects-normal/arm64/Web\ Studio.SwiftFileList -DDEBUG -default-isolation\=MainActor -enable-bare-slash-regex -enable-upcoming-feature DisableOutwardActorInference -enable-upcoming-feature InferSendableFromCaptures -enable-upcoming-feature GlobalActorIsolatedTypesUsability -enable-upcoming-feature MemberImportVisibility -enable-upcoming-feature InferIsolatedConformances -enable-upcoming-feature NonisolatedNonsendingByDefault -enable-experimental-feature DebugDescriptionMacro -sdk /Applications/Xcode.app/Contents/Developer/Platforms/MacOSX.platform/Developer/SDKs/MacOSX26.5.sdk -target arm64-apple-macos26.5 -g -module-cache-path /tmp/web-studio-adaptive/ModuleCache.noindex -Xfrontend -serialize-debugging-options -profile-coverage-mapping -profile-generate -enable-testing -index-store-path /tmp/web-studio-adaptive/Index.noindex/DataStore -Xcc -D_LIBCPP_HARDENING_MODE\=_LIBCPP_HARDENING_MODE_DEBUG -swift-version 5 -I /tmp/web-studio-adaptive/Build/Products/Debug -F /tmp/web-studio-adaptive/Build/Products/Debug/PackageFrameworks -F /tmp/web-studio-adaptive/Build/Products/Debug -emit-localized-strings -emit-localized-strings-path /tmp/web-studio-adaptive/Build/Intermediates.noindex/Web\ Studio.build/Debug/Web\ Studio.build/Objects-normal/arm64 -c -j10 -enable-batch-mode -incremental -Xcc -ivfsstatcache -Xcc /tmp/web-studio-adaptive/SDKStatCaches.noindex/macosx26.5-25F70-688ef53f1462e2c8f657fdc38a81448fe082c4a02f00227109f4ed75e425c832.sdkstatcache -output-file-map /tmp/web-studio-adaptive/Build/Intermediates.noindex/Web\ Studio.build/Debug/Web\ Studio.build/Objects-normal/arm64/Web\ Studio-OutputFileMap.json -use-frontend-parseable-output -save-temps -no-color-diagnostics -explicit-module-build -module-cache-path /tmp/web-studio-adaptive/Build/Intermediates.noindex/SwiftExplicitPrecompiledModules -clang-scanner-module-cache-path /tmp/web-studio-adaptive/ModuleCache.noindex -sdk-module-cache-path /tmp/web-studio-adaptive/ModuleCache.noindex -serialize-diagnostics -emit-dependencies -emit-module -emit-module-path /tmp/web-studio-adaptive/Build/Intermediates.noindex/Web\ Studio.build/Debug/Web\ Studio.build/Objects-normal/arm64/Web_Studio.swiftmodule -validate-clang-modules-once -clang-build-session-file /tmp/web-studio-adaptive/ModuleCache.noindex/Session.modulevalidation -Xcc -I/tmp/web-studio-adaptive/Build/Intermediates.noindex/Web\ Studio.build/Debug/Web\ Studio.build/swift-overrides.hmap -emit-const-values -Xfrontend -const-gather-protocols-file -Xfrontend /tmp/web-studio-adaptive/Build/Intermediates.noindex/Web\ Studio.build/Debug/Web\ Studio.build/Objects-normal/arm64/Web\ Studio_const_extract_protocols.json -Xcc -iquote -Xcc /tmp/web-studio-adaptive/Build/Intermediates.noindex/Web\ Studio.build/Debug/Web\ Studio.build/Web\ Studio-generated-files.hmap -Xcc -I/tmp/web-studio-adaptive/Build/Intermediates.noindex/Web\ Studio.build/Debug/Web\ Studio.build/Web\ Studio-own-target-headers.hmap -Xcc -I/tmp/web-studio-adaptive/Build/Intermediates.noindex/Web\ Studio.build/Debug/Web\ Studio.build/Web\ Studio-all-non-framework-target-headers.hmap -Xcc -ivfsoverlay -Xcc /tmp/web-studio-adaptive/Build/Intermediates.noindex/Web\ Studio.build/Debug/Web\ Studio-05bbc44994b91f37e3585941f4bbdee6-VFS/all-product-headers.yaml -Xcc -iquote -Xcc /tmp/web-studio-adaptive/Build/Intermediates.noindex/Web\ Studio.build/Debug/Web\ Studio.build/Web\ Studio-project-headers.hmap -Xcc -I/tmp/web-studio-adaptive/Build/Products/Debug/include -Xcc -I/tmp/web-studio-adaptive/Build/Intermediates.noindex/Web\ Studio.build/Debug/Web\ Studio.build/DerivedSources-normal/arm64 -Xcc -I/tmp/web-studio-adaptive/Build/Intermediates.noindex/Web\ Studio.build/Debug/Web\ Studio.build/DerivedSources/arm64 -Xcc -I/tmp/web-studio-adaptive/Build/Intermediates.noindex/Web\ Studio.build/Debug/Web\ Studio.build/DerivedSources -Xcc -DDEBUG\=1 -emit-objc-header -emit-objc-header-path /tmp/web-studio-adaptive/Build/Intermediates.noindex/Web\ Studio.build/Debug/Web\ Studio.build/Objects-normal/arm64/Web_Studio-Swift.h -import-objc-header /Users/huaodong/workspace/Web\ Studio/Web\ Studio/Web\ Studio-Bridging-Header.h -working-directory /Users/huaodong/workspace/Web\ Studio -experimental-emit-module-separately -disable-cmo

SwiftDriverJobDiscovery normal arm64 Compiling StudioDesign.swift (in target 'Web Studio' from project 'Web Studio')

SwiftDriverJobDiscovery normal arm64 Compiling StartPageView.swift (in target 'Web Studio' from project 'Web Studio')

SwiftCompile normal arm64 Compiling\ TerminalSession.swift /Users/huaodong/workspace/Web\ Studio/Web\ Studio/TerminalSession.swift (in target 'Web Studio' from project 'Web Studio')

SwiftCompile normal arm64 /Users/huaodong/workspace/Web\ Studio/Web\ Studio/TerminalSession.swift (in target 'Web Studio' from project 'Web Studio')
    cd /Users/huaodong/workspace/Web\ Studio
    

SwiftCompile normal arm64 Compiling\ ResourceModel.swift /Users/huaodong/workspace/Web\ Studio/Web\ Studio/ResourceModel.swift (in target 'Web Studio' from project 'Web Studio')

SwiftCompile normal arm64 /Users/huaodong/workspace/Web\ Studio/Web\ Studio/ResourceModel.swift (in target 'Web Studio' from project 'Web Studio')
    cd /Users/huaodong/workspace/Web\ Studio
    

SwiftCompile normal arm64 Compiling\ ProviderSettings.swift /Users/huaodong/workspace/Web\ Studio/Web\ Studio/ProviderSettings.swift (in target 'Web Studio' from project 'Web Studio')

SwiftCompile normal arm64 /Users/huaodong/workspace/Web\ Studio/Web\ Studio/ProviderSettings.swift (in target 'Web Studio' from project 'Web Studio')
    cd /Users/huaodong/workspace/Web\ Studio
    
/Users/huaodong/workspace/Web Studio/Web Studio/ProviderSettings.swift:30:45: warning: call to main actor-isolated initializer 'init()' in a synchronous nonisolated context
    init(credentials: any CredentialStore = KeychainCredentialStore(), defaults: UserDefaults = .standard) {
                                            ^
/Users/huaodong/workspace/Web Studio/Web Studio/AgentService.swift:35:7: note: calls to initializer 'init()' from outside of its actor context are implicitly asynchronous
actor KeychainCredentialStore: CredentialStore {
      ^
/Users/huaodong/workspace/Web Studio/Web Studio/AgentService.swift:35:7: note: main actor isolation inferred from conformance to protocol 'CredentialStore'
actor KeychainCredentialStore: CredentialStore {
      ^

SwiftCompile normal arm64 Compiling\ WorkspaceSplitView.swift /Users/huaodong/workspace/Web\ Studio/Web\ Studio/WorkspaceSplitView.swift (in target 'Web Studio' from project 'Web Studio')

SwiftCompile normal arm64 /Users/huaodong/workspace/Web\ Studio/Web\ Studio/WorkspaceSplitView.swift (in target 'Web Studio' from project 'Web Studio')
    cd /Users/huaodong/workspace/Web\ Studio
    

SwiftCompile normal arm64 Compiling\ Web_StudioApp.swift /Users/huaodong/workspace/Web\ Studio/Web\ Studio/Web_StudioApp.swift (in target 'Web Studio' from project 'Web Studio')

SwiftCompile normal arm64 /Users/huaodong/workspace/Web\ Studio/Web\ Studio/Web_StudioApp.swift (in target 'Web Studio' from project 'Web Studio')
    cd /Users/huaodong/workspace/Web\ Studio
    

SwiftCompile normal arm64 Compiling\ WebRuntime.swift /Users/huaodong/workspace/Web\ Studio/Web\ Studio/WebRuntime.swift (in target 'Web Studio' from project 'Web Studio')

SwiftCompile normal arm64 /Users/huaodong/workspace/Web\ Studio/Web\ Studio/WebRuntime.swift (in target 'Web Studio' from project 'Web Studio')
    cd /Users/huaodong/workspace/Web\ Studio
    
/Users/huaodong/workspace/Web Studio/Web Studio/WebRuntime.swift:89:29: warning: call to main actor-isolated initializer 'init()' in a synchronous nonisolated context
        let configuration = WKWebViewConfiguration()
                            ^
/Applications/Xcode.app/Contents/Developer/Platforms/MacOSX.platform/Developer/SDKs/MacOSX.sdk/usr/include/objc/NSObject.h:66:1: note: calls to initializer 'init()' from outside of its actor context are implicitly asynchronous
- (instancetype)init
^
/Users/huaodong/workspace/Web Studio/Web Studio/WebRuntime.swift:91:23: warning: main actor-isolated property 'websiteDataStore' can not be mutated from a nonisolated context
        configuration.websiteDataStore = .default()
                      ^
/Applications/Xcode.app/Contents/Developer/Platforms/MacOSX.platform/Developer/SDKs/MacOSX26.5.sdk/System/Library/Frameworks/WebKit.framework/Headers/WKWebViewConfiguration.h:126:51: note: mutation of this property is only permitted within the actor
@property (nonatomic, strong) WKWebsiteDataStore *websiteDataStore API_AVAILABLE(macos(10.11), ios(9.0));
                                                  ^
/Users/huaodong/workspace/Web Studio/Web Studio/WebRuntime.swift:91:43: warning: call to main actor-isolated class method 'default()' in a synchronous nonisolated context
        configuration.websiteDataStore = .default()
                                          ^
WebKit.WKWebsiteDataStore.default:2:28: note: calls to class method 'default()' from outside of its actor context are implicitly asynchronous
@MainActor open class func `default`() -> WKWebsiteDataStore}
                           ^
/Users/huaodong/workspace/Web Studio/Web Studio/WebRuntime.swift:92:49: warning: main actor-isolated property 'allowsContentJavaScript' can not be mutated from a nonisolated context
        configuration.defaultWebpagePreferences.allowsContentJavaScript = true
                                                ^
/Applications/Xcode.app/Contents/Developer/Platforms/MacOSX.platform/Developer/SDKs/MacOSX26.5.sdk/System/Library/Frameworks/WebKit.framework/Headers/WKWebpagePreferences.h:102:28: note: mutation of this property is only permitted within the actor
@property (nonatomic) BOOL allowsContentJavaScript API_AVAILABLE(macos(11.0), ios(14.0));
                           ^
/Users/huaodong/workspace/Web Studio/Web Studio/WebRuntime.swift:92:23: warning: main actor-isolated property 'defaultWebpagePreferences' can not be referenced from a nonisolated context
        configuration.defaultWebpagePreferences.allowsContentJavaScript = true
                      ^
/Applications/Xcode.app/Contents/Developer/Platforms/MacOSX.platform/Developer/SDKs/MacOSX26.5.sdk/System/Library/Frameworks/WebKit.framework/Headers/WKWebViewConfiguration.h:159:68: note: property declared here
@property (null_resettable, nonatomic, copy) WKWebpagePreferences *defaultWebpagePreferences API_AVAILABLE(macos(10.15), ios(13.0));
                                                                   ^
/Users/huaodong/workspace/Web Studio/Web Studio/WebRuntime.swift:93:23: warning: main actor-isolated property 'upgradeKnownHostsToHTTPS' can not be mutated from a nonisolated context
        configuration.upgradeKnownHostsToHTTPS = true
                      ^
/Applications/Xcode.app/Contents/Developer/Platforms/MacOSX.platform/Developer/SDKs/MacOSX26.5.sdk/System/Library/Frameworks/WebKit.framework/Headers/WKWebViewConfiguration.h:151:28: note: mutation of this property is only permitted within the actor
@property (nonatomic) BOOL upgradeKnownHostsToHTTPS API_AVAILABLE(macos(11.3), ios(14.5));
                           ^
/Users/huaodong/workspace/Web Studio/Web Studio/WebRuntime.swift:95:23: warning: main actor-isolated property 'mediaTypesRequiringUserActionForPlayback' can not be mutated from a nonisolated context
        configuration.mediaTypesRequiringUserActionForPlayback = .all
                      ^
/Applications/Xcode.app/Contents/Developer/Platforms/MacOSX.platform/Developer/SDKs/MacOSX26.5.sdk/System/Library/Frameworks/WebKit.framework/Headers/WKWebViewConfiguration.h:153:47: note: mutation of this property is only permitted within the actor
@property (nonatomic) WKAudiovisualMediaTypes mediaTypesRequiringUserActionForPlayback API_AVAILABLE(macos(10.12), ios(10.0));
                                              ^
/Users/huaodong/workspace/Web Studio/Web Studio/WebRuntime.swift:97:23: warning: main actor-isolated property 'applicationNameForUserAgent' can not be mutated from a nonisolated context
        configuration.applicationNameForUserAgent = "Version/26.0 Safari/605.1.15 WebStudio/1.0"
                      ^
/Applications/Xcode.app/Contents/Developer/Platforms/MacOSX.platform/Developer/SDKs/MacOSX26.5.sdk/System/Library/Frameworks/WebKit.framework/Headers/WKWebViewConfiguration.h:136:49: note: mutation of this property is only permitted within the actor
@property (nullable, nonatomic, copy) NSString *applicationNameForUserAgent API_AVAILABLE(macos(10.11), ios(9.0));
                                                ^
/Users/huaodong/workspace/Web Studio/Web Studio/WebRuntime.swift:479:21: warning: call to main actor-isolated initializer 'init()' in a synchronous nonisolated context
        let alert = NSAlert()
                    ^
/Applications/Xcode.app/Contents/Developer/Platforms/MacOSX.platform/Developer/SDKs/MacOSX.sdk/usr/include/objc/NSObject.h:66:1: note: calls to initializer 'init()' from outside of its actor context are implicitly asynchronous
- (instancetype)init
^
/Users/huaodong/workspace/Web Studio/Web Studio/WebRuntime.swift:480:15: warning: main actor-isolated property 'alertStyle' can not be mutated from a nonisolated context
        alert.alertStyle = .informational
              ^
/Applications/Xcode.app/Contents/Developer/Platforms/MacOSX.platform/Developer/SDKs/MacOSX26.5.sdk/System/Library/Frameworks/AppKit.framework/Headers/NSAlert.h:109:24: note: mutation of this property is only permitted within the actor
@property NSAlertStyle alertStyle;
                       ^
/Users/huaodong/workspace/Web Studio/Web Studio/WebRuntime.swift:481:15: warning: main actor-isolated property 'messageText' can not be mutated from a nonisolated context
        alert.messageText = origin.request.url?.host ?? "This page"
              ^
/Applications/Xcode.app/Contents/Developer/Platforms/MacOSX.platform/Developer/SDKs/MacOSX26.5.sdk/System/Library/Frameworks/AppKit.framework/Headers/NSAlert.h:71:28: note: mutation of this property is only permitted within the actor
@property (copy) NSString *messageText;
                           ^
/Users/huaodong/workspace/Web Studio/Web Studio/WebRuntime.swift:481:36: warning: main actor-isolated property 'request' can not be referenced from a nonisolated context
        alert.messageText = origin.request.url?.host ?? "This page"
                                   ^
/Applications/Xcode.app/Contents/Developer/Platforms/MacOSX.platform/Developer/SDKs/MacOSX26.5.sdk/System/Library/Frameworks/WebKit.framework/Headers/WKFrameInfo.h:50:53: note: property declared here
@property (nonatomic, readonly, copy) NSURLRequest *request;
                                                    ^
/Users/huaodong/workspace/Web Studio/Web Studio/WebRuntime.swift:482:15: warning: main actor-isolated property 'informativeText' can not be mutated from a nonisolated context
        alert.informativeText = message
              ^
/Applications/Xcode.app/Contents/Developer/Platforms/MacOSX.platform/Developer/SDKs/MacOSX26.5.sdk/System/Library/Frameworks/AppKit.framework/Headers/NSAlert.h:75:28: note: mutation of this property is only permitted within the actor
@property (copy) NSString *informativeText;
                           ^

SwiftCompile normal arm64 Compiling\ WindowLifecycle.swift /Users/huaodong/workspace/Web\ Studio/Web\ Studio/WindowLifecycle.swift (in target 'Web Studio' from project 'Web Studio')

SwiftCompile normal arm64 /Users/huaodong/workspace/Web\ Studio/Web\ Studio/WindowLifecycle.swift (in target 'Web Studio' from project 'Web Studio')
    cd /Users/huaodong/workspace/Web\ Studio
    

SwiftCompile normal arm64 Compiling\ GeneratedAssetSymbols.swift /tmp/web-studio-adaptive/Build/Intermediates.noindex/Web\ Studio.build/Debug/Web\ Studio.build/DerivedSources/GeneratedAssetSymbols.swift (in target 'Web Studio' from project 'Web Studio')

SwiftCompile normal arm64 /tmp/web-studio-adaptive/Build/Intermediates.noindex/Web\ Studio.build/Debug/Web\ Studio.build/DerivedSources/GeneratedAssetSymbols.swift (in target 'Web Studio' from project 'Web Studio')
    cd /Users/huaodong/workspace/Web\ Studio
    

SwiftCompile normal arm64 Compiling\ AgentController.swift,\ AgentService.swift /Users/huaodong/workspace/Web\ Studio/Web\ Studio/AgentController.swift /Users/huaodong/workspace/Web\ Studio/Web\ Studio/AgentService.swift (in target 'Web Studio' from project 'Web Studio')

SwiftCompile normal arm64 /Users/huaodong/workspace/Web\ Studio/Web\ Studio/AgentController.swift (in target 'Web Studio' from project 'Web Studio')
    cd /Users/huaodong/workspace/Web\ Studio
    
/Users/huaodong/workspace/Web Studio/Web Studio/AgentController.swift:20:70: warning: call to main actor-isolated initializer 'init(credentials:provider:)' in a synchronous nonisolated context
    init(store: ResourceStore, service: ConfiguredResponsesService = ConfiguredResponsesService(), configuration: ProviderConfiguration? = nil, reader: (@Sendable (UUID, Int) async -> ResourceSnapshot)? = nil) { self.store = store; self.service = service; self.configuration = configuration; self.reader = reader ?? { id, limit in await store.read(resourceID: id, maxCharacters: limit) } }
                                                                     ^
/Users/huaodong/workspace/Web Studio/Web Studio/AgentService.swift:84:5: note: calls to initializer 'init(credentials:provider:)' from outside of its actor context are implicitly asynchronous
    init(credentials: any CredentialStore = KeychainCredentialStore(), provider: any ResponsesProvider = URLSessionResponsesProvider()) { self.credentials = credentials; self.provider = provider }
    ^

SwiftCompile normal arm64 /Users/huaodong/workspace/Web\ Studio/Web\ Studio/AgentService.swift (in target 'Web Studio' from project 'Web Studio')
    cd /Users/huaodong/workspace/Web\ Studio
    

SwiftDriverJobDiscovery normal arm64 Compiling GeneratedAssetSymbols.swift (in target 'Web Studio' from project 'Web Studio')

SwiftCompile normal arm64 Compiling\ NativeResourceHost.swift /Users/huaodong/workspace/Web\ Studio/Web\ Studio/NativeResourceHost.swift (in target 'Web Studio' from project 'Web Studio')

SwiftCompile normal arm64 /Users/huaodong/workspace/Web\ Studio/Web\ Studio/NativeResourceHost.swift (in target 'Web Studio' from project 'Web Studio')
    cd /Users/huaodong/workspace/Web\ Studio
    

SwiftDriverJobDiscovery normal arm64 Compiling ProviderSettings.swift (in target 'Web Studio' from project 'Web Studio')

SwiftDriverJobDiscovery normal arm64 Compiling WindowLifecycle.swift (in target 'Web Studio' from project 'Web Studio')

SwiftDriverJobDiscovery normal arm64 Compiling NativeResourceHost.swift (in target 'Web Studio' from project 'Web Studio')

SwiftDriverJobDiscovery normal arm64 Compiling Web_StudioApp.swift (in target 'Web Studio' from project 'Web Studio')

SwiftDriverJobDiscovery normal arm64 Compiling WorkspaceSplitView.swift (in target 'Web Studio' from project 'Web Studio')

SwiftDriverJobDiscovery normal arm64 Compiling TerminalSession.swift (in target 'Web Studio' from project 'Web Studio')

SwiftDriverJobDiscovery normal arm64 Compiling ResourceModel.swift (in target 'Web Studio' from project 'Web Studio')

SwiftDriverJobDiscovery normal arm64 Compiling WebRuntime.swift (in target 'Web Studio' from project 'Web Studio')

SwiftDriverJobDiscovery normal arm64 Compiling AgentController.swift, AgentService.swift (in target 'Web Studio' from project 'Web Studio')

SwiftDriverJobDiscovery normal arm64 Compiling AgentViews.swift (in target 'Web Studio' from project 'Web Studio')

SwiftDriverJobDiscovery normal arm64 Compiling ContentView.swift (in target 'Web Studio' from project 'Web Studio')

SwiftDriver\ Compilation Web\ Studio normal arm64 com.apple.xcode.tools.swift.compiler (in target 'Web Studio' from project 'Web Studio')
    cd /Users/huaodong/workspace/Web\ Studio
    builtin-Swift-Compilation -- /Applications/Xcode.app/Contents/Developer/Toolchains/XcodeDefault.xctoolchain/usr/bin/swiftc -module-name Web_Studio -Onone @/tmp/web-studio-adaptive/Build/Intermediates.noindex/Web\ Studio.build/Debug/Web\ Studio.build/Objects-normal/arm64/Web\ Studio.SwiftFileList -DDEBUG -default-isolation\=MainActor -enable-bare-slash-regex -enable-upcoming-feature DisableOutwardActorInference -enable-upcoming-feature InferSendableFromCaptures -enable-upcoming-feature GlobalActorIsolatedTypesUsability -enable-upcoming-feature MemberImportVisibility -enable-upcoming-feature InferIsolatedConformances -enable-upcoming-feature NonisolatedNonsendingByDefault -enable-experimental-feature DebugDescriptionMacro -sdk /Applications/Xcode.app/Contents/Developer/Platforms/MacOSX.platform/Developer/SDKs/MacOSX26.5.sdk -target arm64-apple-macos26.5 -g -module-cache-path /tmp/web-studio-adaptive/ModuleCache.noindex -Xfrontend -serialize-debugging-options -profile-coverage-mapping -profile-generate -enable-testing -index-store-path /tmp/web-studio-adaptive/Index.noindex/DataStore -Xcc -D_LIBCPP_HARDENING_MODE\=_LIBCPP_HARDENING_MODE_DEBUG -swift-version 5 -I /tmp/web-studio-adaptive/Build/Products/Debug -F /tmp/web-studio-adaptive/Build/Products/Debug/PackageFrameworks -F /tmp/web-studio-adaptive/Build/Products/Debug -emit-localized-strings -emit-localized-strings-path /tmp/web-studio-adaptive/Build/Intermediates.noindex/Web\ Studio.build/Debug/Web\ Studio.build/Objects-normal/arm64 -c -j10 -enable-batch-mode -incremental -Xcc -ivfsstatcache -Xcc /tmp/web-studio-adaptive/SDKStatCaches.noindex/macosx26.5-25F70-688ef53f1462e2c8f657fdc38a81448fe082c4a02f00227109f4ed75e425c832.sdkstatcache -output-file-map /tmp/web-studio-adaptive/Build/Intermediates.noindex/Web\ Studio.build/Debug/Web\ Studio.build/Objects-normal/arm64/Web\ Studio-OutputFileMap.json -use-frontend-parseable-output -save-temps -no-color-diagnostics -explicit-module-build -module-cache-path /tmp/web-studio-adaptive/Build/Intermediates.noindex/SwiftExplicitPrecompiledModules -clang-scanner-module-cache-path /tmp/web-studio-adaptive/ModuleCache.noindex -sdk-module-cache-path /tmp/web-studio-adaptive/ModuleCache.noindex -serialize-diagnostics -emit-dependencies -emit-module -emit-module-path /tmp/web-studio-adaptive/Build/Intermediates.noindex/Web\ Studio.build/Debug/Web\ Studio.build/Objects-normal/arm64/Web_Studio.swiftmodule -validate-clang-modules-once -clang-build-session-file /tmp/web-studio-adaptive/ModuleCache.noindex/Session.modulevalidation -Xcc -I/tmp/web-studio-adaptive/Build/Intermediates.noindex/Web\ Studio.build/Debug/Web\ Studio.build/swift-overrides.hmap -emit-const-values -Xfrontend -const-gather-protocols-file -Xfrontend /tmp/web-studio-adaptive/Build/Intermediates.noindex/Web\ Studio.build/Debug/Web\ Studio.build/Objects-normal/arm64/Web\ Studio_const_extract_protocols.json -Xcc -iquote -Xcc /tmp/web-studio-adaptive/Build/Intermediates.noindex/Web\ Studio.build/Debug/Web\ Studio.build/Web\ Studio-generated-files.hmap -Xcc -I/tmp/web-studio-adaptive/Build/Intermediates.noindex/Web\ Studio.build/Debug/Web\ Studio.build/Web\ Studio-own-target-headers.hmap -Xcc -I/tmp/web-studio-adaptive/Build/Intermediates.noindex/Web\ Studio.build/Debug/Web\ Studio.build/Web\ Studio-all-non-framework-target-headers.hmap -Xcc -ivfsoverlay -Xcc /tmp/web-studio-adaptive/Build/Intermediates.noindex/Web\ Studio.build/Debug/Web\ Studio-05bbc44994b91f37e3585941f4bbdee6-VFS/all-product-headers.yaml -Xcc -iquote -Xcc /tmp/web-studio-adaptive/Build/Intermediates.noindex/Web\ Studio.build/Debug/Web\ Studio.build/Web\ Studio-project-headers.hmap -Xcc -I/tmp/web-studio-adaptive/Build/Products/Debug/include -Xcc -I/tmp/web-studio-adaptive/Build/Intermediates.noindex/Web\ Studio.build/Debug/Web\ Studio.build/DerivedSources-normal/arm64 -Xcc -I/tmp/web-studio-adaptive/Build/Intermediates.noindex/Web\ Studio.build/Debug/Web\ Studio.build/DerivedSources/arm64 -Xcc -I/tmp/web-studio-adaptive/Build/Intermediates.noindex/Web\ Studio.build/Debug/Web\ Studio.build/DerivedSources -Xcc -DDEBUG\=1 -emit-objc-header -emit-objc-header-path /tmp/web-studio-adaptive/Build/Intermediates.noindex/Web\ Studio.build/Debug/Web\ Studio.build/Objects-normal/arm64/Web_Studio-Swift.h -import-objc-header /Users/huaodong/workspace/Web\ Studio/Web\ Studio/Web\ Studio-Bridging-Header.h -working-directory /Users/huaodong/workspace/Web\ Studio -experimental-emit-module-separately -disable-cmo

Ld /tmp/web-studio-adaptive/Build/Products/Debug/Web\ Studio.app/Contents/MacOS/Web\ Studio.debug.dylib normal (in target 'Web Studio' from project 'Web Studio')
    cd /Users/huaodong/workspace/Web\ Studio
    /Applications/Xcode.app/Contents/Developer/Toolchains/XcodeDefault.xctoolchain/usr/bin/clang -Xlinker -reproducible -target arm64-apple-macos26.5 -dynamiclib -isysroot /Applications/Xcode.app/Contents/Developer/Platforms/MacOSX.platform/Developer/SDKs/MacOSX26.5.sdk -O0 -L/tmp/web-studio-adaptive/Build/Intermediates.noindex/EagerLinkingTBDs/Debug -L/tmp/web-studio-adaptive/Build/Products/Debug -F/tmp/web-studio-adaptive/Build/Intermediates.noindex/EagerLinkingTBDs/Debug -F/tmp/web-studio-adaptive/Build/Products/Debug/PackageFrameworks -F/tmp/web-studio-adaptive/Build/Products/Debug -filelist /tmp/web-studio-adaptive/Build/Intermediates.noindex/Web\ Studio.build/Debug/Web\ Studio.build/Objects-normal/arm64/Web\ Studio.LinkFileList -install_name @rpath/Web\ Studio.debug.dylib -Xlinker -rpath -Xlinker /tmp/web-studio-adaptive/Build/Products/Debug/PackageFrameworks -Xlinker -rpath -Xlinker @executable_path/../Frameworks -Xlinker -object_path_lto -Xlinker /tmp/web-studio-adaptive/Build/Intermediates.noindex/Web\ Studio.build/Debug/Web\ Studio.build/Objects-normal/arm64/Web\ Studio_lto.o -rdynamic -Xlinker -no_deduplicate -Xlinker -debug_variant -Xlinker -dependency_info -Xlinker /tmp/web-studio-adaptive/Build/Intermediates.noindex/Web\ Studio.build/Debug/Web\ Studio.build/Objects-normal/arm64/Web\ Studio_dependency_info.dat -fprofile-instr-generate -fobjc-link-runtime -L/Applications/Xcode.app/Contents/Developer/Toolchains/XcodeDefault.xctoolchain/usr/lib/swift/macosx -L/usr/lib/swift -Xlinker -add_ast_path -Xlinker /tmp/web-studio-adaptive/Build/Intermediates.noindex/Web\ Studio.build/Debug/Web\ Studio.build/Objects-normal/arm64/Web_Studio.swiftmodule @/tmp/web-studio-adaptive/Build/Intermediates.noindex/Web\ Studio.build/Debug/Web\ Studio.build/Objects-normal/arm64/Web_Studio-linker-args.resp -Wl,-no_warn_duplicate_libraries -Xlinker -alias -Xlinker _main -Xlinker ___debug_main_executable_dylib_entry_point -Xlinker -no_adhoc_codesign -o /tmp/web-studio-adaptive/Build/Products/Debug/Web\ Studio.app/Contents/MacOS/Web\ Studio.debug.dylib -Xlinker -add_ast_path -Xlinker /tmp/web-studio-adaptive/Build/Intermediates.noindex/SwiftTerm.build/Debug/SwiftTerm.build/Objects-normal/arm64/SwiftTerm.swiftmodule @/tmp/web-studio-adaptive/Build/Intermediates.noindex/SwiftTerm.build/Debug/SwiftTerm.build/Objects-normal/arm64/SwiftTerm-linker-args.resp

Copy /tmp/web-studio-adaptive/Build/Products/Debug/Web_Studio.swiftmodule/arm64-apple-macos.swiftmodule /tmp/web-studio-adaptive/Build/Intermediates.noindex/Web\ Studio.build/Debug/Web\ Studio.build/Objects-normal/arm64/Web_Studio.swiftmodule (in target 'Web Studio' from project 'Web Studio')
    cd /Users/huaodong/workspace/Web\ Studio
    builtin-copy -exclude .DS_Store -exclude CVS -exclude .svn -exclude .git -exclude .hg -resolve-src-symlinks -rename /tmp/web-studio-adaptive/Build/Intermediates.noindex/Web\ Studio.build/Debug/Web\ Studio.build/Objects-normal/arm64/Web_Studio.swiftmodule /tmp/web-studio-adaptive/Build/Products/Debug/Web_Studio.swiftmodule/arm64-apple-macos.swiftmodule

Copy /tmp/web-studio-adaptive/Build/Products/Debug/Web_Studio.swiftmodule/arm64-apple-macos.abi.json /tmp/web-studio-adaptive/Build/Intermediates.noindex/Web\ Studio.build/Debug/Web\ Studio.build/Objects-normal/arm64/Web_Studio.abi.json (in target 'Web Studio' from project 'Web Studio')
    cd /Users/huaodong/workspace/Web\ Studio
    builtin-copy -exclude .DS_Store -exclude CVS -exclude .svn -exclude .git -exclude .hg -resolve-src-symlinks -rename /tmp/web-studio-adaptive/Build/Intermediates.noindex/Web\ Studio.build/Debug/Web\ Studio.build/Objects-normal/arm64/Web_Studio.abi.json /tmp/web-studio-adaptive/Build/Products/Debug/Web_Studio.swiftmodule/arm64-apple-macos.abi.json

Copy /tmp/web-studio-adaptive/Build/Products/Debug/Web_Studio.swiftmodule/Project/arm64-apple-macos.swiftsourceinfo /tmp/web-studio-adaptive/Build/Intermediates.noindex/Web\ Studio.build/Debug/Web\ Studio.build/Objects-normal/arm64/Web_Studio.swiftsourceinfo (in target 'Web Studio' from project 'Web Studio')
    cd /Users/huaodong/workspace/Web\ Studio
    builtin-copy -exclude .DS_Store -exclude CVS -exclude .svn -exclude .git -exclude .hg -resolve-src-symlinks -rename /tmp/web-studio-adaptive/Build/Intermediates.noindex/Web\ Studio.build/Debug/Web\ Studio.build/Objects-normal/arm64/Web_Studio.swiftsourceinfo /tmp/web-studio-adaptive/Build/Products/Debug/Web_Studio.swiftmodule/Project/arm64-apple-macos.swiftsourceinfo

ConstructStubExecutorLinkFileList /tmp/web-studio-adaptive/Build/Intermediates.noindex/Web\ Studio.build/Debug/Web\ Studio.build/Web\ Studio-ExecutorLinkFileList-normal-arm64.txt (in target 'Web Studio' from project 'Web Studio')
    cd /Users/huaodong/workspace/Web\ Studio
    construct-stub-executor-link-file-list /tmp/web-studio-adaptive/Build/Products/Debug/Web\ Studio.app/Contents/MacOS/Web\ Studio.debug.dylib /Applications/Xcode.app/Contents/Developer/Platforms/MacOSX.platform/Developer/usr/lib/libPreviewsJITStubExecutor_no_swift_entry_point.a /Applications/Xcode.app/Contents/Developer/Platforms/MacOSX.platform/Developer/usr/lib/libPreviewsJITStubExecutor.a --output /tmp/web-studio-adaptive/Build/Intermediates.noindex/Web\ Studio.build/Debug/Web\ Studio.build/Web\ Studio-ExecutorLinkFileList-normal-arm64.txt
note: Using stub executor library with Swift entry point. (in target 'Web Studio' from project 'Web Studio')

Ld /tmp/web-studio-adaptive/Build/Products/Debug/Web\ Studio.app/Contents/MacOS/Web\ Studio normal (in target 'Web Studio' from project 'Web Studio')
    cd /Users/huaodong/workspace/Web\ Studio
    /Applications/Xcode.app/Contents/Developer/Toolchains/XcodeDefault.xctoolchain/usr/bin/clang -Xlinker -reproducible -target arm64-apple-macos26.5 -isysroot /Applications/Xcode.app/Contents/Developer/Platforms/MacOSX.platform/Developer/SDKs/MacOSX26.5.sdk -O0 -L/tmp/web-studio-adaptive/Build/Products/Debug -F/tmp/web-studio-adaptive/Build/Products/Debug/PackageFrameworks -F/tmp/web-studio-adaptive/Build/Products/Debug -Xlinker -rpath -Xlinker @executable_path -Xlinker -rpath -Xlinker /tmp/web-studio-adaptive/Build/Products/Debug/PackageFrameworks -Xlinker -rpath -Xlinker @executable_path/../Frameworks -rdynamic -Xlinker -no_deduplicate -Xlinker -debug_variant -e ___debug_blank_executor_main -Xlinker -sectcreate -Xlinker __TEXT -Xlinker __debug_dylib -Xlinker /tmp/web-studio-adaptive/Build/Intermediates.noindex/Web\ Studio.build/Debug/Web\ Studio.build/Web\ Studio-DebugDylibPath-normal-arm64.txt -Xlinker -sectcreate -Xlinker __TEXT -Xlinker __debug_instlnm -Xlinker /tmp/web-studio-adaptive/Build/Intermediates.noindex/Web\ Studio.build/Debug/Web\ Studio.build/Web\ Studio-DebugDylibInstallName-normal-arm64.txt -Xlinker -filelist -Xlinker /tmp/web-studio-adaptive/Build/Intermediates.noindex/Web\ Studio.build/Debug/Web\ Studio.build/Web\ Studio-ExecutorLinkFileList-normal-arm64.txt /tmp/web-studio-adaptive/Build/Products/Debug/Web\ Studio.app/Contents/MacOS/Web\ Studio.debug.dylib -Xlinker -no_adhoc_codesign -o /tmp/web-studio-adaptive/Build/Products/Debug/Web\ Studio.app/Contents/MacOS/Web\ Studio

ExtractAppIntentsMetadata (in target 'Web Studio' from project 'Web Studio')
    cd /Users/huaodong/workspace/Web\ Studio
    /Applications/Xcode.app/Contents/Developer/Toolchains/XcodeDefault.xctoolchain/usr/bin/appintentsmetadataprocessor --toolchain-dir /var/run/com.apple.security.cryptexd/mnt/com.apple.MobileAsset.MetalToolchain-v17.6.109.0.Bidh73/Metal.xctoolchain --module-name Web_Studio --sdk-root /Applications/Xcode.app/Contents/Developer/Platforms/MacOSX.platform/Developer/SDKs/MacOSX26.5.sdk --xcode-version 17F113 --platform-family macOS --deployment-target 26.5 --bundle-identifier com.huaodong.Web-Studio --output /tmp/web-studio-adaptive/Build/Products/Debug/Web\ Studio.app/Contents/Resources --target-triple arm64-apple-macos26.5 --binary-file /tmp/web-studio-adaptive/Build/Products/Debug/Web\ Studio.app/Contents/MacOS/Web\ Studio --dependency-file /tmp/web-studio-adaptive/Build/Intermediates.noindex/Web\ Studio.build/Debug/Web\ Studio.build/Objects-normal/arm64/Web\ Studio_dependency_info.dat --stringsdata-file /tmp/web-studio-adaptive/Build/Intermediates.noindex/Web\ Studio.build/Debug/Web\ Studio.build/Objects-normal/arm64/ExtractedAppShortcutsMetadata.stringsdata --source-file-list /tmp/web-studio-adaptive/Build/Intermediates.noindex/Web\ Studio.build/Debug/Web\ Studio.build/Objects-normal/arm64/Web\ Studio.SwiftFileList --metadata-file-list /tmp/web-studio-adaptive/Build/Intermediates.noindex/Web\ Studio.build/Debug/Web\ Studio.build/Web\ Studio.DependencyMetadataFileList --static-metadata-file-list /tmp/web-studio-adaptive/Build/Intermediates.noindex/Web\ Studio.build/Debug/Web\ Studio.build/Web\ Studio.DependencyStaticMetadataFileList --swift-const-vals-list /tmp/web-studio-adaptive/Build/Intermediates.noindex/Web\ Studio.build/Debug/Web\ Studio.build/Objects-normal/arm64/Web\ Studio.SwiftConstValuesFileList --compile-time-extraction --deployment-aware-processing --validate-assistant-intents --no-app-shortcuts-localization
2026-09-13 12:54:22.584 appintentsmetadataprocessor[47602:27191729] Starting appintentsmetadataprocessor export
2026-09-13 12:54:22.588 appintentsmetadataprocessor[47602:27191729] warning: Metadata extraction skipped. No AppIntents.framework dependency found.

CopySwiftLibs /tmp/web-studio-adaptive/Build/Products/Debug/Web\ Studio.app (in target 'Web Studio' from project 'Web Studio')
    cd /Users/huaodong/workspace/Web\ Studio
    builtin-swiftStdLibTool --copy --verbose --sign - --scan-executable /tmp/web-studio-adaptive/Build/Products/Debug/Web\ Studio.app/Contents/MacOS/Web\ Studio.debug.dylib --scan-folder /tmp/web-studio-adaptive/Build/Products/Debug/Web\ Studio.app/Contents/Frameworks --scan-folder /tmp/web-studio-adaptive/Build/Products/Debug/Web\ Studio.app/Contents/PlugIns --scan-folder /tmp/web-studio-adaptive/Build/Products/Debug/Web\ Studio.app/Contents/Library/SystemExtensions --scan-folder /tmp/web-studio-adaptive/Build/Products/Debug/Web\ Studio.app/Contents/Extensions --platform macosx --toolchain /var/run/com.apple.security.cryptexd/mnt/com.apple.MobileAsset.MetalToolchain-v17.6.109.0.Bidh73/Metal.xctoolchain --toolchain /Applications/Xcode.app/Contents/Developer/Toolchains/XcodeDefault.xctoolchain --destination /tmp/web-studio-adaptive/Build/Products/Debug/Web\ Studio.app/Contents/Frameworks --strip-bitcode --strip-bitcode-tool /Applications/Xcode.app/Contents/Developer/Toolchains/XcodeDefault.xctoolchain/usr/bin/bitcode_strip --emit-dependency-info /tmp/web-studio-adaptive/Build/Intermediates.noindex/Web\ Studio.build/Debug/Web\ Studio.build/SwiftStdLibToolInputDependencies.dep --filter-for-swift-os

SwiftDriver Web\ StudioTests normal arm64 com.apple.xcode.tools.swift.compiler (in target 'Web StudioTests' from project 'Web Studio')
    cd /Users/huaodong/workspace/Web\ Studio
    builtin-SwiftDriver -- /Applications/Xcode.app/Contents/Developer/Toolchains/XcodeDefault.xctoolchain/usr/bin/swiftc -module-name Web_StudioTests -Onone @/tmp/web-studio-adaptive/Build/Intermediates.noindex/Web\ Studio.build/Debug/Web\ StudioTests.build/Objects-normal/arm64/Web\ StudioTests.SwiftFileList -DDEBUG -plugin-path /Applications/Xcode.app/Contents/Developer/Toolchains/XcodeDefault.xctoolchain/usr/lib/swift/host/plugins/testing -enable-bare-slash-regex -enable-upcoming-feature DisableOutwardActorInference -enable-upcoming-feature InferSendableFromCaptures -enable-upcoming-feature GlobalActorIsolatedTypesUsability -enable-upcoming-feature MemberImportVisibility -enable-upcoming-feature InferIsolatedConformances -enable-upcoming-feature NonisolatedNonsendingByDefault -enable-experimental-feature DebugDescriptionMacro -sdk /Applications/Xcode.app/Contents/Developer/Platforms/MacOSX.platform/Developer/SDKs/MacOSX26.5.sdk -target arm64-apple-macos26.5 -g -module-cache-path /tmp/web-studio-adaptive/ModuleCache.noindex -Xfrontend -serialize-debugging-options -profile-coverage-mapping -profile-generate -enable-testing -index-store-path /tmp/web-studio-adaptive/Index.noindex/DataStore -Xcc -D_LIBCPP_HARDENING_MODE\=_LIBCPP_HARDENING_MODE_DEBUG -swift-version 5 -I /tmp/web-studio-adaptive/Build/Products/Debug -Isystem /Applications/Xcode.app/Contents/Developer/Platforms/MacOSX.platform/Developer/usr/lib -F /tmp/web-studio-adaptive/Build/Products/Debug/PackageFrameworks -F /tmp/web-studio-adaptive/Build/Products/Debug -F /Applications/Xcode.app/Contents/Developer/Platforms/MacOSX.platform/Developer/Library/Frameworks -c -j10 -enable-batch-mode -incremental -Xcc -ivfsstatcache -Xcc /tmp/web-studio-adaptive/SDKStatCaches.noindex/macosx26.5-25F70-688ef53f1462e2c8f657fdc38a81448fe082c4a02f00227109f4ed75e425c832.sdkstatcache -output-file-map /tmp/web-studio-adaptive/Build/Intermediates.noindex/Web\ Studio.build/Debug/Web\ StudioTests.build/Objects-normal/arm64/Web\ StudioTests-OutputFileMap.json -use-frontend-parseable-output -save-temps -no-color-diagnostics -explicit-module-build -module-cache-path /tmp/web-studio-adaptive/Build/Intermediates.noindex/SwiftExplicitPrecompiledModules -clang-scanner-module-cache-path /tmp/web-studio-adaptive/ModuleCache.noindex -sdk-module-cache-path /tmp/web-studio-adaptive/ModuleCache.noindex -serialize-diagnostics -emit-dependencies -emit-module -emit-module-path /tmp/web-studio-adaptive/Build/Intermediates.noindex/Web\ Studio.build/Debug/Web\ StudioTests.build/Objects-normal/arm64/Web_StudioTests.swiftmodule -validate-clang-modules-once -clang-build-session-file /tmp/web-studio-adaptive/ModuleCache.noindex/Session.modulevalidation -Xcc -I/tmp/web-studio-adaptive/Build/Intermediates.noindex/Web\ Studio.build/Debug/Web\ StudioTests.build/swift-overrides.hmap -emit-const-values -Xfrontend -const-gather-protocols-file -Xfrontend /tmp/web-studio-adaptive/Build/Intermediates.noindex/Web\ Studio.build/Debug/Web\ StudioTests.build/Objects-normal/arm64/Web\ StudioTests_const_extract_protocols.json -Xcc -iquote -Xcc /tmp/web-studio-adaptive/Build/Intermediates.noindex/Web\ Studio.build/Debug/Web\ StudioTests.build/Web\ StudioTests-generated-files.hmap -Xcc -I/tmp/web-studio-adaptive/Build/Intermediates.noindex/Web\ Studio.build/Debug/Web\ StudioTests.build/Web\ StudioTests-own-target-headers.hmap -Xcc -I/tmp/web-studio-adaptive/Build/Intermediates.noindex/Web\ Studio.build/Debug/Web\ StudioTests.build/Web\ StudioTests-all-non-framework-target-headers.hmap -Xcc -ivfsoverlay -Xcc /tmp/web-studio-adaptive/Build/Intermediates.noindex/Web\ Studio.build/Debug/Web\ Studio-05bbc44994b91f37e3585941f4bbdee6-VFS/all-product-headers.yaml -Xcc -iquote -Xcc /tmp/web-studio-adaptive/Build/Intermediates.noindex/Web\ Studio.build/Debug/Web\ StudioTests.build/Web\ StudioTests-project-headers.hmap -Xcc -I/tmp/web-studio-adaptive/Build/Products/Debug/include -Xcc -I/tmp/web-studio-adaptive/Build/Intermediates.noindex/Web\ Studio.build/Debug/Web\ StudioTests.build/DerivedSources-normal/arm64 -Xcc -I/tmp/web-studio-adaptive/Build/Intermediates.noindex/Web\ Studio.build/Debug/Web\ StudioTests.build/DerivedSources/arm64 -Xcc -I/tmp/web-studio-adaptive/Build/Intermediates.noindex/Web\ Studio.build/Debug/Web\ StudioTests.build/DerivedSources -Xcc -DDEBUG\=1 -emit-objc-header -emit-objc-header-path /tmp/web-studio-adaptive/Build/Intermediates.noindex/Web\ Studio.build/Debug/Web\ StudioTests.build/Objects-normal/arm64/Web_StudioTests-Swift.h -working-directory /Users/huaodong/workspace/Web\ Studio -experimental-emit-module-separately -disable-cmo

ProcessInfoPlistFile /tmp/web-studio-adaptive/Build/Products/Debug/Web\ Studio.app/Contents/Info.plist /tmp/web-studio-adaptive/Build/Intermediates.noindex/Web\ Studio.build/Debug/Web\ Studio.build/empty-Web\ Studio.plist (in target 'Web Studio' from project 'Web Studio')
    cd /Users/huaodong/workspace/Web\ Studio
    builtin-infoPlistUtility /tmp/web-studio-adaptive/Build/Intermediates.noindex/Web\ Studio.build/Debug/Web\ Studio.build/empty-Web\ Studio.plist -producttype com.apple.product-type.application -genpkginfo /tmp/web-studio-adaptive/Build/Products/Debug/Web\ Studio.app/Contents/PkgInfo -expandbuildsettings -platform macosx -additionalcontentfile /tmp/web-studio-adaptive/Build/Intermediates.noindex/Web\ Studio.build/Debug/Web\ Studio.build/assetcatalog_generated_info.plist -scanforprivacyfile /tmp/web-studio-adaptive/Build/Products/Debug/Web\ Studio.app/Contents/Resources/SwiftTerm_SwiftTerm.bundle -o /tmp/web-studio-adaptive/Build/Products/Debug/Web\ Studio.app/Contents/Info.plist

ProcessInfoPlistFile /tmp/web-studio-adaptive/Build/Products/Debug/Web\ Studio.app/Contents/PlugIns/Web\ StudioTests.xctest/Contents/Info.plist /tmp/web-studio-adaptive/Build/Intermediates.noindex/Web\ Studio.build/Debug/Web\ StudioTests.build/empty-Web\ StudioTests.plist (in target 'Web StudioTests' from project 'Web Studio')
    cd /Users/huaodong/workspace/Web\ Studio
    builtin-infoPlistUtility /tmp/web-studio-adaptive/Build/Intermediates.noindex/Web\ Studio.build/Debug/Web\ StudioTests.build/empty-Web\ StudioTests.plist -producttype com.apple.product-type.bundle.unit-test -expandbuildsettings -platform macosx -scanforprivacyfile /tmp/web-studio-adaptive/Build/Products/Debug/Web\ Studio.app/Contents/PlugIns/Web\ StudioTests.xctest/Contents/Resources/SwiftTerm_SwiftTerm.bundle -o /tmp/web-studio-adaptive/Build/Products/Debug/Web\ Studio.app/Contents/PlugIns/Web\ StudioTests.xctest/Contents/Info.plist

SwiftCompile normal arm64 Compiling\ AgentControllerTests.swift /Users/huaodong/workspace/Web\ Studio/Web\ StudioTests/AgentControllerTests.swift (in target 'Web StudioTests' from project 'Web Studio')

SwiftCompile normal arm64 /Users/huaodong/workspace/Web\ Studio/Web\ StudioTests/AgentControllerTests.swift (in target 'Web StudioTests' from project 'Web Studio')
    cd /Users/huaodong/workspace/Web\ Studio
    
/Users/huaodong/workspace/Web Studio/Web StudioTests/AgentControllerTests.swift:132:130: warning: main actor-isolated static method 'failure(resourceID:message:url:)' cannot be called from outside of the actor; this is an error in the Swift 6 language mode
        let controller = AgentController(store: store, configuration: try ProviderConfiguration(model: "m"), reader: { id, _ in .failure(resourceID: id, message: "read failed") })
                                                                                                                                ~^~~~~~~~~~~~~~~~~~~~~~~~~~~~~~~~~~~~~~~~~~~~~~~
                                                                                                                                await 

SwiftCompile normal arm64 Compiling\ AgentServiceTests.swift /Users/huaodong/workspace/Web\ Studio/Web\ StudioTests/AgentServiceTests.swift (in target 'Web StudioTests' from project 'Web Studio')

SwiftCompile normal arm64 /Users/huaodong/workspace/Web\ Studio/Web\ StudioTests/AgentServiceTests.swift (in target 'Web StudioTests' from project 'Web Studio')
    cd /Users/huaodong/workspace/Web\ Studio
    
/Users/huaodong/workspace/Web Studio/Web StudioTests/AgentServiceTests.swift:23:104: warning: main actor-isolated initializer 'init(endpoint:model:)' cannot be called from outside of the actor; this is an error in the Swift 6 language mode
        let endpoint = try #require(URL(string: "https://example.com/v1/responses")); let config = try ProviderConfiguration(endpoint: endpoint.absoluteString, model: "m")
                                                                                                   ~~~~^~~~~~~~~~~~~~~~~~~~~~~~~~~~~~~~~~~~~~~~~~~~~~~~~~~~~~~~~~~~~~~~~~~~
                                                                                                       await 
/Users/huaodong/workspace/Web Studio/Web StudioTests/AgentServiceTests.swift:24:23: warning: main actor-isolated initializer 'init(credentials:provider:)' cannot be called from outside of the actor; this is an error in the Swift 6 language mode
        let service = ConfiguredResponsesService(credentials: FakeCredentials(), provider: StubProvider())
                      ^~~~~~~~~~~~~~~~~~~~~~~~~~~~~~~~~~~~~~~~~~~~~~~~~~~~~~~~~~~~~~~~~~~~~~~~~~~~~~~~~~~~
                      await 
/Users/huaodong/workspace/Web Studio/Web StudioTests/AgentServiceTests.swift:29:104: warning: main actor-isolated initializer 'init(endpoint:model:)' cannot be called from outside of the actor; this is an error in the Swift 6 language mode
        let endpoint = try #require(URL(string: "https://example.com/v1/responses")); let config = try ProviderConfiguration(endpoint: endpoint.absoluteString, model: "m")
                                                                                                   ~~~~^~~~~~~~~~~~~~~~~~~~~~~~~~~~~~~~~~~~~~~~~~~~~~~~~~~~~~~~~~~~~~~~~~~~
                                                                                                       await 
/Users/huaodong/workspace/Web Studio/Web StudioTests/AgentServiceTests.swift:30:23: warning: main actor-isolated initializer 'init(credentials:provider:)' cannot be called from outside of the actor; this is an error in the Swift 6 language mode
        let service = ConfiguredResponsesService(credentials: FakeCredentials("secret"), provider: StubProvider(answer: "grounded"))
                      ^~~~~~~~~~~~~~~~~~~~~~~~~~~~~~~~~~~~~~~~~~~~~~~~~~~~~~~~~~~~~~~~~~~~~~~~~~~~~~~~~~~~~~~~~~~~~~~~~~~~~~~~~~~~~~
                      await 
/Users/huaodong/workspace/Web Studio/Web StudioTests/AgentServiceTests.swift:35:104: warning: main actor-isolated initializer 'init(endpoint:model:)' cannot be called from outside of the actor; this is an error in the Swift 6 language mode
        let endpoint = try #require(URL(string: "https://example.com/v1/responses")); let config = try ProviderConfiguration(endpoint: endpoint.absoluteString, model: "m")
                                                                                                   ~~~~^~~~~~~~~~~~~~~~~~~~~~~~~~~~~~~~~~~~~~~~~~~~~~~~~~~~~~~~~~~~~~~~~~~~
                                                                                                       await 
/Users/huaodong/workspace/Web Studio/Web StudioTests/AgentServiceTests.swift:36:41: warning: main actor-isolated initializer 'init(resourceID:collectedAt:text:isTruncated:errorMessage:sourceURL:title:range:knownDirectory:lifecycle:runtimeErrorMessage:)' cannot be called from outside of the actor; this is an error in the Swift 6 language mode
        let id = UUID(); let snapshot = ResourceSnapshot(resourceID: id, collectedAt: Date(timeIntervalSince1970: 1), text: "selected", isTruncated: false, errorMessage: nil, sourceURL: endpoint, title: "Source", range: 0..<8)
                                        ^~~~~~~~~~~~~~~~~~~~~~~~~~~~~~~~~~~~~~~~~~~~~~~~~~~~~~~~~~~~~~~~~~~~~~~~~~~~~~~~~~~~~~~~~~~~~~~~~~~~~~~~~~~~~~~~~~~~~~~~~~~~~~~~~~~~~~~~~~~~~~~~~~~~~~~~~~~~~~~~~~~~~~~~~~~~~~~~~~~~~~~~~~
                                        await 
/Users/huaodong/workspace/Web Studio/Web StudioTests/AgentServiceTests.swift:53:104: warning: main actor-isolated initializer 'init(endpoint:model:)' cannot be called from outside of the actor; this is an error in the Swift 6 language mode
        let endpoint = try #require(URL(string: "https://example.com/v1/responses")); let config = try ProviderConfiguration(endpoint: endpoint.absoluteString, model: "m"); let req = AgentRequest(question: "q", snapshots: [], configuration: config)
                                                                                                   ~~~~^~~~~~~~~~~~~~~~~~~~~~~~~~~~~~~~~~~~~~~~~~~~~~~~~~~~~~~~~~~~~~~~~~~~
                                                                                                       await 
/Users/huaodong/workspace/Web Studio/Web StudioTests/AgentServiceTests.swift:54:169: warning: main actor-isolated initializer 'init(session:)' cannot be called from outside of the actor; this is an error in the Swift 6 language mode
        let session = URLSession(configuration: { let c = URLSessionConfiguration.ephemeral; c.protocolClasses = [ScriptedProtocol.self]; return c }()); let provider = URLSessionResponsesProvider(session: session)
                                                                                                                                                                        ^~~~~~~~~~~~~~~~~~~~~~~~~~~~~~~~~~~~~~~~~~~~~
                                                                                                                                                                        await 
/Users/huaodong/workspace/Web Studio/Web StudioTests/AgentServiceTests.swift:62:26: warning: main actor-isolated initializer 'init(endpoint:model:)' cannot be called from outside of the actor; this is an error in the Swift 6 language mode
        let config = try ProviderConfiguration(endpoint: "https://example.com/v1/responses", model: "m")
                     ~~~~^~~~~~~~~~~~~~~~~~~~~~~~~~~~~~~~~~~~~~~~~~~~~~~~~~~~~~~~~~~~~~~~~~~~~~~~~~~~~~~
                         await 
/Users/huaodong/workspace/Web Studio/Web StudioTests/AgentServiceTests.swift:65:24: warning: main actor-isolated initializer 'init(session:)' cannot be called from outside of the actor; this is an error in the Swift 6 language mode
        let provider = URLSessionResponsesProvider(session: session)
                       ^~~~~~~~~~~~~~~~~~~~~~~~~~~~~~~~~~~~~~~~~~~~~
                       await 
/Users/huaodong/workspace/Web Studio/Web StudioTests/AgentServiceTests.swift:75:26: warning: main actor-isolated initializer 'init(endpoint:model:)' cannot be called from outside of the actor; this is an error in the Swift 6 language mode
        let config = try ProviderConfiguration(endpoint: "https://example.com/v1/responses", model: "m")
                     ~~~~^~~~~~~~~~~~~~~~~~~~~~~~~~~~~~~~~~~~~~~~~~~~~~~~~~~~~~~~~~~~~~~~~~~~~~~~~~~~~~~
                         await 
/Users/huaodong/workspace/Web Studio/Web StudioTests/AgentServiceTests.swift:77:24: warning: main actor-isolated initializer 'init(session:)' cannot be called from outside of the actor; this is an error in the Swift 6 language mode
        let provider = URLSessionResponsesProvider(session: URLSession(configuration: .ephemeral))
                       ^~~~~~~~~~~~~~~~~~~~~~~~~~~~~~~~~~~~~~~~~~~~~~~~~~~~~~~~~~~~~~~~~~~~~~~~~~~
                       await 
/Users/huaodong/workspace/Web Studio/Web StudioTests/AgentServiceTests.swift:82:24: warning: main actor-isolated initializer 'init(session:)' cannot be called from outside of the actor; this is an error in the Swift 6 language mode
        let provider = URLSessionResponsesProvider(session: URLSession(configuration: .ephemeral))
                       ^~~~~~~~~~~~~~~~~~~~~~~~~~~~~~~~~~~~~~~~~~~~~~~~~~~~~~~~~~~~~~~~~~~~~~~~~~~
                       await 
/Users/huaodong/workspace/Web Studio/Web StudioTests/AgentServiceTests.swift:83:18: warning: main actor-isolated instance method 'urlSession(_:task:willPerformHTTPRedirection:newRequest:completionHandler:)' cannot be called from outside of the actor; this is an error in the Swift 6 language mode
        provider.urlSession(URLSession.shared, task: URLSession.shared.dataTask(with: URL(string: "https://example.com")!), willPerformHTTPRedirection: HTTPURLResponse(url: URL(string: "https://example.com")!, statusCode: 302, httpVersion: nil, headerFields: nil)!, newRequest: URLRequest(url: URL(string: "https://other.example")!)) { request in
        ~~~~~~~~~^~~~~~~~~~~~~~~~~~~~~~~~~~~~~~~~~~~~~~~~~~~~~~~~~~~~~~~~~~~~~~~~~~~~~~~~~~~~~~~~~~~~~~~~~~~~~~~~~~~~~~~~~~~~~~~~~~~~~~~~~~~~~~~~~~~~~~~~~~~~~~~~~~~~~~~~~~~~~~~~~~~~~~~~~~~~~~~~~~~~~~~~~~~~~~~~~~~~~~~~~~~~~~~~~~~~~~~~~~~~~~~~~~~~~~~~~~~~~~~~~~~~~~~~~~~~~~~~~~~~~~~~~~~~~~~~~~~~~~~~~~~~~~~~~~~~~~~~~~~~~~~~~~~~~~~~~~~~~~~~~~~~~~~~~
        await 
/Users/huaodong/workspace/Web Studio/Web StudioTests/AgentServiceTests.swift:89:26: warning: main actor-isolated initializer 'init(endpoint:model:)' cannot be called from outside of the actor; this is an error in the Swift 6 language mode
        let config = try ProviderConfiguration(endpoint: "https://example.com/v1/responses", model: "m")
                     ~~~~^~~~~~~~~~~~~~~~~~~~~~~~~~~~~~~~~~~~~~~~~~~~~~~~~~~~~~~~~~~~~~~~~~~~~~~~~~~~~~~
                         await 
/Users/huaodong/workspace/Web Studio/Web StudioTests/AgentServiceTests.swift:94:24: warning: main actor-isolated initializer 'init(session:)' cannot be called from outside of the actor; this is an error in the Swift 6 language mode
        let provider = URLSessionResponsesProvider(session: URLSession(configuration: configuration))
                       ^~~~~~~~~~~~~~~~~~~~~~~~~~~~~~~~~~~~~~~~~~~~~~~~~~~~~~~~~~~~~~~~~~~~~~~~~~~~~~
                       await 
/Users/huaodong/workspace/Web Studio/Web StudioTests/AgentServiceTests.swift:106:21: warning: main actor-isolated initializer 'init()' cannot be called from outside of the actor; this is an error in the Swift 6 language mode
        let store = KeychainCredentialStore()
                    ^~~~~~~~~~~~~~~~~~~~~~~~~
                    await 

SwiftCompile normal arm64 Compiling\ PageChromeTests.swift /Users/huaodong/workspace/Web\ Studio/Web\ StudioTests/PageChromeTests.swift (in target 'Web StudioTests' from project 'Web Studio')

SwiftCompile normal arm64 /Users/huaodong/workspace/Web\ Studio/Web\ StudioTests/PageChromeTests.swift (in target 'Web StudioTests' from project 'Web Studio')
    cd /Users/huaodong/workspace/Web\ Studio
    

SwiftCompile normal arm64 Compiling\ ProviderSettingsTests.swift /Users/huaodong/workspace/Web\ Studio/Web\ StudioTests/ProviderSettingsTests.swift (in target 'Web StudioTests' from project 'Web Studio')

SwiftCompile normal arm64 /Users/huaodong/workspace/Web\ Studio/Web\ StudioTests/ProviderSettingsTests.swift (in target 'Web StudioTests' from project 'Web Studio')
    cd /Users/huaodong/workspace/Web\ Studio
    

SwiftCompile normal arm64 Compiling\ ResourceReadTests.swift /Users/huaodong/workspace/Web\ Studio/Web\ StudioTests/ResourceReadTests.swift (in target 'Web StudioTests' from project 'Web Studio')

SwiftCompile normal arm64 /Users/huaodong/workspace/Web\ Studio/Web\ StudioTests/ResourceReadTests.swift (in target 'Web StudioTests' from project 'Web Studio')
    cd /Users/huaodong/workspace/Web\ Studio
    
/Users/huaodong/workspace/Web Studio/Web StudioTests/ResourceReadTests.swift:121:86: warning: '#expect(_:_:)' will always fail here; use 'Bool(false)' to silence this warning (from macro 'expect')
        if case .ssh = model.webRuntimes.records[sshID]?.location { } else { #expect(false) }
                                                                                     ^~~~~

SwiftCompile normal arm64 Compiling\ Web_StudioTests.swift /Users/huaodong/workspace/Web\ Studio/Web\ StudioTests/Web_StudioTests.swift (in target 'Web StudioTests' from project 'Web Studio')
SwiftCompile normal arm64 /Users/huaodong/workspace/Web\ Studio/Web\ StudioTests/Web_StudioTests.swift (in target 'Web StudioTests' from project 'Web Studio')
    cd /Users/huaodong/workspace/Web\ Studio
    
@__swiftmacro_15Web_StudioTests0026Web_StudioTestsswift_DsAGgfMX287_8_6expectfMf_.swift:1:93: warning: main actor-isolated conformance of 'WebTabRuntime.NavigationRoute' to 'Equatable' cannot be used in nonisolated context; this is an error in the Swift 6 language mode
Testing.__checkBinaryOperation(WebTabRuntime.route(for: page, isLinkActivation: false),{ $0 == $1() },.allow,expression: .__fromBinaryOperation(.__fromSyntaxNode("WebTabRuntime.route(for: page, isLinkActivation: false)"),"==",.__fromSyntaxNode(".allow")),comments: [],isRequired: false,sourceLocation: Testing.SourceLocation.__here()).__expected()
                                                                                            ^
/Users/huaodong/workspace/Web Studio/Web StudioTests/Web_StudioTests.swift:288:9: note: in expansion of macro 'expect' here
        #expect(WebTabRuntime.route(for: page, isLinkActivation: false) == .allow)
        ^~~~~~~~~~~~~~~~~~~~~~~~~~~~~~~~~~~~~~~~~~~~~~~~~~~~~~~~~~~~~~~~~~~~~~~~~~
/Users/huaodong/workspace/Web Studio/Web StudioTests/Web_StudioTests.swift:288:9: note: in expansion of macro 'expect' here
        #expect(WebTabRuntime.route(for: page, isLinkActivation: false) == .allow)
        ^~~~~~~~~~~~~~~~~~~~~~~~~~~~~~~~~~~~~~~~~~~~~~~~~~~~~~~~~~~~~~~~~~~~~~~~~~
@__swiftmacro_15Web_StudioTests0026Web_StudioTestsswift_DsAGgfMX289_8_6expectfMf0_.swift:1:94: warning: main actor-isolated conformance of 'WebTabRuntime.NavigationRoute' to 'Equatable' cannot be used in nonisolated context; this is an error in the Swift 6 language mode
Testing.__checkBinaryOperation(WebTabRuntime.route(for: blank, isLinkActivation: false),{ $0 == $1() },.allow,expression: .__fromBinaryOperation(.__fromSyntaxNode("WebTabRuntime.route(for: blank, isLinkActivation: false)"),"==",.__fromSyntaxNode(".allow")),comments: [],isRequired: false,sourceLocation: Testing.SourceLocation.__here()).__expected()
                                                                                             ^
/Users/huaodong/workspace/Web Studio/Web StudioTests/Web_StudioTests.swift:290:9: note: in expansion of macro 'expect' here
        #expect(WebTabRuntime.route(for: blank, isLinkActivation: false) == .allow)
        ^~~~~~~~~~~~~~~~~~~~~~~~~~~~~~~~~~~~~~~~~~~~~~~~~~~~~~~~~~~~~~~~~~~~~~~~~~~
/Users/huaodong/workspace/Web Studio/Web StudioTests/Web_StudioTests.swift:290:9: note: in expansion of macro 'expect' here
        #expect(WebTabRuntime.route(for: blank, isLinkActivation: false) == .allow)
        ^~~~~~~~~~~~~~~~~~~~~~~~~~~~~~~~~~~~~~~~~~~~~~~~~~~~~~~~~~~~~~~~~~~~~~~~~~~
@__swiftmacro_15Web_StudioTests0026Web_StudioTestsswift_DsAGgfMX292_8_6expectfMf1_.swift:1:92: warning: main actor-isolated conformance of 'WebTabRuntime.NavigationRoute' to 'Equatable' cannot be used in nonisolated context; this is an error in the Swift 6 language mode
Testing.__checkBinaryOperation(WebTabRuntime.route(for: mail, isLinkActivation: true),{ $0 == $1() },.openExternally,expression: .__fromBinaryOperation(.__fromSyntaxNode("WebTabRuntime.route(for: mail, isLinkActivation: true)"),"==",.__fromSyntaxNode(".openExternally")),comments: [],isRequired: false,sourceLocation: Testing.SourceLocation.__here()).__expected()
                                                                                           ^
/Users/huaodong/workspace/Web Studio/Web StudioTests/Web_StudioTests.swift:293:9: note: in expansion of macro 'expect' here
        #expect(WebTabRuntime.route(for: mail, isLinkActivation: true) == .openExternally)
        ^~~~~~~~~~~~~~~~~~~~~~~~~~~~~~~~~~~~~~~~~~~~~~~~~~~~~~~~~~~~~~~~~~~~~~~~~~~~~~~~~~
/Users/huaodong/workspace/Web Studio/Web StudioTests/Web_StudioTests.swift:293:9: note: in expansion of macro 'expect' here
        #expect(WebTabRuntime.route(for: mail, isLinkActivation: true) == .openExternally)
        ^~~~~~~~~~~~~~~~~~~~~~~~~~~~~~~~~~~~~~~~~~~~~~~~~~~~~~~~~~~~~~~~~~~~~~~~~~~~~~~~~~
@__swiftmacro_15Web_StudioTests0026Web_StudioTestsswift_DsAGgfMX294_8_6expectfMf2_.swift:1:93: warning: main actor-isolated conformance of 'WebTabRuntime.NavigationRoute' to 'Equatable' cannot be used in nonisolated context; this is an error in the Swift 6 language mode
Testing.__checkBinaryOperation(WebTabRuntime.route(for: mail, isLinkActivation: false),{ $0 == $1() },.cancel,expression: .__fromBinaryOperation(.__fromSyntaxNode("WebTabRuntime.route(for: mail, isLinkActivation: false)"),"==",.__fromSyntaxNode(".cancel")),comments: [.__line("// Same scheme without a click is a page-driven app launch, so it is refused.")],isRequired: false,sourceLocation: Testing.SourceLocation.__here()).__expected()
                                                                                            ^
/Users/huaodong/workspace/Web Studio/Web StudioTests/Web_StudioTests.swift:295:9: note: in expansion of macro 'expect' here
        #expect(WebTabRuntime.route(for: mail, isLinkActivation: false) == .cancel)
        ^~~~~~~~~~~~~~~~~~~~~~~~~~~~~~~~~~~~~~~~~~~~~~~~~~~~~~~~~~~~~~~~~~~~~~~~~~~
/Users/huaodong/workspace/Web Studio/Web StudioTests/Web_StudioTests.swift:295:9: note: in expansion of macro 'expect' here
        #expect(WebTabRuntime.route(for: mail, isLinkActivation: false) == .cancel)
        ^~~~~~~~~~~~~~~~~~~~~~~~~~~~~~~~~~~~~~~~~~~~~~~~~~~~~~~~~~~~~~~~~~~~~~~~~~~
@__swiftmacro_15Web_StudioTests0026Web_StudioTestsswift_DsAGgfMX297_8_6expectfMf3_.swift:1:95: warning: main actor-isolated conformance of 'WebTabRuntime.NavigationRoute' to 'Equatable' cannot be used in nonisolated context; this is an error in the Swift 6 language mode
Testing.__checkBinaryOperation(WebTabRuntime.route(for: unknown, isLinkActivation: true),{ $0 == $1() },.cancel,expression: .__fromBinaryOperation(.__fromSyntaxNode("WebTabRuntime.route(for: unknown, isLinkActivation: true)"),"==",.__fromSyntaxNode(".cancel")),comments: [],isRequired: false,sourceLocation: Testing.SourceLocation.__here()).__expected()
                                                                                              ^
/Users/huaodong/workspace/Web Studio/Web StudioTests/Web_StudioTests.swift:298:9: note: in expansion of macro 'expect' here
        #expect(WebTabRuntime.route(for: unknown, isLinkActivation: true) == .cancel)
        ^~~~~~~~~~~~~~~~~~~~~~~~~~~~~~~~~~~~~~~~~~~~~~~~~~~~~~~~~~~~~~~~~~~~~~~~~~~~~
/Users/huaodong/workspace/Web Studio/Web StudioTests/Web_StudioTests.swift:298:9: note: in expansion of macro 'expect' here
        #expect(WebTabRuntime.route(for: unknown, isLinkActivation: true) == .cancel)
        ^~~~~~~~~~~~~~~~~~~~~~~~~~~~~~~~~~~~~~~~~~~~~~~~~~~~~~~~~~~~~~~~~~~~~~~~~~~~~
@__swiftmacro_15Web_StudioTests0026Web_StudioTestsswift_DsAGgfMX299_8_6expectfMf4_.swift:1:92: warning: main actor-isolated conformance of 'WebTabRuntime.NavigationRoute' to 'Equatable' cannot be used in nonisolated context; this is an error in the Swift 6 language mode
Testing.__checkBinaryOperation(WebTabRuntime.route(for: file, isLinkActivation: true),{ $0 == $1() },.cancel,expression: .__fromBinaryOperation(.__fromSyntaxNode("WebTabRuntime.route(for: file, isLinkActivation: true)"),"==",.__fromSyntaxNode(".cancel")),comments: [],isRequired: false,sourceLocation: Testing.SourceLocation.__here()).__expected()
                                                                                           ^
/Users/huaodong/workspace/Web Studio/Web StudioTests/Web_StudioTests.swift:300:9: note: in expansion of macro 'expect' here
        #expect(WebTabRuntime.route(for: file, isLinkActivation: true) == .cancel)
        ^~~~~~~~~~~~~~~~~~~~~~~~~~~~~~~~~~~~~~~~~~~~~~~~~~~~~~~~~~~~~~~~~~~~~~~~~~
/Users/huaodong/workspace/Web Studio/Web StudioTests/Web_StudioTests.swift:300:9: note: in expansion of macro 'expect' here
        #expect(WebTabRuntime.route(for: file, isLinkActivation: true) == .cancel)
        ^~~~~~~~~~~~~~~~~~~~~~~~~~~~~~~~~~~~~~~~~~~~~~~~~~~~~~~~~~~~~~~~~~~~~~~~~~
/Users/huaodong/workspace/Web Studio/Web StudioTests/Web_StudioTests.swift:667:13: warning: initialization of immutable value 'resource' was never used; consider replacing with assignment to '_' or removing it
        let resource = model.selectedTabID
        ~~~~^~~~~~~~
        _
/Users/huaodong/workspace/Web Studio/Web StudioTests/Web_StudioTests.swift:705:110: warning: '#require(_:_:)' is redundant because 'URL(string: "https://example.com")' never equals 'nil' (from macro 'require')
        let source = model.webRuntimes.registerWeb(groupID: model.selectedGroupID, destination: try #require(URL(string: "https://example.com")))
                                                                                                             ^~~~~~~~~~~~~~~~~~~~~~~~~~~~~~~~~~

SwiftCompile normal arm64 Compiling\ TerminalTests.swift /Users/huaodong/workspace/Web\ Studio/Web\ StudioTests/TerminalTests.swift (in target 'Web StudioTests' from project 'Web Studio')

SwiftCompile normal arm64 /Users/huaodong/workspace/Web\ Studio/Web\ StudioTests/TerminalTests.swift (in target 'Web StudioTests' from project 'Web Studio')
    cd /Users/huaodong/workspace/Web\ Studio
    
/Users/huaodong/workspace/Web Studio/Web StudioTests/TerminalTests.swift:27:90: warning: '#expect(_:_:)' will always fail here; use 'Bool(false)' to silence this warning (from macro 'expect')
        if case .exited(let code) = terminal.state { #expect(code == 7) } else { #expect(false) }
                                                                                         ^~~~~
/Users/huaodong/workspace/Web Studio/Web StudioTests/TerminalTests.swift:77:108: warning: '#expect(_:_:)' will always fail here; use 'Bool(false)' to silence this warning (from macro 'expect')
        if case .interrupted = terminal.state { } else if case .failed = terminal.state { } else { #expect(false) }
                                                                                                           ^~~~~

SwiftCompile normal arm64 Compiling\ CredentialIntegrationTests.swift /Users/huaodong/workspace/Web\ Studio/Web\ StudioTests/CredentialIntegrationTests.swift (in target 'Web StudioTests' from project 'Web Studio')

SwiftCompile normal arm64 /Users/huaodong/workspace/Web\ Studio/Web\ StudioTests/CredentialIntegrationTests.swift (in target 'Web StudioTests' from project 'Web Studio')
    cd /Users/huaodong/workspace/Web\ Studio
    
/Users/huaodong/workspace/Web Studio/Web StudioTests/CredentialIntegrationTests.swift:9:21: warning: main actor-isolated initializer 'init()' cannot be called from outside of the actor; this is an error in the Swift 6 language mode
        let store = KeychainCredentialStore()
                    ^~~~~~~~~~~~~~~~~~~~~~~~~
                    await 

SwiftEmitModule normal arm64 Emitting\ module\ for\ Web_StudioTests (in target 'Web StudioTests' from project 'Web Studio')

EmitSwiftModule normal arm64 (in target 'Web StudioTests' from project 'Web Studio')
    cd /Users/huaodong/workspace/Web\ Studio
    

SwiftDriverJobDiscovery normal arm64 Compiling CredentialIntegrationTests.swift (in target 'Web StudioTests' from project 'Web Studio')

SwiftDriverJobDiscovery normal arm64 Compiling PageChromeTests.swift (in target 'Web StudioTests' from project 'Web Studio')

SwiftDriverJobDiscovery normal arm64 Compiling TerminalTests.swift (in target 'Web StudioTests' from project 'Web Studio')

SwiftDriverJobDiscovery normal arm64 Compiling ProviderSettingsTests.swift (in target 'Web StudioTests' from project 'Web Studio')

SwiftDriverJobDiscovery normal arm64 Emitting module for Web_StudioTests (in target 'Web StudioTests' from project 'Web Studio')

SwiftDriver\ Compilation\ Requirements Web\ StudioTests normal arm64 com.apple.xcode.tools.swift.compiler (in target 'Web StudioTests' from project 'Web Studio')
    cd /Users/huaodong/workspace/Web\ Studio
    builtin-Swift-Compilation-Requirements -- /Applications/Xcode.app/Contents/Developer/Toolchains/XcodeDefault.xctoolchain/usr/bin/swiftc -module-name Web_StudioTests -Onone @/tmp/web-studio-adaptive/Build/Intermediates.noindex/Web\ Studio.build/Debug/Web\ StudioTests.build/Objects-normal/arm64/Web\ StudioTests.SwiftFileList -DDEBUG -plugin-path /Applications/Xcode.app/Contents/Developer/Toolchains/XcodeDefault.xctoolchain/usr/lib/swift/host/plugins/testing -enable-bare-slash-regex -enable-upcoming-feature DisableOutwardActorInference -enable-upcoming-feature InferSendableFromCaptures -enable-upcoming-feature GlobalActorIsolatedTypesUsability -enable-upcoming-feature MemberImportVisibility -enable-upcoming-feature InferIsolatedConformances -enable-upcoming-feature NonisolatedNonsendingByDefault -enable-experimental-feature DebugDescriptionMacro -sdk /Applications/Xcode.app/Contents/Developer/Platforms/MacOSX.platform/Developer/SDKs/MacOSX26.5.sdk -target arm64-apple-macos26.5 -g -module-cache-path /tmp/web-studio-adaptive/ModuleCache.noindex -Xfrontend -serialize-debugging-options -profile-coverage-mapping -profile-generate -enable-testing -index-store-path /tmp/web-studio-adaptive/Index.noindex/DataStore -Xcc -D_LIBCPP_HARDENING_MODE\=_LIBCPP_HARDENING_MODE_DEBUG -swift-version 5 -I /tmp/web-studio-adaptive/Build/Products/Debug -Isystem /Applications/Xcode.app/Contents/Developer/Platforms/MacOSX.platform/Developer/usr/lib -F /tmp/web-studio-adaptive/Build/Products/Debug/PackageFrameworks -F /tmp/web-studio-adaptive/Build/Products/Debug -F /Applications/Xcode.app/Contents/Developer/Platforms/MacOSX.platform/Developer/Library/Frameworks -c -j10 -enable-batch-mode -incremental -Xcc -ivfsstatcache -Xcc /tmp/web-studio-adaptive/SDKStatCaches.noindex/macosx26.5-25F70-688ef53f1462e2c8f657fdc38a81448fe082c4a02f00227109f4ed75e425c832.sdkstatcache -output-file-map /tmp/web-studio-adaptive/Build/Intermediates.noindex/Web\ Studio.build/Debug/Web\ StudioTests.build/Objects-normal/arm64/Web\ StudioTests-OutputFileMap.json -use-frontend-parseable-output -save-temps -no-color-diagnostics -explicit-module-build -module-cache-path /tmp/web-studio-adaptive/Build/Intermediates.noindex/SwiftExplicitPrecompiledModules -clang-scanner-module-cache-path /tmp/web-studio-adaptive/ModuleCache.noindex -sdk-module-cache-path /tmp/web-studio-adaptive/ModuleCache.noindex -serialize-diagnostics -emit-dependencies -emit-module -emit-module-path /tmp/web-studio-adaptive/Build/Intermediates.noindex/Web\ Studio.build/Debug/Web\ StudioTests.build/Objects-normal/arm64/Web_StudioTests.swiftmodule -validate-clang-modules-once -clang-build-session-file /tmp/web-studio-adaptive/ModuleCache.noindex/Session.modulevalidation -Xcc -I/tmp/web-studio-adaptive/Build/Intermediates.noindex/Web\ Studio.build/Debug/Web\ StudioTests.build/swift-overrides.hmap -emit-const-values -Xfrontend -const-gather-protocols-file -Xfrontend /tmp/web-studio-adaptive/Build/Intermediates.noindex/Web\ Studio.build/Debug/Web\ StudioTests.build/Objects-normal/arm64/Web\ StudioTests_const_extract_protocols.json -Xcc -iquote -Xcc /tmp/web-studio-adaptive/Build/Intermediates.noindex/Web\ Studio.build/Debug/Web\ StudioTests.build/Web\ StudioTests-generated-files.hmap -Xcc -I/tmp/web-studio-adaptive/Build/Intermediates.noindex/Web\ Studio.build/Debug/Web\ StudioTests.build/Web\ StudioTests-own-target-headers.hmap -Xcc -I/tmp/web-studio-adaptive/Build/Intermediates.noindex/Web\ Studio.build/Debug/Web\ StudioTests.build/Web\ StudioTests-all-non-framework-target-headers.hmap -Xcc -ivfsoverlay -Xcc /tmp/web-studio-adaptive/Build/Intermediates.noindex/Web\ Studio.build/Debug/Web\ Studio-05bbc44994b91f37e3585941f4bbdee6-VFS/all-product-headers.yaml -Xcc -iquote -Xcc /tmp/web-studio-adaptive/Build/Intermediates.noindex/Web\ Studio.build/Debug/Web\ StudioTests.build/Web\ StudioTests-project-headers.hmap -Xcc -I/tmp/web-studio-adaptive/Build/Products/Debug/include -Xcc -I/tmp/web-studio-adaptive/Build/Intermediates.noindex/Web\ Studio.build/Debug/Web\ StudioTests.build/DerivedSources-normal/arm64 -Xcc -I/tmp/web-studio-adaptive/Build/Intermediates.noindex/Web\ Studio.build/Debug/Web\ StudioTests.build/DerivedSources/arm64 -Xcc -I/tmp/web-studio-adaptive/Build/Intermediates.noindex/Web\ Studio.build/Debug/Web\ StudioTests.build/DerivedSources -Xcc -DDEBUG\=1 -emit-objc-header -emit-objc-header-path /tmp/web-studio-adaptive/Build/Intermediates.noindex/Web\ Studio.build/Debug/Web\ StudioTests.build/Objects-normal/arm64/Web_StudioTests-Swift.h -working-directory /Users/huaodong/workspace/Web\ Studio -experimental-emit-module-separately -disable-cmo

Copy /tmp/web-studio-adaptive/Build/Products/Debug/Web_StudioTests.swiftmodule/arm64-apple-macos.abi.json /tmp/web-studio-adaptive/Build/Intermediates.noindex/Web\ Studio.build/Debug/Web\ StudioTests.build/Objects-normal/arm64/Web_StudioTests.abi.json (in target 'Web StudioTests' from project 'Web Studio')
    cd /Users/huaodong/workspace/Web\ Studio
    builtin-copy -exclude .DS_Store -exclude CVS -exclude .svn -exclude .git -exclude .hg -resolve-src-symlinks -rename /tmp/web-studio-adaptive/Build/Intermediates.noindex/Web\ Studio.build/Debug/Web\ StudioTests.build/Objects-normal/arm64/Web_StudioTests.abi.json /tmp/web-studio-adaptive/Build/Products/Debug/Web_StudioTests.swiftmodule/arm64-apple-macos.abi.json

SwiftDriverJobDiscovery normal arm64 Compiling AgentServiceTests.swift (in target 'Web StudioTests' from project 'Web Studio')

SwiftDriverJobDiscovery normal arm64 Compiling ResourceReadTests.swift (in target 'Web StudioTests' from project 'Web Studio')

SwiftDriverJobDiscovery normal arm64 Compiling AgentControllerTests.swift (in target 'Web StudioTests' from project 'Web Studio')

SwiftDriverJobDiscovery normal arm64 Compiling Web_StudioTests.swift (in target 'Web StudioTests' from project 'Web Studio')

SwiftDriver\ Compilation Web\ StudioTests normal arm64 com.apple.xcode.tools.swift.compiler (in target 'Web StudioTests' from project 'Web Studio')
    cd /Users/huaodong/workspace/Web\ Studio
    builtin-Swift-Compilation -- /Applications/Xcode.app/Contents/Developer/Toolchains/XcodeDefault.xctoolchain/usr/bin/swiftc -module-name Web_StudioTests -Onone @/tmp/web-studio-adaptive/Build/Intermediates.noindex/Web\ Studio.build/Debug/Web\ StudioTests.build/Objects-normal/arm64/Web\ StudioTests.SwiftFileList -DDEBUG -plugin-path /Applications/Xcode.app/Contents/Developer/Toolchains/XcodeDefault.xctoolchain/usr/lib/swift/host/plugins/testing -enable-bare-slash-regex -enable-upcoming-feature DisableOutwardActorInference -enable-upcoming-feature InferSendableFromCaptures -enable-upcoming-feature GlobalActorIsolatedTypesUsability -enable-upcoming-feature MemberImportVisibility -enable-upcoming-feature InferIsolatedConformances -enable-upcoming-feature NonisolatedNonsendingByDefault -enable-experimental-feature DebugDescriptionMacro -sdk /Applications/Xcode.app/Contents/Developer/Platforms/MacOSX.platform/Developer/SDKs/MacOSX26.5.sdk -target arm64-apple-macos26.5 -g -module-cache-path /tmp/web-studio-adaptive/ModuleCache.noindex -Xfrontend -serialize-debugging-options -profile-coverage-mapping -profile-generate -enable-testing -index-store-path /tmp/web-studio-adaptive/Index.noindex/DataStore -Xcc -D_LIBCPP_HARDENING_MODE\=_LIBCPP_HARDENING_MODE_DEBUG -swift-version 5 -I /tmp/web-studio-adaptive/Build/Products/Debug -Isystem /Applications/Xcode.app/Contents/Developer/Platforms/MacOSX.platform/Developer/usr/lib -F /tmp/web-studio-adaptive/Build/Products/Debug/PackageFrameworks -F /tmp/web-studio-adaptive/Build/Products/Debug -F /Applications/Xcode.app/Contents/Developer/Platforms/MacOSX.platform/Developer/Library/Frameworks -c -j10 -enable-batch-mode -incremental -Xcc -ivfsstatcache -Xcc /tmp/web-studio-adaptive/SDKStatCaches.noindex/macosx26.5-25F70-688ef53f1462e2c8f657fdc38a81448fe082c4a02f00227109f4ed75e425c832.sdkstatcache -output-file-map /tmp/web-studio-adaptive/Build/Intermediates.noindex/Web\ Studio.build/Debug/Web\ StudioTests.build/Objects-normal/arm64/Web\ StudioTests-OutputFileMap.json -use-frontend-parseable-output -save-temps -no-color-diagnostics -explicit-module-build -module-cache-path /tmp/web-studio-adaptive/Build/Intermediates.noindex/SwiftExplicitPrecompiledModules -clang-scanner-module-cache-path /tmp/web-studio-adaptive/ModuleCache.noindex -sdk-module-cache-path /tmp/web-studio-adaptive/ModuleCache.noindex -serialize-diagnostics -emit-dependencies -emit-module -emit-module-path /tmp/web-studio-adaptive/Build/Intermediates.noindex/Web\ Studio.build/Debug/Web\ StudioTests.build/Objects-normal/arm64/Web_StudioTests.swiftmodule -validate-clang-modules-once -clang-build-session-file /tmp/web-studio-adaptive/ModuleCache.noindex/Session.modulevalidation -Xcc -I/tmp/web-studio-adaptive/Build/Intermediates.noindex/Web\ Studio.build/Debug/Web\ StudioTests.build/swift-overrides.hmap -emit-const-values -Xfrontend -const-gather-protocols-file -Xfrontend /tmp/web-studio-adaptive/Build/Intermediates.noindex/Web\ Studio.build/Debug/Web\ StudioTests.build/Objects-normal/arm64/Web\ StudioTests_const_extract_protocols.json -Xcc -iquote -Xcc /tmp/web-studio-adaptive/Build/Intermediates.noindex/Web\ Studio.build/Debug/Web\ StudioTests.build/Web\ StudioTests-generated-files.hmap -Xcc -I/tmp/web-studio-adaptive/Build/Intermediates.noindex/Web\ Studio.build/Debug/Web\ StudioTests.build/Web\ StudioTests-own-target-headers.hmap -Xcc -I/tmp/web-studio-adaptive/Build/Intermediates.noindex/Web\ Studio.build/Debug/Web\ StudioTests.build/Web\ StudioTests-all-non-framework-target-headers.hmap -Xcc -ivfsoverlay -Xcc /tmp/web-studio-adaptive/Build/Intermediates.noindex/Web\ Studio.build/Debug/Web\ Studio-05bbc44994b91f37e3585941f4bbdee6-VFS/all-product-headers.yaml -Xcc -iquote -Xcc /tmp/web-studio-adaptive/Build/Intermediates.noindex/Web\ Studio.build/Debug/Web\ StudioTests.build/Web\ StudioTests-project-headers.hmap -Xcc -I/tmp/web-studio-adaptive/Build/Products/Debug/include -Xcc -I/tmp/web-studio-adaptive/Build/Intermediates.noindex/Web\ Studio.build/Debug/Web\ StudioTests.build/DerivedSources-normal/arm64 -Xcc -I/tmp/web-studio-adaptive/Build/Intermediates.noindex/Web\ Studio.build/Debug/Web\ StudioTests.build/DerivedSources/arm64 -Xcc -I/tmp/web-studio-adaptive/Build/Intermediates.noindex/Web\ Studio.build/Debug/Web\ StudioTests.build/DerivedSources -Xcc -DDEBUG\=1 -emit-objc-header -emit-objc-header-path /tmp/web-studio-adaptive/Build/Intermediates.noindex/Web\ Studio.build/Debug/Web\ StudioTests.build/Objects-normal/arm64/Web_StudioTests-Swift.h -working-directory /Users/huaodong/workspace/Web\ Studio -experimental-emit-module-separately -disable-cmo

Ld /tmp/web-studio-adaptive/Build/Products/Debug/Web\ Studio.app/Contents/PlugIns/Web\ StudioTests.xctest/Contents/MacOS/Web\ StudioTests normal (in target 'Web StudioTests' from project 'Web Studio')
    cd /Users/huaodong/workspace/Web\ Studio
    /Applications/Xcode.app/Contents/Developer/Toolchains/XcodeDefault.xctoolchain/usr/bin/clang -Xlinker -reproducible -target arm64-apple-macos26.5 -bundle -isysroot /Applications/Xcode.app/Contents/Developer/Platforms/MacOSX.platform/Developer/SDKs/MacOSX26.5.sdk -O0 -L/tmp/web-studio-adaptive/Build/Intermediates.noindex/EagerLinkingTBDs/Debug -L/tmp/web-studio-adaptive/Build/Products/Debug -L/Applications/Xcode.app/Contents/Developer/Platforms/MacOSX.platform/Developer/usr/lib -F/tmp/web-studio-adaptive/Build/Intermediates.noindex/EagerLinkingTBDs/Debug -F/tmp/web-studio-adaptive/Build/Products/Debug/PackageFrameworks -F/tmp/web-studio-adaptive/Build/Products/Debug -iframework /Applications/Xcode.app/Contents/Developer/Platforms/MacOSX.platform/Developer/Library/Frameworks -filelist /tmp/web-studio-adaptive/Build/Intermediates.noindex/Web\ Studio.build/Debug/Web\ StudioTests.build/Objects-normal/arm64/Web\ StudioTests.LinkFileList -Xlinker -rpath -Xlinker /tmp/web-studio-adaptive/Build/Products/Debug/PackageFrameworks -Xlinker -rpath -Xlinker @loader_path/../Frameworks -Xlinker -rpath -Xlinker @executable_path/../Frameworks -bundle_loader /tmp/web-studio-adaptive/Build/Products/Debug/Web\ Studio.app/Contents/MacOS/Web\ Studio -Xlinker -object_path_lto -Xlinker /tmp/web-studio-adaptive/Build/Intermediates.noindex/Web\ Studio.build/Debug/Web\ StudioTests.build/Objects-normal/arm64/Web\ StudioTests_lto.o -rdynamic -Xlinker -no_deduplicate -Xlinker -debug_variant -Xlinker -dependency_info -Xlinker /tmp/web-studio-adaptive/Build/Intermediates.noindex/Web\ Studio.build/Debug/Web\ StudioTests.build/Objects-normal/arm64/Web\ StudioTests_dependency_info.dat -fobjc-link-runtime -fprofile-instr-generate -L/Applications/Xcode.app/Contents/Developer/Toolchains/XcodeDefault.xctoolchain/usr/lib/swift/macosx -L/usr/lib/swift -Xlinker -add_ast_path -Xlinker /tmp/web-studio-adaptive/Build/Intermediates.noindex/Web\ Studio.build/Debug/Web\ StudioTests.build/Objects-normal/arm64/Web_StudioTests.swiftmodule @/tmp/web-studio-adaptive/Build/Intermediates.noindex/Web\ Studio.build/Debug/Web\ StudioTests.build/Objects-normal/arm64/Web_StudioTests-linker-args.resp -Wl,-no_warn_duplicate_libraries -Xlinker -needed_framework -Xlinker XCTest -framework XCTest -Xlinker -needed-lXCTestSwiftSupport -lXCTestSwiftSupport /tmp/web-studio-adaptive/Build/Products/Debug/Web\ Studio.app/Contents/MacOS/Web\ Studio.debug.dylib -Xlinker -no_adhoc_codesign -o /tmp/web-studio-adaptive/Build/Products/Debug/Web\ Studio.app/Contents/PlugIns/Web\ StudioTests.xctest/Contents/MacOS/Web\ StudioTests

CopySwiftLibs /tmp/web-studio-adaptive/Build/Products/Debug/Web\ Studio.app/Contents/PlugIns/Web\ StudioTests.xctest (in target 'Web StudioTests' from project 'Web Studio')
    cd /Users/huaodong/workspace/Web\ Studio
    builtin-swiftStdLibTool --copy --verbose --sign - --scan-executable /tmp/web-studio-adaptive/Build/Products/Debug/Web\ Studio.app/Contents/PlugIns/Web\ StudioTests.xctest/Contents/MacOS/Web\ StudioTests --scan-folder /tmp/web-studio-adaptive/Build/Products/Debug/Web\ Studio.app/Contents/PlugIns/Web\ StudioTests.xctest/Contents/Frameworks --scan-folder /tmp/web-studio-adaptive/Build/Products/Debug/Web\ Studio.app/Contents/PlugIns/Web\ StudioTests.xctest/Contents/PlugIns --scan-folder /tmp/web-studio-adaptive/Build/Products/Debug/Web\ Studio.app/Contents/PlugIns/Web\ StudioTests.xctest/Contents/Library/SystemExtensions --scan-folder /tmp/web-studio-adaptive/Build/Products/Debug/Web\ Studio.app/Contents/PlugIns/Web\ StudioTests.xctest/Contents/Extensions --platform macosx --toolchain /var/run/com.apple.security.cryptexd/mnt/com.apple.MobileAsset.MetalToolchain-v17.6.109.0.Bidh73/Metal.xctoolchain --toolchain /Applications/Xcode.app/Contents/Developer/Toolchains/XcodeDefault.xctoolchain --destination /tmp/web-studio-adaptive/Build/Products/Debug/Web\ Studio.app/Contents/PlugIns/Web\ StudioTests.xctest/Contents/Frameworks --strip-bitcode --scan-executable /Applications/Xcode.app/Contents/Developer/Platforms/MacOSX.platform/Developer/usr/lib/libXCTestSwiftSupport.dylib --strip-bitcode-tool /Applications/Xcode.app/Contents/Developer/Toolchains/XcodeDefault.xctoolchain/usr/bin/bitcode_strip --emit-dependency-info /tmp/web-studio-adaptive/Build/Intermediates.noindex/Web\ Studio.build/Debug/Web\ StudioTests.build/SwiftStdLibToolInputDependencies.dep --filter-for-swift-os

ExtractAppIntentsMetadata (in target 'Web StudioTests' from project 'Web Studio')
    cd /Users/huaodong/workspace/Web\ Studio
    /Applications/Xcode.app/Contents/Developer/Toolchains/XcodeDefault.xctoolchain/usr/bin/appintentsmetadataprocessor --toolchain-dir /var/run/com.apple.security.cryptexd/mnt/com.apple.MobileAsset.MetalToolchain-v17.6.109.0.Bidh73/Metal.xctoolchain --module-name Web_StudioTests --sdk-root /Applications/Xcode.app/Contents/Developer/Platforms/MacOSX.platform/Developer/SDKs/MacOSX26.5.sdk --xcode-version 17F113 --platform-family macOS --deployment-target 26.5 --bundle-identifier com.huaodong.Web-StudioTests --output /tmp/web-studio-adaptive/Build/Products/Debug/Web\ Studio.app/Contents/PlugIns/Web\ StudioTests.xctest/Contents/Resources --target-triple arm64-apple-macos26.5 --binary-file /tmp/web-studio-adaptive/Build/Products/Debug/Web\ Studio.app/Contents/PlugIns/Web\ StudioTests.xctest/Contents/MacOS/Web\ StudioTests --dependency-file /tmp/web-studio-adaptive/Build/Intermediates.noindex/Web\ Studio.build/Debug/Web\ StudioTests.build/Objects-normal/arm64/Web\ StudioTests_dependency_info.dat --stringsdata-file /tmp/web-studio-adaptive/Build/Intermediates.noindex/Web\ Studio.build/Debug/Web\ StudioTests.build/Objects-normal/arm64/ExtractedAppShortcutsMetadata.stringsdata --source-file-list /tmp/web-studio-adaptive/Build/Intermediates.noindex/Web\ Studio.build/Debug/Web\ StudioTests.build/Objects-normal/arm64/Web\ StudioTests.SwiftFileList --metadata-file-list /tmp/web-studio-adaptive/Build/Intermediates.noindex/Web\ Studio.build/Debug/Web\ StudioTests.build/Web\ StudioTests.DependencyMetadataFileList --static-metadata-file-list /tmp/web-studio-adaptive/Build/Intermediates.noindex/Web\ Studio.build/Debug/Web\ StudioTests.build/Web\ StudioTests.DependencyStaticMetadataFileList --swift-const-vals-list /tmp/web-studio-adaptive/Build/Intermediates.noindex/Web\ Studio.build/Debug/Web\ StudioTests.build/Objects-normal/arm64/Web\ StudioTests.SwiftConstValuesFileList --compile-time-extraction --deployment-aware-processing --validate-assistant-intents --no-app-shortcuts-localization
2026-09-13 12:54:25.349 appintentsmetadataprocessor[47798:27192087] Starting appintentsmetadataprocessor export
2026-09-13 12:54:25.350 appintentsmetadataprocessor[47798:27192087] warning: Metadata extraction skipped. No AppIntents.framework dependency found.

CodeSign /tmp/web-studio-adaptive/Build/Products/Debug/Web\ Studio.app/Contents/PlugIns/Web\ StudioTests.xctest (in target 'Web StudioTests' from project 'Web Studio')
    cd /Users/huaodong/workspace/Web\ Studio
    
    Signing Identity:     "Sign to Run Locally"
    
    /usr/bin/codesign --force --sign - --timestamp\=none --generate-entitlement-der /tmp/web-studio-adaptive/Build/Products/Debug/Web\ Studio.app/Contents/PlugIns/Web\ StudioTests.xctest

CodeSign /tmp/web-studio-adaptive/Build/Products/Debug/Web\ Studio.app/Contents/MacOS/Web\ Studio.debug.dylib (in target 'Web Studio' from project 'Web Studio')
    cd /Users/huaodong/workspace/Web\ Studio
    
    Signing Identity:     "Sign to Run Locally"
    
    /usr/bin/codesign --force --sign - --timestamp\=none --generate-entitlement-der /tmp/web-studio-adaptive/Build/Products/Debug/Web\ Studio.app/Contents/MacOS/Web\ Studio.debug.dylib

CodeSign /tmp/web-studio-adaptive/Build/Products/Debug/Web\ Studio.app/Contents/MacOS/__preview.dylib (in target 'Web Studio' from project 'Web Studio')
    cd /Users/huaodong/workspace/Web\ Studio
    
    Signing Identity:     "Sign to Run Locally"
    
    /usr/bin/codesign --force --sign - --timestamp\=none --generate-entitlement-der /tmp/web-studio-adaptive/Build/Products/Debug/Web\ Studio.app/Contents/MacOS/__preview.dylib
/tmp/web-studio-adaptive/Build/Products/Debug/Web Studio.app/Contents/MacOS/__preview.dylib: replacing existing signature

CodeSign /tmp/web-studio-adaptive/Build/Products/Debug/Web\ Studio.app (in target 'Web Studio' from project 'Web Studio')
    cd /Users/huaodong/workspace/Web\ Studio
    
    Signing Identity:     "Sign to Run Locally"
    
    /usr/bin/codesign --force --sign - --entitlements /tmp/web-studio-adaptive/Build/Intermediates.noindex/Web\ Studio.build/Debug/Web\ Studio.build/Web\ Studio.app.xcent --timestamp\=none --generate-entitlement-der /tmp/web-studio-adaptive/Build/Products/Debug/Web\ Studio.app

Validate /tmp/web-studio-adaptive/Build/Products/Debug/Web\ Studio.app (in target 'Web Studio' from project 'Web Studio')
    cd /Users/huaodong/workspace/Web\ Studio
    builtin-validationUtility /tmp/web-studio-adaptive/Build/Products/Debug/Web\ Studio.app -no-validate-extension -infoplist-subpath Contents/Info.plist

RegisterWithLaunchServices /tmp/web-studio-adaptive/Build/Products/Debug/Web\ Studio.app (in target 'Web Studio' from project 'Web Studio')
    cd /Users/huaodong/workspace/Web\ Studio
    /System/Library/Frameworks/CoreServices.framework/Versions/Current/Frameworks/LaunchServices.framework/Versions/Current/Support/lsregister -f -R -trusted /tmp/web-studio-adaptive/Build/Products/Debug/Web\ Studio.app

ProcessInfoPlistFile /tmp/web-studio-adaptive/Build/Products/Debug/Web\ StudioUITests-Runner.app/Contents/PlugIns/Web\ StudioUITests.xctest/Contents/Info.plist /tmp/web-studio-adaptive/Build/Intermediates.noindex/Web\ Studio.build/Debug/Web\ StudioUITests.build/empty-Web\ StudioUITests.plist (in target 'Web StudioUITests' from project 'Web Studio')
    cd /Users/huaodong/workspace/Web\ Studio
    builtin-infoPlistUtility /tmp/web-studio-adaptive/Build/Intermediates.noindex/Web\ Studio.build/Debug/Web\ StudioUITests.build/empty-Web\ StudioUITests.plist -producttype com.apple.product-type.bundle.ui-testing -expandbuildsettings -platform macosx -additionalcontentfile /tmp/web-studio-adaptive/Build/Intermediates.noindex/Web\ Studio.build/Debug/Web\ StudioUITests.build/ProductTypeInfoPlistAdditions.plist -o /tmp/web-studio-adaptive/Build/Products/Debug/Web\ StudioUITests-Runner.app/Contents/PlugIns/Web\ StudioUITests.xctest/Contents/Info.plist

CopySwiftLibs /tmp/web-studio-adaptive/Build/Products/Debug/Web\ StudioUITests-Runner.app/Contents/PlugIns/Web\ StudioUITests.xctest (in target 'Web StudioUITests' from project 'Web Studio')
    cd /Users/huaodong/workspace/Web\ Studio
    builtin-swiftStdLibTool --copy --verbose --sign - --scan-executable /tmp/web-studio-adaptive/Build/Products/Debug/Web\ StudioUITests-Runner.app/Contents/PlugIns/Web\ StudioUITests.xctest/Contents/MacOS/Web\ StudioUITests --scan-folder /tmp/web-studio-adaptive/Build/Products/Debug/Web\ StudioUITests-Runner.app/Contents/PlugIns/Web\ StudioUITests.xctest/Contents/Frameworks --scan-folder /tmp/web-studio-adaptive/Build/Products/Debug/Web\ StudioUITests-Runner.app/Contents/PlugIns/Web\ StudioUITests.xctest/Contents/PlugIns --scan-folder /tmp/web-studio-adaptive/Build/Products/Debug/Web\ StudioUITests-Runner.app/Contents/PlugIns/Web\ StudioUITests.xctest/Contents/Library/SystemExtensions --scan-folder /tmp/web-studio-adaptive/Build/Products/Debug/Web\ StudioUITests-Runner.app/Contents/PlugIns/Web\ StudioUITests.xctest/Contents/Extensions --platform macosx --toolchain /var/run/com.apple.security.cryptexd/mnt/com.apple.MobileAsset.MetalToolchain-v17.6.109.0.Bidh73/Metal.xctoolchain --toolchain /Applications/Xcode.app/Contents/Developer/Toolchains/XcodeDefault.xctoolchain --destination /tmp/web-studio-adaptive/Build/Products/Debug/Web\ StudioUITests-Runner.app/Contents/PlugIns/Web\ StudioUITests.xctest/Contents/Frameworks --strip-bitcode --scan-executable /Applications/Xcode.app/Contents/Developer/Platforms/MacOSX.platform/Developer/usr/lib/libXCTestSwiftSupport.dylib --strip-bitcode-tool /Applications/Xcode.app/Contents/Developer/Toolchains/XcodeDefault.xctoolchain/usr/bin/bitcode_strip --emit-dependency-info /tmp/web-studio-adaptive/Build/Intermediates.noindex/Web\ Studio.build/Debug/Web\ StudioUITests.build/SwiftStdLibToolInputDependencies.dep --filter-for-swift-os

** TEST BUILD SUCCEEDED **

