Command line invocation:
    /Applications/Xcode.app/Contents/Developer/usr/bin/xcodebuild -project "Web Studio.xcodeproj" -scheme "Web Studio" -configuration Debug -destination platform=macOS,arch=arm64 -derivedDataPath /private/tmp/web-studio-final -disableAutomaticPackageResolution -skipPackageUpdates CODE_SIGN_IDENTITY=- CODE_SIGN_STYLE=Manual DEVELOPMENT_TEAM= test -parallel-testing-enabled NO "-only-testing:Web StudioTests/Web_StudioTests" "-only-testing:Web StudioTests/AgentServiceTests" "-only-testing:Web StudioTests/ResourceReadTests" "-only-testing:Web StudioTests/AgentControllerTests" "-only-testing:Web StudioTests/ProviderSettingsTests"

Build settings from command line:
    CODE_SIGN_IDENTITY = -
    CODE_SIGN_STYLE = Manual
    DEVELOPMENT_TEAM = 

Resolve Package Graph


Resolved source packages:
  swift-argument-parser: https://github.com/apple/swift-argument-parser @ 1.8.2
  SwiftTerm: https://github.com/migueldeicaza/SwiftTerm.git @ 1.14.0

2026-09-13 00:06:13.409 xcodebuild[27581:26462450] [MT] IDERunDestination: Supported platforms for the buildables in the current scheme is empty.
note: Using codesigning identity override: -
ComputePackagePrebuildTargetDependencyGraph

Prepare packages

CreateBuildRequest

SendProjectDescription

CreateBuildOperation

ComputeTargetDependencyGraph
note: Building targets in dependency order
note: Target dependency graph (6 targets)
    Target 'Web StudioTests' in project 'Web Studio'
        ➜ Explicit dependency on target 'Web Studio' in project 'Web Studio'
    Target 'Web StudioUITests' in project 'Web Studio'
        ➜ Explicit dependency on target 'Web Studio' in project 'Web Studio'
    Target 'Web Studio' in project 'Web Studio'
        ➜ Explicit dependency on target 'SwiftTerm' in project 'SwiftTerm'
    Target 'SwiftTerm' in project 'SwiftTerm'
        ➜ Explicit dependency on target 'SwiftTerm' in project 'SwiftTerm'
        ➜ Explicit dependency on target 'SwiftTerm_SwiftTerm' in project 'SwiftTerm'
    Target 'SwiftTerm' in project 'SwiftTerm'
        ➜ Explicit dependency on target 'SwiftTerm_SwiftTerm' in project 'SwiftTerm'
    Target 'SwiftTerm_SwiftTerm' in project 'SwiftTerm' (no dependencies)

GatherProvisioningInputs

CreateBuildDescription

ExecuteExternalTool /Applications/Xcode.app/Contents/Developer/Toolchains/XcodeDefault.xctoolchain/usr/bin/clang -v -E -dM -arch arm64 -isysroot /Applications/Xcode.app/Contents/Developer/Platforms/MacOSX.platform/Developer/SDKs/MacOSX26.5.sdk -x c -c /dev/null

ExecuteExternalTool /Applications/Xcode.app/Contents/Developer/Toolchains/XcodeDefault.xctoolchain/usr/bin/swiftc --version

ExecuteExternalTool /Applications/Xcode.app/Contents/Developer/Toolchains/XcodeDefault.xctoolchain/usr/bin/clang -v -E -dM -isysroot /Applications/Xcode.app/Contents/Developer/Platforms/MacOSX.platform/Developer/SDKs/MacOSX26.5.sdk -x c -c /dev/null

ExecuteExternalTool /Applications/Xcode.app/Contents/Developer/Toolchains/XcodeDefault.xctoolchain/usr/bin/ld -version_details

ExecuteExternalTool /Applications/Xcode.app/Contents/Developer/usr/bin/actool --version --output-format xml1

ReadFileContents /Applications/Xcode.app/Contents/Developer/Toolchains/XcodeDefault.xctoolchain/usr/share/docc/features.json

Build description signature: aa3e800bad9c4c5257cf00059e622af6
Build description path: /tmp/web-studio-final/Build/Intermediates.noindex/XCBuildData/aa3e800bad9c4c5257cf00059e622af6.xcbuilddata
warning: missing creator for mutated node: ('/tmp/web-studio-final/Build/Products/Debug/SwiftTerm_SwiftTerm.bundle/Contents/MacOS') (in target 'SwiftTerm_SwiftTerm' from project 'SwiftTerm')
ProcessInfoPlistFile /tmp/web-studio-final/Build/Products/Debug/SwiftTerm_SwiftTerm.bundle/Contents/Info.plist /tmp/web-studio-final/Build/Intermediates.noindex/SwiftTerm.build/Debug/SwiftTerm_SwiftTerm.build/empty-SwiftTerm_SwiftTerm.plist (in target 'SwiftTerm_SwiftTerm' from project 'SwiftTerm')
    cd /tmp/web-studio-final/SourcePackages/checkouts/SwiftTerm
    builtin-infoPlistUtility /tmp/web-studio-final/Build/Intermediates.noindex/SwiftTerm.build/Debug/SwiftTerm_SwiftTerm.build/empty-SwiftTerm_SwiftTerm.plist -producttype com.apple.product-type.bundle -expandbuildsettings -platform macosx -o /tmp/web-studio-final/Build/Products/Debug/SwiftTerm_SwiftTerm.bundle/Contents/Info.plist

ClangStatCache /Applications/Xcode.app/Contents/Developer/Toolchains/XcodeDefault.xctoolchain/usr/bin/clang-stat-cache /Applications/Xcode.app/Contents/Developer/Platforms/MacOSX.platform/Developer/SDKs/MacOSX26.5.sdk /tmp/web-studio-final/SDKStatCaches.noindex/macosx26.5-25F70-688ef53f1462e2c8f657fdc38a81448fe082c4a02f00227109f4ed75e425c832.sdkstatcache
    cd /Users/huaodong/workspace/Web\ Studio/Web\ Studio.xcodeproj
    /Applications/Xcode.app/Contents/Developer/Toolchains/XcodeDefault.xctoolchain/usr/bin/clang-stat-cache /Applications/Xcode.app/Contents/Developer/Platforms/MacOSX.platform/Developer/SDKs/MacOSX26.5.sdk -o /tmp/web-studio-final/SDKStatCaches.noindex/macosx26.5-25F70-688ef53f1462e2c8f657fdc38a81448fe082c4a02f00227109f4ed75e425c832.sdkstatcache

SwiftDriver Web\ Studio normal arm64 com.apple.xcode.tools.swift.compiler (in target 'Web Studio' from project 'Web Studio')
    cd /Users/huaodong/workspace/Web\ Studio
    builtin-SwiftDriver -- /Applications/Xcode.app/Contents/Developer/Toolchains/XcodeDefault.xctoolchain/usr/bin/swiftc -module-name Web_Studio -Onone @/tmp/web-studio-final/Build/Intermediates.noindex/Web\ Studio.build/Debug/Web\ Studio.build/Objects-normal/arm64/Web\ Studio.SwiftFileList -DDEBUG -default-isolation\=MainActor -enable-bare-slash-regex -enable-upcoming-feature DisableOutwardActorInference -enable-upcoming-feature InferSendableFromCaptures -enable-upcoming-feature GlobalActorIsolatedTypesUsability -enable-upcoming-feature MemberImportVisibility -enable-upcoming-feature InferIsolatedConformances -enable-upcoming-feature NonisolatedNonsendingByDefault -enable-experimental-feature DebugDescriptionMacro -sdk /Applications/Xcode.app/Contents/Developer/Platforms/MacOSX.platform/Developer/SDKs/MacOSX26.5.sdk -target arm64-apple-macos26.5 -g -module-cache-path /tmp/web-studio-final/ModuleCache.noindex -Xfrontend -serialize-debugging-options -profile-coverage-mapping -profile-generate -enable-testing -index-store-path /tmp/web-studio-final/Index.noindex/DataStore -Xcc -D_LIBCPP_HARDENING_MODE\=_LIBCPP_HARDENING_MODE_DEBUG -swift-version 5 -I /tmp/web-studio-final/Build/Products/Debug -F /tmp/web-studio-final/Build/Products/Debug/PackageFrameworks -F /tmp/web-studio-final/Build/Products/Debug -emit-localized-strings -emit-localized-strings-path /tmp/web-studio-final/Build/Intermediates.noindex/Web\ Studio.build/Debug/Web\ Studio.build/Objects-normal/arm64 -c -j10 -enable-batch-mode -incremental -Xcc -ivfsstatcache -Xcc /tmp/web-studio-final/SDKStatCaches.noindex/macosx26.5-25F70-688ef53f1462e2c8f657fdc38a81448fe082c4a02f00227109f4ed75e425c832.sdkstatcache -output-file-map /tmp/web-studio-final/Build/Intermediates.noindex/Web\ Studio.build/Debug/Web\ Studio.build/Objects-normal/arm64/Web\ Studio-OutputFileMap.json -use-frontend-parseable-output -save-temps -no-color-diagnostics -explicit-module-build -module-cache-path /tmp/web-studio-final/Build/Intermediates.noindex/SwiftExplicitPrecompiledModules -clang-scanner-module-cache-path /tmp/web-studio-final/ModuleCache.noindex -sdk-module-cache-path /tmp/web-studio-final/ModuleCache.noindex -serialize-diagnostics -emit-dependencies -emit-module -emit-module-path /tmp/web-studio-final/Build/Intermediates.noindex/Web\ Studio.build/Debug/Web\ Studio.build/Objects-normal/arm64/Web_Studio.swiftmodule -validate-clang-modules-once -clang-build-session-file /tmp/web-studio-final/ModuleCache.noindex/Session.modulevalidation -Xcc -I/tmp/web-studio-final/Build/Intermediates.noindex/Web\ Studio.build/Debug/Web\ Studio.build/swift-overrides.hmap -emit-const-values -Xfrontend -const-gather-protocols-file -Xfrontend /tmp/web-studio-final/Build/Intermediates.noindex/Web\ Studio.build/Debug/Web\ Studio.build/Objects-normal/arm64/Web\ Studio_const_extract_protocols.json -Xcc -iquote -Xcc /tmp/web-studio-final/Build/Intermediates.noindex/Web\ Studio.build/Debug/Web\ Studio.build/Web\ Studio-generated-files.hmap -Xcc -I/tmp/web-studio-final/Build/Intermediates.noindex/Web\ Studio.build/Debug/Web\ Studio.build/Web\ Studio-own-target-headers.hmap -Xcc -I/tmp/web-studio-final/Build/Intermediates.noindex/Web\ Studio.build/Debug/Web\ Studio.build/Web\ Studio-all-non-framework-target-headers.hmap -Xcc -ivfsoverlay -Xcc /tmp/web-studio-final/Build/Intermediates.noindex/Web\ Studio.build/Debug/Web\ Studio-05bbc44994b91f37e3585941f4bbdee6-VFS/all-product-headers.yaml -Xcc -iquote -Xcc /tmp/web-studio-final/Build/Intermediates.noindex/Web\ Studio.build/Debug/Web\ Studio.build/Web\ Studio-project-headers.hmap -Xcc -I/tmp/web-studio-final/Build/Products/Debug/include -Xcc -I/tmp/web-studio-final/Build/Intermediates.noindex/Web\ Studio.build/Debug/Web\ Studio.build/DerivedSources-normal/arm64 -Xcc -I/tmp/web-studio-final/Build/Intermediates.noindex/Web\ Studio.build/Debug/Web\ Studio.build/DerivedSources/arm64 -Xcc -I/tmp/web-studio-final/Build/Intermediates.noindex/Web\ Studio.build/Debug/Web\ Studio.build/DerivedSources -Xcc -DDEBUG\=1 -emit-objc-header -emit-objc-header-path /tmp/web-studio-final/Build/Intermediates.noindex/Web\ Studio.build/Debug/Web\ Studio.build/Objects-normal/arm64/Web_Studio-Swift.h -import-objc-header /Users/huaodong/workspace/Web\ Studio/Web\ Studio/Web\ Studio-Bridging-Header.h -working-directory /Users/huaodong/workspace/Web\ Studio -experimental-emit-module-separately -disable-cmo

ProcessInfoPlistFile /tmp/web-studio-final/Build/Products/Debug/Web\ Studio.app/Contents/Info.plist /tmp/web-studio-final/Build/Intermediates.noindex/Web\ Studio.build/Debug/Web\ Studio.build/empty-Web\ Studio.plist (in target 'Web Studio' from project 'Web Studio')
    cd /Users/huaodong/workspace/Web\ Studio
    builtin-infoPlistUtility /tmp/web-studio-final/Build/Intermediates.noindex/Web\ Studio.build/Debug/Web\ Studio.build/empty-Web\ Studio.plist -producttype com.apple.product-type.application -genpkginfo /tmp/web-studio-final/Build/Products/Debug/Web\ Studio.app/Contents/PkgInfo -expandbuildsettings -platform macosx -additionalcontentfile /tmp/web-studio-final/Build/Intermediates.noindex/Web\ Studio.build/Debug/Web\ Studio.build/assetcatalog_generated_info.plist -scanforprivacyfile /tmp/web-studio-final/Build/Products/Debug/Web\ Studio.app/Contents/Resources/SwiftTerm_SwiftTerm.bundle -o /tmp/web-studio-final/Build/Products/Debug/Web\ Studio.app/Contents/Info.plist

SwiftGeneratePch normal arm64 Compiling\ bridging\ header (in target 'Web Studio' from project 'Web Studio')

SwiftDriverJobDiscovery normal arm64 Compiling bridging header (in target 'Web Studio' from project 'Web Studio')

SwiftCompile normal arm64 Compiling\ StartPageView.swift /Users/huaodong/workspace/Web\ Studio/Web\ Studio/StartPageView.swift (in target 'Web Studio' from project 'Web Studio')

SwiftCompile normal arm64 /Users/huaodong/workspace/Web\ Studio/Web\ Studio/StartPageView.swift (in target 'Web Studio' from project 'Web Studio')
    cd /Users/huaodong/workspace/Web\ Studio
    

SwiftCompile normal arm64 Compiling\ ContentView.swift /Users/huaodong/workspace/Web\ Studio/Web\ Studio/ContentView.swift (in target 'Web Studio' from project 'Web Studio')
SwiftCompile normal arm64 /Users/huaodong/workspace/Web\ Studio/Web\ Studio/ContentView.swift (in target 'Web Studio' from project 'Web Studio')
    cd /Users/huaodong/workspace/Web\ Studio
    
/Users/huaodong/workspace/Web Studio/Web Studio/AgentController.swift:20:70: warning: call to main actor-isolated initializer 'init(credentials:provider:)' in a synchronous nonisolated context
    init(store: ResourceStore, service: ConfiguredResponsesService = ConfiguredResponsesService(), configuration: ProviderConfiguration? = nil, reader: (@Sendable (UUID, Int) async -> ResourceSnapshot)? = nil) { self.store = store; self.service = service; self.configuration = configuration; self.reader = reader ?? { id, limit in await store.read(resourceID: id, maxCharacters: limit) } }
                                                                     ^
/Users/huaodong/workspace/Web Studio/Web Studio/AgentService.swift:84:5: note: calls to initializer 'init(credentials:provider:)' from outside of its actor context are implicitly asynchronous
    init(credentials: any CredentialStore = KeychainCredentialStore(), provider: any ResponsesProvider = URLSessionResponsesProvider()) { self.credentials = credentials; self.provider = provider }
    ^

SwiftCompile normal arm64 Compiling\ AgentViews.swift /Users/huaodong/workspace/Web\ Studio/Web\ Studio/AgentViews.swift (in target 'Web Studio' from project 'Web Studio')

SwiftCompile normal arm64 /Users/huaodong/workspace/Web\ Studio/Web\ Studio/AgentViews.swift (in target 'Web Studio' from project 'Web Studio')
    cd /Users/huaodong/workspace/Web\ Studio
    

SwiftCompile normal arm64 Compiling\ AgentController.swift /Users/huaodong/workspace/Web\ Studio/Web\ Studio/AgentController.swift (in target 'Web Studio' from project 'Web Studio')

SwiftCompile normal arm64 /Users/huaodong/workspace/Web\ Studio/Web\ Studio/AgentController.swift (in target 'Web Studio' from project 'Web Studio')
    cd /Users/huaodong/workspace/Web\ Studio
    
/Users/huaodong/workspace/Web Studio/Web Studio/AgentController.swift:20:70: warning: call to main actor-isolated initializer 'init(credentials:provider:)' in a synchronous nonisolated context
    init(store: ResourceStore, service: ConfiguredResponsesService = ConfiguredResponsesService(), configuration: ProviderConfiguration? = nil, reader: (@Sendable (UUID, Int) async -> ResourceSnapshot)? = nil) { self.store = store; self.service = service; self.configuration = configuration; self.reader = reader ?? { id, limit in await store.read(resourceID: id, maxCharacters: limit) } }
                                                                     ^
/Users/huaodong/workspace/Web Studio/Web Studio/AgentService.swift:84:5: note: calls to initializer 'init(credentials:provider:)' from outside of its actor context are implicitly asynchronous
    init(credentials: any CredentialStore = KeychainCredentialStore(), provider: any ResponsesProvider = URLSessionResponsesProvider()) { self.credentials = credentials; self.provider = provider }
    ^

SwiftEmitModule normal arm64 Emitting\ module\ for\ Web_Studio (in target 'Web Studio' from project 'Web Studio')

EmitSwiftModule normal arm64 (in target 'Web Studio' from project 'Web Studio')
    cd /Users/huaodong/workspace/Web\ Studio
    
/Users/huaodong/workspace/Web Studio/Web Studio/AgentController.swift:20:70: warning: call to main actor-isolated initializer 'init(credentials:provider:)' in a synchronous nonisolated context
    init(store: ResourceStore, service: ConfiguredResponsesService = ConfiguredResponsesService(), configuration: ProviderConfiguration? = nil, reader: (@Sendable (UUID, Int) async -> ResourceSnapshot)? = nil) { self.store = store; self.service = service; self.configuration = configuration; self.reader = reader ?? { id, limit in await store.read(resourceID: id, maxCharacters: limit) } }
                                                                     ^
/Users/huaodong/workspace/Web Studio/Web Studio/AgentService.swift:84:5: note: calls to initializer 'init(credentials:provider:)' from outside of its actor context are implicitly asynchronous
    init(credentials: any CredentialStore = KeychainCredentialStore(), provider: any ResponsesProvider = URLSessionResponsesProvider()) { self.credentials = credentials; self.provider = provider }
    ^
/Users/huaodong/workspace/Web Studio/Web Studio/ProviderSettings.swift:30:45: warning: call to main actor-isolated initializer 'init()' in a synchronous nonisolated context
    init(credentials: any CredentialStore = KeychainCredentialStore(), defaults: UserDefaults = .standard) {
                                            ^
/Users/huaodong/workspace/Web Studio/Web Studio/AgentService.swift:35:7: note: calls to initializer 'init()' from outside of its actor context are implicitly asynchronous
actor KeychainCredentialStore: CredentialStore {
      ^
/Users/huaodong/workspace/Web Studio/Web Studio/AgentService.swift:35:7: note: main actor isolation inferred from conformance to protocol 'CredentialStore'
actor KeychainCredentialStore: CredentialStore {
      ^

SwiftDriverJobDiscovery normal arm64 Emitting module for Web_Studio (in target 'Web Studio' from project 'Web Studio')

SwiftDriver\ Compilation\ Requirements Web\ Studio normal arm64 com.apple.xcode.tools.swift.compiler (in target 'Web Studio' from project 'Web Studio')
    cd /Users/huaodong/workspace/Web\ Studio
    builtin-Swift-Compilation-Requirements -- /Applications/Xcode.app/Contents/Developer/Toolchains/XcodeDefault.xctoolchain/usr/bin/swiftc -module-name Web_Studio -Onone @/tmp/web-studio-final/Build/Intermediates.noindex/Web\ Studio.build/Debug/Web\ Studio.build/Objects-normal/arm64/Web\ Studio.SwiftFileList -DDEBUG -default-isolation\=MainActor -enable-bare-slash-regex -enable-upcoming-feature DisableOutwardActorInference -enable-upcoming-feature InferSendableFromCaptures -enable-upcoming-feature GlobalActorIsolatedTypesUsability -enable-upcoming-feature MemberImportVisibility -enable-upcoming-feature InferIsolatedConformances -enable-upcoming-feature NonisolatedNonsendingByDefault -enable-experimental-feature DebugDescriptionMacro -sdk /Applications/Xcode.app/Contents/Developer/Platforms/MacOSX.platform/Developer/SDKs/MacOSX26.5.sdk -target arm64-apple-macos26.5 -g -module-cache-path /tmp/web-studio-final/ModuleCache.noindex -Xfrontend -serialize-debugging-options -profile-coverage-mapping -profile-generate -enable-testing -index-store-path /tmp/web-studio-final/Index.noindex/DataStore -Xcc -D_LIBCPP_HARDENING_MODE\=_LIBCPP_HARDENING_MODE_DEBUG -swift-version 5 -I /tmp/web-studio-final/Build/Products/Debug -F /tmp/web-studio-final/Build/Products/Debug/PackageFrameworks -F /tmp/web-studio-final/Build/Products/Debug -emit-localized-strings -emit-localized-strings-path /tmp/web-studio-final/Build/Intermediates.noindex/Web\ Studio.build/Debug/Web\ Studio.build/Objects-normal/arm64 -c -j10 -enable-batch-mode -incremental -Xcc -ivfsstatcache -Xcc /tmp/web-studio-final/SDKStatCaches.noindex/macosx26.5-25F70-688ef53f1462e2c8f657fdc38a81448fe082c4a02f00227109f4ed75e425c832.sdkstatcache -output-file-map /tmp/web-studio-final/Build/Intermediates.noindex/Web\ Studio.build/Debug/Web\ Studio.build/Objects-normal/arm64/Web\ Studio-OutputFileMap.json -use-frontend-parseable-output -save-temps -no-color-diagnostics -explicit-module-build -module-cache-path /tmp/web-studio-final/Build/Intermediates.noindex/SwiftExplicitPrecompiledModules -clang-scanner-module-cache-path /tmp/web-studio-final/ModuleCache.noindex -sdk-module-cache-path /tmp/web-studio-final/ModuleCache.noindex -serialize-diagnostics -emit-dependencies -emit-module -emit-module-path /tmp/web-studio-final/Build/Intermediates.noindex/Web\ Studio.build/Debug/Web\ Studio.build/Objects-normal/arm64/Web_Studio.swiftmodule -validate-clang-modules-once -clang-build-session-file /tmp/web-studio-final/ModuleCache.noindex/Session.modulevalidation -Xcc -I/tmp/web-studio-final/Build/Intermediates.noindex/Web\ Studio.build/Debug/Web\ Studio.build/swift-overrides.hmap -emit-const-values -Xfrontend -const-gather-protocols-file -Xfrontend /tmp/web-studio-final/Build/Intermediates.noindex/Web\ Studio.build/Debug/Web\ Studio.build/Objects-normal/arm64/Web\ Studio_const_extract_protocols.json -Xcc -iquote -Xcc /tmp/web-studio-final/Build/Intermediates.noindex/Web\ Studio.build/Debug/Web\ Studio.build/Web\ Studio-generated-files.hmap -Xcc -I/tmp/web-studio-final/Build/Intermediates.noindex/Web\ Studio.build/Debug/Web\ Studio.build/Web\ Studio-own-target-headers.hmap -Xcc -I/tmp/web-studio-final/Build/Intermediates.noindex/Web\ Studio.build/Debug/Web\ Studio.build/Web\ Studio-all-non-framework-target-headers.hmap -Xcc -ivfsoverlay -Xcc /tmp/web-studio-final/Build/Intermediates.noindex/Web\ Studio.build/Debug/Web\ Studio-05bbc44994b91f37e3585941f4bbdee6-VFS/all-product-headers.yaml -Xcc -iquote -Xcc /tmp/web-studio-final/Build/Intermediates.noindex/Web\ Studio.build/Debug/Web\ Studio.build/Web\ Studio-project-headers.hmap -Xcc -I/tmp/web-studio-final/Build/Products/Debug/include -Xcc -I/tmp/web-studio-final/Build/Intermediates.noindex/Web\ Studio.build/Debug/Web\ Studio.build/DerivedSources-normal/arm64 -Xcc -I/tmp/web-studio-final/Build/Intermediates.noindex/Web\ Studio.build/Debug/Web\ Studio.build/DerivedSources/arm64 -Xcc -I/tmp/web-studio-final/Build/Intermediates.noindex/Web\ Studio.build/Debug/Web\ Studio.build/DerivedSources -Xcc -DDEBUG\=1 -emit-objc-header -emit-objc-header-path /tmp/web-studio-final/Build/Intermediates.noindex/Web\ Studio.build/Debug/Web\ Studio.build/Objects-normal/arm64/Web_Studio-Swift.h -import-objc-header /Users/huaodong/workspace/Web\ Studio/Web\ Studio/Web\ Studio-Bridging-Header.h -working-directory /Users/huaodong/workspace/Web\ Studio -experimental-emit-module-separately -disable-cmo

Copy /tmp/web-studio-final/Build/Products/Debug/Web_Studio.swiftmodule/Project/arm64-apple-macos.swiftsourceinfo /tmp/web-studio-final/Build/Intermediates.noindex/Web\ Studio.build/Debug/Web\ Studio.build/Objects-normal/arm64/Web_Studio.swiftsourceinfo (in target 'Web Studio' from project 'Web Studio')
    cd /Users/huaodong/workspace/Web\ Studio
    builtin-copy -exclude .DS_Store -exclude CVS -exclude .svn -exclude .git -exclude .hg -resolve-src-symlinks -rename /tmp/web-studio-final/Build/Intermediates.noindex/Web\ Studio.build/Debug/Web\ Studio.build/Objects-normal/arm64/Web_Studio.swiftsourceinfo /tmp/web-studio-final/Build/Products/Debug/Web_Studio.swiftmodule/Project/arm64-apple-macos.swiftsourceinfo

Copy /tmp/web-studio-final/Build/Products/Debug/Web_Studio.swiftmodule/arm64-apple-macos.swiftmodule /tmp/web-studio-final/Build/Intermediates.noindex/Web\ Studio.build/Debug/Web\ Studio.build/Objects-normal/arm64/Web_Studio.swiftmodule (in target 'Web Studio' from project 'Web Studio')
    cd /Users/huaodong/workspace/Web\ Studio
    builtin-copy -exclude .DS_Store -exclude CVS -exclude .svn -exclude .git -exclude .hg -resolve-src-symlinks -rename /tmp/web-studio-final/Build/Intermediates.noindex/Web\ Studio.build/Debug/Web\ Studio.build/Objects-normal/arm64/Web_Studio.swiftmodule /tmp/web-studio-final/Build/Products/Debug/Web_Studio.swiftmodule/arm64-apple-macos.swiftmodule

Copy /tmp/web-studio-final/Build/Products/Debug/Web_Studio.swiftmodule/arm64-apple-macos.abi.json /tmp/web-studio-final/Build/Intermediates.noindex/Web\ Studio.build/Debug/Web\ Studio.build/Objects-normal/arm64/Web_Studio.abi.json (in target 'Web Studio' from project 'Web Studio')
    cd /Users/huaodong/workspace/Web\ Studio
    builtin-copy -exclude .DS_Store -exclude CVS -exclude .svn -exclude .git -exclude .hg -resolve-src-symlinks -rename /tmp/web-studio-final/Build/Intermediates.noindex/Web\ Studio.build/Debug/Web\ Studio.build/Objects-normal/arm64/Web_Studio.abi.json /tmp/web-studio-final/Build/Products/Debug/Web_Studio.swiftmodule/arm64-apple-macos.abi.json

SwiftDriver Web\ StudioUITests normal arm64 com.apple.xcode.tools.swift.compiler (in target 'Web StudioUITests' from project 'Web Studio')
    cd /Users/huaodong/workspace/Web\ Studio
    builtin-SwiftDriver -- /Applications/Xcode.app/Contents/Developer/Toolchains/XcodeDefault.xctoolchain/usr/bin/swiftc -module-name Web_StudioUITests -Onone @/tmp/web-studio-final/Build/Intermediates.noindex/Web\ Studio.build/Debug/Web\ StudioUITests.build/Objects-normal/arm64/Web\ StudioUITests.SwiftFileList -DDEBUG -module-alias Testing\=_Testing_Unavailable -plugin-path /Applications/Xcode.app/Contents/Developer/Toolchains/XcodeDefault.xctoolchain/usr/lib/swift/host/plugins/testing -enable-bare-slash-regex -enable-upcoming-feature DisableOutwardActorInference -enable-upcoming-feature InferSendableFromCaptures -enable-upcoming-feature GlobalActorIsolatedTypesUsability -enable-upcoming-feature MemberImportVisibility -enable-upcoming-feature InferIsolatedConformances -enable-upcoming-feature NonisolatedNonsendingByDefault -enable-experimental-feature DebugDescriptionMacro -sdk /Applications/Xcode.app/Contents/Developer/Platforms/MacOSX.platform/Developer/SDKs/MacOSX26.5.sdk -target arm64-apple-macos26.5 -g -module-cache-path /tmp/web-studio-final/ModuleCache.noindex -Xfrontend -serialize-debugging-options -profile-coverage-mapping -profile-generate -enable-testing -index-store-path /tmp/web-studio-final/Index.noindex/DataStore -Xcc -D_LIBCPP_HARDENING_MODE\=_LIBCPP_HARDENING_MODE_DEBUG -swift-version 5 -I /tmp/web-studio-final/Build/Products/Debug -Isystem /Applications/Xcode.app/Contents/Developer/Platforms/MacOSX.platform/Developer/usr/lib -F /tmp/web-studio-final/Build/Products/Debug -F /Applications/Xcode.app/Contents/Developer/Platforms/MacOSX.platform/Developer/Library/Frameworks -c -j10 -enable-batch-mode -incremental -Xcc -ivfsstatcache -Xcc /tmp/web-studio-final/SDKStatCaches.noindex/macosx26.5-25F70-688ef53f1462e2c8f657fdc38a81448fe082c4a02f00227109f4ed75e425c832.sdkstatcache -output-file-map /tmp/web-studio-final/Build/Intermediates.noindex/Web\ Studio.build/Debug/Web\ StudioUITests.build/Objects-normal/arm64/Web\ StudioUITests-OutputFileMap.json -use-frontend-parseable-output -save-temps -no-color-diagnostics -explicit-module-build -module-cache-path /tmp/web-studio-final/Build/Intermediates.noindex/SwiftExplicitPrecompiledModules -clang-scanner-module-cache-path /tmp/web-studio-final/ModuleCache.noindex -sdk-module-cache-path /tmp/web-studio-final/ModuleCache.noindex -serialize-diagnostics -emit-dependencies -emit-module -emit-module-path /tmp/web-studio-final/Build/Intermediates.noindex/Web\ Studio.build/Debug/Web\ StudioUITests.build/Objects-normal/arm64/Web_StudioUITests.swiftmodule -validate-clang-modules-once -clang-build-session-file /tmp/web-studio-final/ModuleCache.noindex/Session.modulevalidation -Xcc -I/tmp/web-studio-final/Build/Intermediates.noindex/Web\ Studio.build/Debug/Web\ StudioUITests.build/swift-overrides.hmap -emit-const-values -Xfrontend -const-gather-protocols-file -Xfrontend /tmp/web-studio-final/Build/Intermediates.noindex/Web\ Studio.build/Debug/Web\ StudioUITests.build/Objects-normal/arm64/Web\ StudioUITests_const_extract_protocols.json -Xcc -iquote -Xcc /tmp/web-studio-final/Build/Intermediates.noindex/Web\ Studio.build/Debug/Web\ StudioUITests.build/Web\ StudioUITests-generated-files.hmap -Xcc -I/tmp/web-studio-final/Build/Intermediates.noindex/Web\ Studio.build/Debug/Web\ StudioUITests.build/Web\ StudioUITests-own-target-headers.hmap -Xcc -I/tmp/web-studio-final/Build/Intermediates.noindex/Web\ Studio.build/Debug/Web\ StudioUITests.build/Web\ StudioUITests-all-non-framework-target-headers.hmap -Xcc -ivfsoverlay -Xcc /tmp/web-studio-final/Build/Intermediates.noindex/Web\ Studio.build/Debug/Web\ Studio-05bbc44994b91f37e3585941f4bbdee6-VFS/all-product-headers.yaml -Xcc -iquote -Xcc /tmp/web-studio-final/Build/Intermediates.noindex/Web\ Studio.build/Debug/Web\ StudioUITests.build/Web\ StudioUITests-project-headers.hmap -Xcc -I/tmp/web-studio-final/Build/Products/Debug/include -Xcc -I/tmp/web-studio-final/Build/Intermediates.noindex/Web\ Studio.build/Debug/Web\ StudioUITests.build/DerivedSources-normal/arm64 -Xcc -I/tmp/web-studio-final/Build/Intermediates.noindex/Web\ Studio.build/Debug/Web\ StudioUITests.build/DerivedSources/arm64 -Xcc -I/tmp/web-studio-final/Build/Intermediates.noindex/Web\ Studio.build/Debug/Web\ StudioUITests.build/DerivedSources -Xcc -DDEBUG\=1 -emit-objc-header -emit-objc-header-path /tmp/web-studio-final/Build/Intermediates.noindex/Web\ Studio.build/Debug/Web\ StudioUITests.build/Objects-normal/arm64/Web_StudioUITests-Swift.h -working-directory /Users/huaodong/workspace/Web\ Studio -experimental-emit-module-separately -disable-cmo

SwiftDriver Web\ StudioTests normal arm64 com.apple.xcode.tools.swift.compiler (in target 'Web StudioTests' from project 'Web Studio')
    cd /Users/huaodong/workspace/Web\ Studio
    builtin-SwiftDriver -- /Applications/Xcode.app/Contents/Developer/Toolchains/XcodeDefault.xctoolchain/usr/bin/swiftc -module-name Web_StudioTests -Onone @/tmp/web-studio-final/Build/Intermediates.noindex/Web\ Studio.build/Debug/Web\ StudioTests.build/Objects-normal/arm64/Web\ StudioTests.SwiftFileList -DDEBUG -plugin-path /Applications/Xcode.app/Contents/Developer/Toolchains/XcodeDefault.xctoolchain/usr/lib/swift/host/plugins/testing -enable-bare-slash-regex -enable-upcoming-feature DisableOutwardActorInference -enable-upcoming-feature InferSendableFromCaptures -enable-upcoming-feature GlobalActorIsolatedTypesUsability -enable-upcoming-feature MemberImportVisibility -enable-upcoming-feature InferIsolatedConformances -enable-upcoming-feature NonisolatedNonsendingByDefault -enable-experimental-feature DebugDescriptionMacro -sdk /Applications/Xcode.app/Contents/Developer/Platforms/MacOSX.platform/Developer/SDKs/MacOSX26.5.sdk -target arm64-apple-macos26.5 -g -module-cache-path /tmp/web-studio-final/ModuleCache.noindex -Xfrontend -serialize-debugging-options -profile-coverage-mapping -profile-generate -enable-testing -index-store-path /tmp/web-studio-final/Index.noindex/DataStore -Xcc -D_LIBCPP_HARDENING_MODE\=_LIBCPP_HARDENING_MODE_DEBUG -swift-version 5 -I /tmp/web-studio-final/Build/Products/Debug -Isystem /Applications/Xcode.app/Contents/Developer/Platforms/MacOSX.platform/Developer/usr/lib -F /tmp/web-studio-final/Build/Products/Debug/PackageFrameworks -F /tmp/web-studio-final/Build/Products/Debug -F /Applications/Xcode.app/Contents/Developer/Platforms/MacOSX.platform/Developer/Library/Frameworks -c -j10 -enable-batch-mode -incremental -Xcc -ivfsstatcache -Xcc /tmp/web-studio-final/SDKStatCaches.noindex/macosx26.5-25F70-688ef53f1462e2c8f657fdc38a81448fe082c4a02f00227109f4ed75e425c832.sdkstatcache -output-file-map /tmp/web-studio-final/Build/Intermediates.noindex/Web\ Studio.build/Debug/Web\ StudioTests.build/Objects-normal/arm64/Web\ StudioTests-OutputFileMap.json -use-frontend-parseable-output -save-temps -no-color-diagnostics -explicit-module-build -module-cache-path /tmp/web-studio-final/Build/Intermediates.noindex/SwiftExplicitPrecompiledModules -clang-scanner-module-cache-path /tmp/web-studio-final/ModuleCache.noindex -sdk-module-cache-path /tmp/web-studio-final/ModuleCache.noindex -serialize-diagnostics -emit-dependencies -emit-module -emit-module-path /tmp/web-studio-final/Build/Intermediates.noindex/Web\ Studio.build/Debug/Web\ StudioTests.build/Objects-normal/arm64/Web_StudioTests.swiftmodule -validate-clang-modules-once -clang-build-session-file /tmp/web-studio-final/ModuleCache.noindex/Session.modulevalidation -Xcc -I/tmp/web-studio-final/Build/Intermediates.noindex/Web\ Studio.build/Debug/Web\ StudioTests.build/swift-overrides.hmap -emit-const-values -Xfrontend -const-gather-protocols-file -Xfrontend /tmp/web-studio-final/Build/Intermediates.noindex/Web\ Studio.build/Debug/Web\ StudioTests.build/Objects-normal/arm64/Web\ StudioTests_const_extract_protocols.json -Xcc -iquote -Xcc /tmp/web-studio-final/Build/Intermediates.noindex/Web\ Studio.build/Debug/Web\ StudioTests.build/Web\ StudioTests-generated-files.hmap -Xcc -I/tmp/web-studio-final/Build/Intermediates.noindex/Web\ Studio.build/Debug/Web\ StudioTests.build/Web\ StudioTests-own-target-headers.hmap -Xcc -I/tmp/web-studio-final/Build/Intermediates.noindex/Web\ Studio.build/Debug/Web\ StudioTests.build/Web\ StudioTests-all-non-framework-target-headers.hmap -Xcc -ivfsoverlay -Xcc /tmp/web-studio-final/Build/Intermediates.noindex/Web\ Studio.build/Debug/Web\ Studio-05bbc44994b91f37e3585941f4bbdee6-VFS/all-product-headers.yaml -Xcc -iquote -Xcc /tmp/web-studio-final/Build/Intermediates.noindex/Web\ Studio.build/Debug/Web\ StudioTests.build/Web\ StudioTests-project-headers.hmap -Xcc -I/tmp/web-studio-final/Build/Products/Debug/include -Xcc -I/tmp/web-studio-final/Build/Intermediates.noindex/Web\ Studio.build/Debug/Web\ StudioTests.build/DerivedSources-normal/arm64 -Xcc -I/tmp/web-studio-final/Build/Intermediates.noindex/Web\ Studio.build/Debug/Web\ StudioTests.build/DerivedSources/arm64 -Xcc -I/tmp/web-studio-final/Build/Intermediates.noindex/Web\ Studio.build/Debug/Web\ StudioTests.build/DerivedSources -Xcc -DDEBUG\=1 -emit-objc-header -emit-objc-header-path /tmp/web-studio-final/Build/Intermediates.noindex/Web\ Studio.build/Debug/Web\ StudioTests.build/Objects-normal/arm64/Web_StudioTests-Swift.h -working-directory /Users/huaodong/workspace/Web\ Studio -experimental-emit-module-separately -disable-cmo

SwiftDriverJobDiscovery normal arm64 Compiling StartPageView.swift (in target 'Web Studio' from project 'Web Studio')

SwiftDriverJobDiscovery normal arm64 Compiling AgentController.swift (in target 'Web Studio' from project 'Web Studio')

SwiftCompile normal arm64 Compiling\ Web_StudioUITests.swift /Users/huaodong/workspace/Web\ Studio/Web\ StudioUITests/Web_StudioUITests.swift (in target 'Web StudioUITests' from project 'Web Studio')

SwiftCompile normal arm64 /Users/huaodong/workspace/Web\ Studio/Web\ StudioUITests/Web_StudioUITests.swift (in target 'Web StudioUITests' from project 'Web Studio')
    cd /Users/huaodong/workspace/Web\ Studio
    

SwiftEmitModule normal arm64 Emitting\ module\ for\ Web_StudioUITests (in target 'Web StudioUITests' from project 'Web Studio')

EmitSwiftModule normal arm64 (in target 'Web StudioUITests' from project 'Web Studio')
    cd /Users/huaodong/workspace/Web\ Studio
    

SwiftCompile normal arm64 Compiling\ CredentialIntegrationTests.swift /Users/huaodong/workspace/Web\ Studio/Web\ StudioTests/CredentialIntegrationTests.swift (in target 'Web StudioTests' from project 'Web Studio')

SwiftCompile normal arm64 /Users/huaodong/workspace/Web\ Studio/Web\ StudioTests/CredentialIntegrationTests.swift (in target 'Web StudioTests' from project 'Web Studio')
    cd /Users/huaodong/workspace/Web\ Studio
    
/Users/huaodong/workspace/Web Studio/Web StudioTests/CredentialIntegrationTests.swift:9:21: warning: main actor-isolated initializer 'init()' cannot be called from outside of the actor; this is an error in the Swift 6 language mode
        let store = KeychainCredentialStore()
                    ^~~~~~~~~~~~~~~~~~~~~~~~~
                    await 

SwiftCompile normal arm64 Compiling\ ProviderSettingsTests.swift /Users/huaodong/workspace/Web\ Studio/Web\ StudioTests/ProviderSettingsTests.swift (in target 'Web StudioTests' from project 'Web Studio')

SwiftCompile normal arm64 /Users/huaodong/workspace/Web\ Studio/Web\ StudioTests/ProviderSettingsTests.swift (in target 'Web StudioTests' from project 'Web Studio')
    cd /Users/huaodong/workspace/Web\ Studio
    

SwiftCompile normal arm64 Compiling\ AgentControllerTests.swift /Users/huaodong/workspace/Web\ Studio/Web\ StudioTests/AgentControllerTests.swift (in target 'Web StudioTests' from project 'Web Studio')

SwiftCompile normal arm64 /Users/huaodong/workspace/Web\ Studio/Web\ StudioTests/AgentControllerTests.swift (in target 'Web StudioTests' from project 'Web Studio')
    cd /Users/huaodong/workspace/Web\ Studio
    
/Users/huaodong/workspace/Web Studio/Web StudioTests/AgentControllerTests.swift:132:130: warning: main actor-isolated static method 'failure(resourceID:message:url:)' cannot be called from outside of the actor; this is an error in the Swift 6 language mode
        let controller = AgentController(store: store, configuration: try ProviderConfiguration(model: "m"), reader: { id, _ in .failure(resourceID: id, message: "read failed") })
                                                                                                                                ~^~~~~~~~~~~~~~~~~~~~~~~~~~~~~~~~~~~~~~~~~~~~~~~
                                                                                                                                await 

SwiftCompile normal arm64 Compiling\ TerminalTests.swift /Users/huaodong/workspace/Web\ Studio/Web\ StudioTests/TerminalTests.swift (in target 'Web StudioTests' from project 'Web Studio')

SwiftCompile normal arm64 /Users/huaodong/workspace/Web\ Studio/Web\ StudioTests/TerminalTests.swift (in target 'Web StudioTests' from project 'Web Studio')
    cd /Users/huaodong/workspace/Web\ Studio
    
/Users/huaodong/workspace/Web Studio/Web StudioTests/TerminalTests.swift:27:90: warning: '#expect(_:_:)' will always fail here; use 'Bool(false)' to silence this warning (from macro 'expect')
        if case .exited(let code) = terminal.state { #expect(code == 7) } else { #expect(false) }
                                                                                         ^~~~~
/Users/huaodong/workspace/Web Studio/Web StudioTests/TerminalTests.swift:77:108: warning: '#expect(_:_:)' will always fail here; use 'Bool(false)' to silence this warning (from macro 'expect')
        if case .interrupted = terminal.state { } else if case .failed = terminal.state { } else { #expect(false) }
                                                                                                           ^~~~~

SwiftEmitModule normal arm64 Emitting\ module\ for\ Web_StudioTests (in target 'Web StudioTests' from project 'Web Studio')

EmitSwiftModule normal arm64 (in target 'Web StudioTests' from project 'Web Studio')
    cd /Users/huaodong/workspace/Web\ Studio
    

SwiftCompile normal arm64 Compiling\ ResourceReadTests.swift /Users/huaodong/workspace/Web\ Studio/Web\ StudioTests/ResourceReadTests.swift (in target 'Web StudioTests' from project 'Web Studio')

SwiftCompile normal arm64 /Users/huaodong/workspace/Web\ Studio/Web\ StudioTests/ResourceReadTests.swift (in target 'Web StudioTests' from project 'Web Studio')
    cd /Users/huaodong/workspace/Web\ Studio
    
/Users/huaodong/workspace/Web Studio/Web StudioTests/ResourceReadTests.swift:121:86: warning: '#expect(_:_:)' will always fail here; use 'Bool(false)' to silence this warning (from macro 'expect')
        if case .ssh = model.webRuntimes.records[sshID]?.location { } else { #expect(false) }
                                                                                     ^~~~~

SwiftCompile normal arm64 Compiling\ AgentServiceTests.swift /Users/huaodong/workspace/Web\ Studio/Web\ StudioTests/AgentServiceTests.swift (in target 'Web StudioTests' from project 'Web Studio')

SwiftCompile normal arm64 /Users/huaodong/workspace/Web\ Studio/Web\ StudioTests/AgentServiceTests.swift (in target 'Web StudioTests' from project 'Web Studio')
    cd /Users/huaodong/workspace/Web\ Studio
    
/Users/huaodong/workspace/Web Studio/Web StudioTests/AgentServiceTests.swift:23:104: warning: main actor-isolated initializer 'init(endpoint:model:)' cannot be called from outside of the actor; this is an error in the Swift 6 language mode
        let endpoint = try #require(URL(string: "https://example.com/v1/responses")); let config = try ProviderConfiguration(endpoint: endpoint.absoluteString, model: "m")
                                                                                                   ~~~~^~~~~~~~~~~~~~~~~~~~~~~~~~~~~~~~~~~~~~~~~~~~~~~~~~~~~~~~~~~~~~~~~~~~
                                                                                                       await 
/Users/huaodong/workspace/Web Studio/Web StudioTests/AgentServiceTests.swift:24:23: warning: main actor-isolated initializer 'init(credentials:provider:)' cannot be called from outside of the actor; this is an error in the Swift 6 language mode
        let service = ConfiguredResponsesService(credentials: FakeCredentials(), provider: StubProvider())
                      ^~~~~~~~~~~~~~~~~~~~~~~~~~~~~~~~~~~~~~~~~~~~~~~~~~~~~~~~~~~~~~~~~~~~~~~~~~~~~~~~~~~~
                      await 
/Users/huaodong/workspace/Web Studio/Web StudioTests/AgentServiceTests.swift:29:104: warning: main actor-isolated initializer 'init(endpoint:model:)' cannot be called from outside of the actor; this is an error in the Swift 6 language mode
        let endpoint = try #require(URL(string: "https://example.com/v1/responses")); let config = try ProviderConfiguration(endpoint: endpoint.absoluteString, model: "m")
                                                                                                   ~~~~^~~~~~~~~~~~~~~~~~~~~~~~~~~~~~~~~~~~~~~~~~~~~~~~~~~~~~~~~~~~~~~~~~~~
                                                                                                       await 
/Users/huaodong/workspace/Web Studio/Web StudioTests/AgentServiceTests.swift:30:23: warning: main actor-isolated initializer 'init(credentials:provider:)' cannot be called from outside of the actor; this is an error in the Swift 6 language mode
        let service = ConfiguredResponsesService(credentials: FakeCredentials("secret"), provider: StubProvider(answer: "grounded"))
                      ^~~~~~~~~~~~~~~~~~~~~~~~~~~~~~~~~~~~~~~~~~~~~~~~~~~~~~~~~~~~~~~~~~~~~~~~~~~~~~~~~~~~~~~~~~~~~~~~~~~~~~~~~~~~~~
                      await 
/Users/huaodong/workspace/Web Studio/Web StudioTests/AgentServiceTests.swift:35:104: warning: main actor-isolated initializer 'init(endpoint:model:)' cannot be called from outside of the actor; this is an error in the Swift 6 language mode
        let endpoint = try #require(URL(string: "https://example.com/v1/responses")); let config = try ProviderConfiguration(endpoint: endpoint.absoluteString, model: "m")
                                                                                                   ~~~~^~~~~~~~~~~~~~~~~~~~~~~~~~~~~~~~~~~~~~~~~~~~~~~~~~~~~~~~~~~~~~~~~~~~
                                                                                                       await 
/Users/huaodong/workspace/Web Studio/Web StudioTests/AgentServiceTests.swift:36:41: warning: main actor-isolated initializer 'init(resourceID:collectedAt:text:isTruncated:errorMessage:sourceURL:title:range:knownDirectory:lifecycle:runtimeErrorMessage:)' cannot be called from outside of the actor; this is an error in the Swift 6 language mode
        let id = UUID(); let snapshot = ResourceSnapshot(resourceID: id, collectedAt: Date(timeIntervalSince1970: 1), text: "selected", isTruncated: false, errorMessage: nil, sourceURL: endpoint, title: "Source", range: 0..<8)
                                        ^~~~~~~~~~~~~~~~~~~~~~~~~~~~~~~~~~~~~~~~~~~~~~~~~~~~~~~~~~~~~~~~~~~~~~~~~~~~~~~~~~~~~~~~~~~~~~~~~~~~~~~~~~~~~~~~~~~~~~~~~~~~~~~~~~~~~~~~~~~~~~~~~~~~~~~~~~~~~~~~~~~~~~~~~~~~~~~~~~~~~~~~~~
                                        await 
/Users/huaodong/workspace/Web Studio/Web StudioTests/AgentServiceTests.swift:53:104: warning: main actor-isolated initializer 'init(endpoint:model:)' cannot be called from outside of the actor; this is an error in the Swift 6 language mode
        let endpoint = try #require(URL(string: "https://example.com/v1/responses")); let config = try ProviderConfiguration(endpoint: endpoint.absoluteString, model: "m"); let req = AgentRequest(question: "q", snapshots: [], configuration: config)
                                                                                                   ~~~~^~~~~~~~~~~~~~~~~~~~~~~~~~~~~~~~~~~~~~~~~~~~~~~~~~~~~~~~~~~~~~~~~~~~
                                                                                                       await 
/Users/huaodong/workspace/Web Studio/Web StudioTests/AgentServiceTests.swift:54:169: warning: main actor-isolated initializer 'init(session:)' cannot be called from outside of the actor; this is an error in the Swift 6 language mode
        let session = URLSession(configuration: { let c = URLSessionConfiguration.ephemeral; c.protocolClasses = [ScriptedProtocol.self]; return c }()); let provider = URLSessionResponsesProvider(session: session)
                                                                                                                                                                        ^~~~~~~~~~~~~~~~~~~~~~~~~~~~~~~~~~~~~~~~~~~~~
                                                                                                                                                                        await 
/Users/huaodong/workspace/Web Studio/Web StudioTests/AgentServiceTests.swift:62:26: warning: main actor-isolated initializer 'init(endpoint:model:)' cannot be called from outside of the actor; this is an error in the Swift 6 language mode
        let config = try ProviderConfiguration(endpoint: "https://example.com/v1/responses", model: "m")
                     ~~~~^~~~~~~~~~~~~~~~~~~~~~~~~~~~~~~~~~~~~~~~~~~~~~~~~~~~~~~~~~~~~~~~~~~~~~~~~~~~~~~
                         await 
/Users/huaodong/workspace/Web Studio/Web StudioTests/AgentServiceTests.swift:65:24: warning: main actor-isolated initializer 'init(session:)' cannot be called from outside of the actor; this is an error in the Swift 6 language mode
        let provider = URLSessionResponsesProvider(session: session)
                       ^~~~~~~~~~~~~~~~~~~~~~~~~~~~~~~~~~~~~~~~~~~~~
                       await 
/Users/huaodong/workspace/Web Studio/Web StudioTests/AgentServiceTests.swift:75:26: warning: main actor-isolated initializer 'init(endpoint:model:)' cannot be called from outside of the actor; this is an error in the Swift 6 language mode
        let config = try ProviderConfiguration(endpoint: "https://example.com/v1/responses", model: "m")
                     ~~~~^~~~~~~~~~~~~~~~~~~~~~~~~~~~~~~~~~~~~~~~~~~~~~~~~~~~~~~~~~~~~~~~~~~~~~~~~~~~~~~
                         await 
/Users/huaodong/workspace/Web Studio/Web StudioTests/AgentServiceTests.swift:77:24: warning: main actor-isolated initializer 'init(session:)' cannot be called from outside of the actor; this is an error in the Swift 6 language mode
        let provider = URLSessionResponsesProvider(session: URLSession(configuration: .ephemeral))
                       ^~~~~~~~~~~~~~~~~~~~~~~~~~~~~~~~~~~~~~~~~~~~~~~~~~~~~~~~~~~~~~~~~~~~~~~~~~~
                       await 
/Users/huaodong/workspace/Web Studio/Web StudioTests/AgentServiceTests.swift:82:24: warning: main actor-isolated initializer 'init(session:)' cannot be called from outside of the actor; this is an error in the Swift 6 language mode
        let provider = URLSessionResponsesProvider(session: URLSession(configuration: .ephemeral))
                       ^~~~~~~~~~~~~~~~~~~~~~~~~~~~~~~~~~~~~~~~~~~~~~~~~~~~~~~~~~~~~~~~~~~~~~~~~~~
                       await 
/Users/huaodong/workspace/Web Studio/Web StudioTests/AgentServiceTests.swift:83:18: warning: main actor-isolated instance method 'urlSession(_:task:willPerformHTTPRedirection:newRequest:completionHandler:)' cannot be called from outside of the actor; this is an error in the Swift 6 language mode
        provider.urlSession(URLSession.shared, task: URLSession.shared.dataTask(with: URL(string: "https://example.com")!), willPerformHTTPRedirection: HTTPURLResponse(url: URL(string: "https://example.com")!, statusCode: 302, httpVersion: nil, headerFields: nil)!, newRequest: URLRequest(url: URL(string: "https://other.example")!)) { request in
        ~~~~~~~~~^~~~~~~~~~~~~~~~~~~~~~~~~~~~~~~~~~~~~~~~~~~~~~~~~~~~~~~~~~~~~~~~~~~~~~~~~~~~~~~~~~~~~~~~~~~~~~~~~~~~~~~~~~~~~~~~~~~~~~~~~~~~~~~~~~~~~~~~~~~~~~~~~~~~~~~~~~~~~~~~~~~~~~~~~~~~~~~~~~~~~~~~~~~~~~~~~~~~~~~~~~~~~~~~~~~~~~~~~~~~~~~~~~~~~~~~~~~~~~~~~~~~~~~~~~~~~~~~~~~~~~~~~~~~~~~~~~~~~~~~~~~~~~~~~~~~~~~~~~~~~~~~~~~~~~~~~~~~~~~~~~~~~~~~~
        await 
/Users/huaodong/workspace/Web Studio/Web StudioTests/AgentServiceTests.swift:89:26: warning: main actor-isolated initializer 'init(endpoint:model:)' cannot be called from outside of the actor; this is an error in the Swift 6 language mode
        let config = try ProviderConfiguration(endpoint: "https://example.com/v1/responses", model: "m")
                     ~~~~^~~~~~~~~~~~~~~~~~~~~~~~~~~~~~~~~~~~~~~~~~~~~~~~~~~~~~~~~~~~~~~~~~~~~~~~~~~~~~~
                         await 
/Users/huaodong/workspace/Web Studio/Web StudioTests/AgentServiceTests.swift:94:24: warning: main actor-isolated initializer 'init(session:)' cannot be called from outside of the actor; this is an error in the Swift 6 language mode
        let provider = URLSessionResponsesProvider(session: URLSession(configuration: configuration))
                       ^~~~~~~~~~~~~~~~~~~~~~~~~~~~~~~~~~~~~~~~~~~~~~~~~~~~~~~~~~~~~~~~~~~~~~~~~~~~~~
                       await 
/Users/huaodong/workspace/Web Studio/Web StudioTests/AgentServiceTests.swift:106:21: warning: main actor-isolated initializer 'init()' cannot be called from outside of the actor; this is an error in the Swift 6 language mode
        let store = KeychainCredentialStore()
                    ^~~~~~~~~~~~~~~~~~~~~~~~~
                    await 

SwiftDriverJobDiscovery normal arm64 Emitting module for Web_StudioUITests (in target 'Web StudioUITests' from project 'Web Studio')

SwiftDriver\ Compilation\ Requirements Web\ StudioUITests normal arm64 com.apple.xcode.tools.swift.compiler (in target 'Web StudioUITests' from project 'Web Studio')
    cd /Users/huaodong/workspace/Web\ Studio
    builtin-Swift-Compilation-Requirements -- /Applications/Xcode.app/Contents/Developer/Toolchains/XcodeDefault.xctoolchain/usr/bin/swiftc -module-name Web_StudioUITests -Onone @/tmp/web-studio-final/Build/Intermediates.noindex/Web\ Studio.build/Debug/Web\ StudioUITests.build/Objects-normal/arm64/Web\ StudioUITests.SwiftFileList -DDEBUG -module-alias Testing\=_Testing_Unavailable -plugin-path /Applications/Xcode.app/Contents/Developer/Toolchains/XcodeDefault.xctoolchain/usr/lib/swift/host/plugins/testing -enable-bare-slash-regex -enable-upcoming-feature DisableOutwardActorInference -enable-upcoming-feature InferSendableFromCaptures -enable-upcoming-feature GlobalActorIsolatedTypesUsability -enable-upcoming-feature MemberImportVisibility -enable-upcoming-feature InferIsolatedConformances -enable-upcoming-feature NonisolatedNonsendingByDefault -enable-experimental-feature DebugDescriptionMacro -sdk /Applications/Xcode.app/Contents/Developer/Platforms/MacOSX.platform/Developer/SDKs/MacOSX26.5.sdk -target arm64-apple-macos26.5 -g -module-cache-path /tmp/web-studio-final/ModuleCache.noindex -Xfrontend -serialize-debugging-options -profile-coverage-mapping -profile-generate -enable-testing -index-store-path /tmp/web-studio-final/Index.noindex/DataStore -Xcc -D_LIBCPP_HARDENING_MODE\=_LIBCPP_HARDENING_MODE_DEBUG -swift-version 5 -I /tmp/web-studio-final/Build/Products/Debug -Isystem /Applications/Xcode.app/Contents/Developer/Platforms/MacOSX.platform/Developer/usr/lib -F /tmp/web-studio-final/Build/Products/Debug -F /Applications/Xcode.app/Contents/Developer/Platforms/MacOSX.platform/Developer/Library/Frameworks -c -j10 -enable-batch-mode -incremental -Xcc -ivfsstatcache -Xcc /tmp/web-studio-final/SDKStatCaches.noindex/macosx26.5-25F70-688ef53f1462e2c8f657fdc38a81448fe082c4a02f00227109f4ed75e425c832.sdkstatcache -output-file-map /tmp/web-studio-final/Build/Intermediates.noindex/Web\ Studio.build/Debug/Web\ StudioUITests.build/Objects-normal/arm64/Web\ StudioUITests-OutputFileMap.json -use-frontend-parseable-output -save-temps -no-color-diagnostics -explicit-module-build -module-cache-path /tmp/web-studio-final/Build/Intermediates.noindex/SwiftExplicitPrecompiledModules -clang-scanner-module-cache-path /tmp/web-studio-final/ModuleCache.noindex -sdk-module-cache-path /tmp/web-studio-final/ModuleCache.noindex -serialize-diagnostics -emit-dependencies -emit-module -emit-module-path /tmp/web-studio-final/Build/Intermediates.noindex/Web\ Studio.build/Debug/Web\ StudioUITests.build/Objects-normal/arm64/Web_StudioUITests.swiftmodule -validate-clang-modules-once -clang-build-session-file /tmp/web-studio-final/ModuleCache.noindex/Session.modulevalidation -Xcc -I/tmp/web-studio-final/Build/Intermediates.noindex/Web\ Studio.build/Debug/Web\ StudioUITests.build/swift-overrides.hmap -emit-const-values -Xfrontend -const-gather-protocols-file -Xfrontend /tmp/web-studio-final/Build/Intermediates.noindex/Web\ Studio.build/Debug/Web\ StudioUITests.build/Objects-normal/arm64/Web\ StudioUITests_const_extract_protocols.json -Xcc -iquote -Xcc /tmp/web-studio-final/Build/Intermediates.noindex/Web\ Studio.build/Debug/Web\ StudioUITests.build/Web\ StudioUITests-generated-files.hmap -Xcc -I/tmp/web-studio-final/Build/Intermediates.noindex/Web\ Studio.build/Debug/Web\ StudioUITests.build/Web\ StudioUITests-own-target-headers.hmap -Xcc -I/tmp/web-studio-final/Build/Intermediates.noindex/Web\ Studio.build/Debug/Web\ StudioUITests.build/Web\ StudioUITests-all-non-framework-target-headers.hmap -Xcc -ivfsoverlay -Xcc /tmp/web-studio-final/Build/Intermediates.noindex/Web\ Studio.build/Debug/Web\ Studio-05bbc44994b91f37e3585941f4bbdee6-VFS/all-product-headers.yaml -Xcc -iquote -Xcc /tmp/web-studio-final/Build/Intermediates.noindex/Web\ Studio.build/Debug/Web\ StudioUITests.build/Web\ StudioUITests-project-headers.hmap -Xcc -I/tmp/web-studio-final/Build/Products/Debug/include -Xcc -I/tmp/web-studio-final/Build/Intermediates.noindex/Web\ Studio.build/Debug/Web\ StudioUITests.build/DerivedSources-normal/arm64 -Xcc -I/tmp/web-studio-final/Build/Intermediates.noindex/Web\ Studio.build/Debug/Web\ StudioUITests.build/DerivedSources/arm64 -Xcc -I/tmp/web-studio-final/Build/Intermediates.noindex/Web\ Studio.build/Debug/Web\ StudioUITests.build/DerivedSources -Xcc -DDEBUG\=1 -emit-objc-header -emit-objc-header-path /tmp/web-studio-final/Build/Intermediates.noindex/Web\ Studio.build/Debug/Web\ StudioUITests.build/Objects-normal/arm64/Web_StudioUITests-Swift.h -working-directory /Users/huaodong/workspace/Web\ Studio -experimental-emit-module-separately -disable-cmo

SwiftDriverJobDiscovery normal arm64 Compiling CredentialIntegrationTests.swift (in target 'Web StudioTests' from project 'Web Studio')

SwiftCompile normal arm64 Compiling\ Web_StudioTests.swift /Users/huaodong/workspace/Web\ Studio/Web\ StudioTests/Web_StudioTests.swift (in target 'Web StudioTests' from project 'Web Studio')
SwiftCompile normal arm64 /Users/huaodong/workspace/Web\ Studio/Web\ StudioTests/Web_StudioTests.swift (in target 'Web StudioTests' from project 'Web Studio')
    cd /Users/huaodong/workspace/Web\ Studio
    
@__swiftmacro_15Web_StudioTests0026Web_StudioTestsswift_DsAGgfMX287_8_6expectfMf_.swift:1:93: warning: main actor-isolated conformance of 'WebTabRuntime.NavigationRoute' to 'Equatable' cannot be used in nonisolated context; this is an error in the Swift 6 language mode
Testing.__checkBinaryOperation(WebTabRuntime.route(for: page, isLinkActivation: false),{ $0 == $1() },.allow,expression: .__fromBinaryOperation(.__fromSyntaxNode("WebTabRuntime.route(for: page, isLinkActivation: false)"),"==",.__fromSyntaxNode(".allow")),comments: [],isRequired: false,sourceLocation: Testing.SourceLocation.__here()).__expected()
                                                                                            ^
/Users/huaodong/workspace/Web Studio/Web StudioTests/Web_StudioTests.swift:288:9: note: in expansion of macro 'expect' here
        #expect(WebTabRuntime.route(for: page, isLinkActivation: false) == .allow)
        ^~~~~~~~~~~~~~~~~~~~~~~~~~~~~~~~~~~~~~~~~~~~~~~~~~~~~~~~~~~~~~~~~~~~~~~~~~
/Users/huaodong/workspace/Web Studio/Web StudioTests/Web_StudioTests.swift:288:9: note: in expansion of macro 'expect' here
        #expect(WebTabRuntime.route(for: page, isLinkActivation: false) == .allow)
        ^~~~~~~~~~~~~~~~~~~~~~~~~~~~~~~~~~~~~~~~~~~~~~~~~~~~~~~~~~~~~~~~~~~~~~~~~~
@__swiftmacro_15Web_StudioTests0026Web_StudioTestsswift_DsAGgfMX289_8_6expectfMf0_.swift:1:94: warning: main actor-isolated conformance of 'WebTabRuntime.NavigationRoute' to 'Equatable' cannot be used in nonisolated context; this is an error in the Swift 6 language mode
Testing.__checkBinaryOperation(WebTabRuntime.route(for: blank, isLinkActivation: false),{ $0 == $1() },.allow,expression: .__fromBinaryOperation(.__fromSyntaxNode("WebTabRuntime.route(for: blank, isLinkActivation: false)"),"==",.__fromSyntaxNode(".allow")),comments: [],isRequired: false,sourceLocation: Testing.SourceLocation.__here()).__expected()
                                                                                             ^
/Users/huaodong/workspace/Web Studio/Web StudioTests/Web_StudioTests.swift:290:9: note: in expansion of macro 'expect' here
        #expect(WebTabRuntime.route(for: blank, isLinkActivation: false) == .allow)
        ^~~~~~~~~~~~~~~~~~~~~~~~~~~~~~~~~~~~~~~~~~~~~~~~~~~~~~~~~~~~~~~~~~~~~~~~~~~
/Users/huaodong/workspace/Web Studio/Web StudioTests/Web_StudioTests.swift:290:9: note: in expansion of macro 'expect' here
        #expect(WebTabRuntime.route(for: blank, isLinkActivation: false) == .allow)
        ^~~~~~~~~~~~~~~~~~~~~~~~~~~~~~~~~~~~~~~~~~~~~~~~~~~~~~~~~~~~~~~~~~~~~~~~~~~
@__swiftmacro_15Web_StudioTests0026Web_StudioTestsswift_DsAGgfMX292_8_6expectfMf1_.swift:1:92: warning: main actor-isolated conformance of 'WebTabRuntime.NavigationRoute' to 'Equatable' cannot be used in nonisolated context; this is an error in the Swift 6 language mode
Testing.__checkBinaryOperation(WebTabRuntime.route(for: mail, isLinkActivation: true),{ $0 == $1() },.openExternally,expression: .__fromBinaryOperation(.__fromSyntaxNode("WebTabRuntime.route(for: mail, isLinkActivation: true)"),"==",.__fromSyntaxNode(".openExternally")),comments: [],isRequired: false,sourceLocation: Testing.SourceLocation.__here()).__expected()
                                                                                           ^
/Users/huaodong/workspace/Web Studio/Web StudioTests/Web_StudioTests.swift:293:9: note: in expansion of macro 'expect' here
        #expect(WebTabRuntime.route(for: mail, isLinkActivation: true) == .openExternally)
        ^~~~~~~~~~~~~~~~~~~~~~~~~~~~~~~~~~~~~~~~~~~~~~~~~~~~~~~~~~~~~~~~~~~~~~~~~~~~~~~~~~
/Users/huaodong/workspace/Web Studio/Web StudioTests/Web_StudioTests.swift:293:9: note: in expansion of macro 'expect' here
        #expect(WebTabRuntime.route(for: mail, isLinkActivation: true) == .openExternally)
        ^~~~~~~~~~~~~~~~~~~~~~~~~~~~~~~~~~~~~~~~~~~~~~~~~~~~~~~~~~~~~~~~~~~~~~~~~~~~~~~~~~
@__swiftmacro_15Web_StudioTests0026Web_StudioTestsswift_DsAGgfMX294_8_6expectfMf2_.swift:1:93: warning: main actor-isolated conformance of 'WebTabRuntime.NavigationRoute' to 'Equatable' cannot be used in nonisolated context; this is an error in the Swift 6 language mode
Testing.__checkBinaryOperation(WebTabRuntime.route(for: mail, isLinkActivation: false),{ $0 == $1() },.cancel,expression: .__fromBinaryOperation(.__fromSyntaxNode("WebTabRuntime.route(for: mail, isLinkActivation: false)"),"==",.__fromSyntaxNode(".cancel")),comments: [.__line("// Same scheme without a click is a page-driven app launch, so it is refused.")],isRequired: false,sourceLocation: Testing.SourceLocation.__here()).__expected()
                                                                                            ^
/Users/huaodong/workspace/Web Studio/Web StudioTests/Web_StudioTests.swift:295:9: note: in expansion of macro 'expect' here
        #expect(WebTabRuntime.route(for: mail, isLinkActivation: false) == .cancel)
        ^~~~~~~~~~~~~~~~~~~~~~~~~~~~~~~~~~~~~~~~~~~~~~~~~~~~~~~~~~~~~~~~~~~~~~~~~~~
/Users/huaodong/workspace/Web Studio/Web StudioTests/Web_StudioTests.swift:295:9: note: in expansion of macro 'expect' here
        #expect(WebTabRuntime.route(for: mail, isLinkActivation: false) == .cancel)
        ^~~~~~~~~~~~~~~~~~~~~~~~~~~~~~~~~~~~~~~~~~~~~~~~~~~~~~~~~~~~~~~~~~~~~~~~~~~
@__swiftmacro_15Web_StudioTests0026Web_StudioTestsswift_DsAGgfMX297_8_6expectfMf3_.swift:1:95: warning: main actor-isolated conformance of 'WebTabRuntime.NavigationRoute' to 'Equatable' cannot be used in nonisolated context; this is an error in the Swift 6 language mode
Testing.__checkBinaryOperation(WebTabRuntime.route(for: unknown, isLinkActivation: true),{ $0 == $1() },.cancel,expression: .__fromBinaryOperation(.__fromSyntaxNode("WebTabRuntime.route(for: unknown, isLinkActivation: true)"),"==",.__fromSyntaxNode(".cancel")),comments: [],isRequired: false,sourceLocation: Testing.SourceLocation.__here()).__expected()
                                                                                              ^
/Users/huaodong/workspace/Web Studio/Web StudioTests/Web_StudioTests.swift:298:9: note: in expansion of macro 'expect' here
        #expect(WebTabRuntime.route(for: unknown, isLinkActivation: true) == .cancel)
        ^~~~~~~~~~~~~~~~~~~~~~~~~~~~~~~~~~~~~~~~~~~~~~~~~~~~~~~~~~~~~~~~~~~~~~~~~~~~~
/Users/huaodong/workspace/Web Studio/Web StudioTests/Web_StudioTests.swift:298:9: note: in expansion of macro 'expect' here
        #expect(WebTabRuntime.route(for: unknown, isLinkActivation: true) == .cancel)
        ^~~~~~~~~~~~~~~~~~~~~~~~~~~~~~~~~~~~~~~~~~~~~~~~~~~~~~~~~~~~~~~~~~~~~~~~~~~~~
@__swiftmacro_15Web_StudioTests0026Web_StudioTestsswift_DsAGgfMX299_8_6expectfMf4_.swift:1:92: warning: main actor-isolated conformance of 'WebTabRuntime.NavigationRoute' to 'Equatable' cannot be used in nonisolated context; this is an error in the Swift 6 language mode
Testing.__checkBinaryOperation(WebTabRuntime.route(for: file, isLinkActivation: true),{ $0 == $1() },.cancel,expression: .__fromBinaryOperation(.__fromSyntaxNode("WebTabRuntime.route(for: file, isLinkActivation: true)"),"==",.__fromSyntaxNode(".cancel")),comments: [],isRequired: false,sourceLocation: Testing.SourceLocation.__here()).__expected()
                                                                                           ^
/Users/huaodong/workspace/Web Studio/Web StudioTests/Web_StudioTests.swift:300:9: note: in expansion of macro 'expect' here
        #expect(WebTabRuntime.route(for: file, isLinkActivation: true) == .cancel)
        ^~~~~~~~~~~~~~~~~~~~~~~~~~~~~~~~~~~~~~~~~~~~~~~~~~~~~~~~~~~~~~~~~~~~~~~~~~
/Users/huaodong/workspace/Web Studio/Web StudioTests/Web_StudioTests.swift:300:9: note: in expansion of macro 'expect' here
        #expect(WebTabRuntime.route(for: file, isLinkActivation: true) == .cancel)
        ^~~~~~~~~~~~~~~~~~~~~~~~~~~~~~~~~~~~~~~~~~~~~~~~~~~~~~~~~~~~~~~~~~~~~~~~~~
/Users/huaodong/workspace/Web Studio/Web StudioTests/Web_StudioTests.swift:667:13: warning: initialization of immutable value 'resource' was never used; consider replacing with assignment to '_' or removing it
        let resource = model.selectedTabID
        ~~~~^~~~~~~~
        _
/Users/huaodong/workspace/Web Studio/Web StudioTests/Web_StudioTests.swift:705:110: warning: '#require(_:_:)' is redundant because 'URL(string: "https://example.com")' never equals 'nil' (from macro 'require')
        let source = model.webRuntimes.registerWeb(groupID: model.selectedGroupID, destination: try #require(URL(string: "https://example.com")))
                                                                                                             ^~~~~~~~~~~~~~~~~~~~~~~~~~~~~~~~~~

Copy /tmp/web-studio-final/Build/Products/Debug/Web_StudioUITests.swiftmodule/Project/arm64-apple-macos.swiftsourceinfo /tmp/web-studio-final/Build/Intermediates.noindex/Web\ Studio.build/Debug/Web\ StudioUITests.build/Objects-normal/arm64/Web_StudioUITests.swiftsourceinfo (in target 'Web StudioUITests' from project 'Web Studio')
    cd /Users/huaodong/workspace/Web\ Studio
    builtin-copy -exclude .DS_Store -exclude CVS -exclude .svn -exclude .git -exclude .hg -resolve-src-symlinks -rename /tmp/web-studio-final/Build/Intermediates.noindex/Web\ Studio.build/Debug/Web\ StudioUITests.build/Objects-normal/arm64/Web_StudioUITests.swiftsourceinfo /tmp/web-studio-final/Build/Products/Debug/Web_StudioUITests.swiftmodule/Project/arm64-apple-macos.swiftsourceinfo

SwiftDriverJobDiscovery normal arm64 Compiling Web_StudioUITests.swift (in target 'Web StudioUITests' from project 'Web Studio')

SwiftDriver\ Compilation Web\ StudioUITests normal arm64 com.apple.xcode.tools.swift.compiler (in target 'Web StudioUITests' from project 'Web Studio')
    cd /Users/huaodong/workspace/Web\ Studio
    builtin-Swift-Compilation -- /Applications/Xcode.app/Contents/Developer/Toolchains/XcodeDefault.xctoolchain/usr/bin/swiftc -module-name Web_StudioUITests -Onone @/tmp/web-studio-final/Build/Intermediates.noindex/Web\ Studio.build/Debug/Web\ StudioUITests.build/Objects-normal/arm64/Web\ StudioUITests.SwiftFileList -DDEBUG -module-alias Testing\=_Testing_Unavailable -plugin-path /Applications/Xcode.app/Contents/Developer/Toolchains/XcodeDefault.xctoolchain/usr/lib/swift/host/plugins/testing -enable-bare-slash-regex -enable-upcoming-feature DisableOutwardActorInference -enable-upcoming-feature InferSendableFromCaptures -enable-upcoming-feature GlobalActorIsolatedTypesUsability -enable-upcoming-feature MemberImportVisibility -enable-upcoming-feature InferIsolatedConformances -enable-upcoming-feature NonisolatedNonsendingByDefault -enable-experimental-feature DebugDescriptionMacro -sdk /Applications/Xcode.app/Contents/Developer/Platforms/MacOSX.platform/Developer/SDKs/MacOSX26.5.sdk -target arm64-apple-macos26.5 -g -module-cache-path /tmp/web-studio-final/ModuleCache.noindex -Xfrontend -serialize-debugging-options -profile-coverage-mapping -profile-generate -enable-testing -index-store-path /tmp/web-studio-final/Index.noindex/DataStore -Xcc -D_LIBCPP_HARDENING_MODE\=_LIBCPP_HARDENING_MODE_DEBUG -swift-version 5 -I /tmp/web-studio-final/Build/Products/Debug -Isystem /Applications/Xcode.app/Contents/Developer/Platforms/MacOSX.platform/Developer/usr/lib -F /tmp/web-studio-final/Build/Products/Debug -F /Applications/Xcode.app/Contents/Developer/Platforms/MacOSX.platform/Developer/Library/Frameworks -c -j10 -enable-batch-mode -incremental -Xcc -ivfsstatcache -Xcc /tmp/web-studio-final/SDKStatCaches.noindex/macosx26.5-25F70-688ef53f1462e2c8f657fdc38a81448fe082c4a02f00227109f4ed75e425c832.sdkstatcache -output-file-map /tmp/web-studio-final/Build/Intermediates.noindex/Web\ Studio.build/Debug/Web\ StudioUITests.build/Objects-normal/arm64/Web\ StudioUITests-OutputFileMap.json -use-frontend-parseable-output -save-temps -no-color-diagnostics -explicit-module-build -module-cache-path /tmp/web-studio-final/Build/Intermediates.noindex/SwiftExplicitPrecompiledModules -clang-scanner-module-cache-path /tmp/web-studio-final/ModuleCache.noindex -sdk-module-cache-path /tmp/web-studio-final/ModuleCache.noindex -serialize-diagnostics -emit-dependencies -emit-module -emit-module-path /tmp/web-studio-final/Build/Intermediates.noindex/Web\ Studio.build/Debug/Web\ StudioUITests.build/Objects-normal/arm64/Web_StudioUITests.swiftmodule -validate-clang-modules-once -clang-build-session-file /tmp/web-studio-final/ModuleCache.noindex/Session.modulevalidation -Xcc -I/tmp/web-studio-final/Build/Intermediates.noindex/Web\ Studio.build/Debug/Web\ StudioUITests.build/swift-overrides.hmap -emit-const-values -Xfrontend -const-gather-protocols-file -Xfrontend /tmp/web-studio-final/Build/Intermediates.noindex/Web\ Studio.build/Debug/Web\ StudioUITests.build/Objects-normal/arm64/Web\ StudioUITests_const_extract_protocols.json -Xcc -iquote -Xcc /tmp/web-studio-final/Build/Intermediates.noindex/Web\ Studio.build/Debug/Web\ StudioUITests.build/Web\ StudioUITests-generated-files.hmap -Xcc -I/tmp/web-studio-final/Build/Intermediates.noindex/Web\ Studio.build/Debug/Web\ StudioUITests.build/Web\ StudioUITests-own-target-headers.hmap -Xcc -I/tmp/web-studio-final/Build/Intermediates.noindex/Web\ Studio.build/Debug/Web\ StudioUITests.build/Web\ StudioUITests-all-non-framework-target-headers.hmap -Xcc -ivfsoverlay -Xcc /tmp/web-studio-final/Build/Intermediates.noindex/Web\ Studio.build/Debug/Web\ Studio-05bbc44994b91f37e3585941f4bbdee6-VFS/all-product-headers.yaml -Xcc -iquote -Xcc /tmp/web-studio-final/Build/Intermediates.noindex/Web\ Studio.build/Debug/Web\ StudioUITests.build/Web\ StudioUITests-project-headers.hmap -Xcc -I/tmp/web-studio-final/Build/Products/Debug/include -Xcc -I/tmp/web-studio-final/Build/Intermediates.noindex/Web\ Studio.build/Debug/Web\ StudioUITests.build/DerivedSources-normal/arm64 -Xcc -I/tmp/web-studio-final/Build/Intermediates.noindex/Web\ Studio.build/Debug/Web\ StudioUITests.build/DerivedSources/arm64 -Xcc -I/tmp/web-studio-final/Build/Intermediates.noindex/Web\ Studio.build/Debug/Web\ StudioUITests.build/DerivedSources -Xcc -DDEBUG\=1 -emit-objc-header -emit-objc-header-path /tmp/web-studio-final/Build/Intermediates.noindex/Web\ Studio.build/Debug/Web\ StudioUITests.build/Objects-normal/arm64/Web_StudioUITests-Swift.h -working-directory /Users/huaodong/workspace/Web\ Studio -experimental-emit-module-separately -disable-cmo

Copy /tmp/web-studio-final/Build/Products/Debug/Web_StudioUITests.swiftmodule/arm64-apple-macos.swiftmodule /tmp/web-studio-final/Build/Intermediates.noindex/Web\ Studio.build/Debug/Web\ StudioUITests.build/Objects-normal/arm64/Web_StudioUITests.swiftmodule (in target 'Web StudioUITests' from project 'Web Studio')
    cd /Users/huaodong/workspace/Web\ Studio
    builtin-copy -exclude .DS_Store -exclude CVS -exclude .svn -exclude .git -exclude .hg -resolve-src-symlinks -rename /tmp/web-studio-final/Build/Intermediates.noindex/Web\ Studio.build/Debug/Web\ StudioUITests.build/Objects-normal/arm64/Web_StudioUITests.swiftmodule /tmp/web-studio-final/Build/Products/Debug/Web_StudioUITests.swiftmodule/arm64-apple-macos.swiftmodule

Copy /tmp/web-studio-final/Build/Products/Debug/Web_StudioUITests.swiftmodule/arm64-apple-macos.abi.json /tmp/web-studio-final/Build/Intermediates.noindex/Web\ Studio.build/Debug/Web\ StudioUITests.build/Objects-normal/arm64/Web_StudioUITests.abi.json (in target 'Web StudioUITests' from project 'Web Studio')
    cd /Users/huaodong/workspace/Web\ Studio
    builtin-copy -exclude .DS_Store -exclude CVS -exclude .svn -exclude .git -exclude .hg -resolve-src-symlinks -rename /tmp/web-studio-final/Build/Intermediates.noindex/Web\ Studio.build/Debug/Web\ StudioUITests.build/Objects-normal/arm64/Web_StudioUITests.abi.json /tmp/web-studio-final/Build/Products/Debug/Web_StudioUITests.swiftmodule/arm64-apple-macos.abi.json

SwiftDriverJobDiscovery normal arm64 Compiling TerminalTests.swift (in target 'Web StudioTests' from project 'Web Studio')

SwiftDriverJobDiscovery normal arm64 Compiling ProviderSettingsTests.swift (in target 'Web StudioTests' from project 'Web Studio')

SwiftDriverJobDiscovery normal arm64 Emitting module for Web_StudioTests (in target 'Web StudioTests' from project 'Web Studio')

SwiftDriver\ Compilation\ Requirements Web\ StudioTests normal arm64 com.apple.xcode.tools.swift.compiler (in target 'Web StudioTests' from project 'Web Studio')
    cd /Users/huaodong/workspace/Web\ Studio
    builtin-Swift-Compilation-Requirements -- /Applications/Xcode.app/Contents/Developer/Toolchains/XcodeDefault.xctoolchain/usr/bin/swiftc -module-name Web_StudioTests -Onone @/tmp/web-studio-final/Build/Intermediates.noindex/Web\ Studio.build/Debug/Web\ StudioTests.build/Objects-normal/arm64/Web\ StudioTests.SwiftFileList -DDEBUG -plugin-path /Applications/Xcode.app/Contents/Developer/Toolchains/XcodeDefault.xctoolchain/usr/lib/swift/host/plugins/testing -enable-bare-slash-regex -enable-upcoming-feature DisableOutwardActorInference -enable-upcoming-feature InferSendableFromCaptures -enable-upcoming-feature GlobalActorIsolatedTypesUsability -enable-upcoming-feature MemberImportVisibility -enable-upcoming-feature InferIsolatedConformances -enable-upcoming-feature NonisolatedNonsendingByDefault -enable-experimental-feature DebugDescriptionMacro -sdk /Applications/Xcode.app/Contents/Developer/Platforms/MacOSX.platform/Developer/SDKs/MacOSX26.5.sdk -target arm64-apple-macos26.5 -g -module-cache-path /tmp/web-studio-final/ModuleCache.noindex -Xfrontend -serialize-debugging-options -profile-coverage-mapping -profile-generate -enable-testing -index-store-path /tmp/web-studio-final/Index.noindex/DataStore -Xcc -D_LIBCPP_HARDENING_MODE\=_LIBCPP_HARDENING_MODE_DEBUG -swift-version 5 -I /tmp/web-studio-final/Build/Products/Debug -Isystem /Applications/Xcode.app/Contents/Developer/Platforms/MacOSX.platform/Developer/usr/lib -F /tmp/web-studio-final/Build/Products/Debug/PackageFrameworks -F /tmp/web-studio-final/Build/Products/Debug -F /Applications/Xcode.app/Contents/Developer/Platforms/MacOSX.platform/Developer/Library/Frameworks -c -j10 -enable-batch-mode -incremental -Xcc -ivfsstatcache -Xcc /tmp/web-studio-final/SDKStatCaches.noindex/macosx26.5-25F70-688ef53f1462e2c8f657fdc38a81448fe082c4a02f00227109f4ed75e425c832.sdkstatcache -output-file-map /tmp/web-studio-final/Build/Intermediates.noindex/Web\ Studio.build/Debug/Web\ StudioTests.build/Objects-normal/arm64/Web\ StudioTests-OutputFileMap.json -use-frontend-parseable-output -save-temps -no-color-diagnostics -explicit-module-build -module-cache-path /tmp/web-studio-final/Build/Intermediates.noindex/SwiftExplicitPrecompiledModules -clang-scanner-module-cache-path /tmp/web-studio-final/ModuleCache.noindex -sdk-module-cache-path /tmp/web-studio-final/ModuleCache.noindex -serialize-diagnostics -emit-dependencies -emit-module -emit-module-path /tmp/web-studio-final/Build/Intermediates.noindex/Web\ Studio.build/Debug/Web\ StudioTests.build/Objects-normal/arm64/Web_StudioTests.swiftmodule -validate-clang-modules-once -clang-build-session-file /tmp/web-studio-final/ModuleCache.noindex/Session.modulevalidation -Xcc -I/tmp/web-studio-final/Build/Intermediates.noindex/Web\ Studio.build/Debug/Web\ StudioTests.build/swift-overrides.hmap -emit-const-values -Xfrontend -const-gather-protocols-file -Xfrontend /tmp/web-studio-final/Build/Intermediates.noindex/Web\ Studio.build/Debug/Web\ StudioTests.build/Objects-normal/arm64/Web\ StudioTests_const_extract_protocols.json -Xcc -iquote -Xcc /tmp/web-studio-final/Build/Intermediates.noindex/Web\ Studio.build/Debug/Web\ StudioTests.build/Web\ StudioTests-generated-files.hmap -Xcc -I/tmp/web-studio-final/Build/Intermediates.noindex/Web\ Studio.build/Debug/Web\ StudioTests.build/Web\ StudioTests-own-target-headers.hmap -Xcc -I/tmp/web-studio-final/Build/Intermediates.noindex/Web\ Studio.build/Debug/Web\ StudioTests.build/Web\ StudioTests-all-non-framework-target-headers.hmap -Xcc -ivfsoverlay -Xcc /tmp/web-studio-final/Build/Intermediates.noindex/Web\ Studio.build/Debug/Web\ Studio-05bbc44994b91f37e3585941f4bbdee6-VFS/all-product-headers.yaml -Xcc -iquote -Xcc /tmp/web-studio-final/Build/Intermediates.noindex/Web\ Studio.build/Debug/Web\ StudioTests.build/Web\ StudioTests-project-headers.hmap -Xcc -I/tmp/web-studio-final/Build/Products/Debug/include -Xcc -I/tmp/web-studio-final/Build/Intermediates.noindex/Web\ Studio.build/Debug/Web\ StudioTests.build/DerivedSources-normal/arm64 -Xcc -I/tmp/web-studio-final/Build/Intermediates.noindex/Web\ Studio.build/Debug/Web\ StudioTests.build/DerivedSources/arm64 -Xcc -I/tmp/web-studio-final/Build/Intermediates.noindex/Web\ Studio.build/Debug/Web\ StudioTests.build/DerivedSources -Xcc -DDEBUG\=1 -emit-objc-header -emit-objc-header-path /tmp/web-studio-final/Build/Intermediates.noindex/Web\ Studio.build/Debug/Web\ StudioTests.build/Objects-normal/arm64/Web_StudioTests-Swift.h -working-directory /Users/huaodong/workspace/Web\ Studio -experimental-emit-module-separately -disable-cmo

Copy /tmp/web-studio-final/Build/Products/Debug/Web_StudioTests.swiftmodule/Project/arm64-apple-macos.swiftsourceinfo /tmp/web-studio-final/Build/Intermediates.noindex/Web\ Studio.build/Debug/Web\ StudioTests.build/Objects-normal/arm64/Web_StudioTests.swiftsourceinfo (in target 'Web StudioTests' from project 'Web Studio')
    cd /Users/huaodong/workspace/Web\ Studio
    builtin-copy -exclude .DS_Store -exclude CVS -exclude .svn -exclude .git -exclude .hg -resolve-src-symlinks -rename /tmp/web-studio-final/Build/Intermediates.noindex/Web\ Studio.build/Debug/Web\ StudioTests.build/Objects-normal/arm64/Web_StudioTests.swiftsourceinfo /tmp/web-studio-final/Build/Products/Debug/Web_StudioTests.swiftmodule/Project/arm64-apple-macos.swiftsourceinfo

Copy /tmp/web-studio-final/Build/Products/Debug/Web_StudioTests.swiftmodule/arm64-apple-macos.swiftmodule /tmp/web-studio-final/Build/Intermediates.noindex/Web\ Studio.build/Debug/Web\ StudioTests.build/Objects-normal/arm64/Web_StudioTests.swiftmodule (in target 'Web StudioTests' from project 'Web Studio')
    cd /Users/huaodong/workspace/Web\ Studio
    builtin-copy -exclude .DS_Store -exclude CVS -exclude .svn -exclude .git -exclude .hg -resolve-src-symlinks -rename /tmp/web-studio-final/Build/Intermediates.noindex/Web\ Studio.build/Debug/Web\ StudioTests.build/Objects-normal/arm64/Web_StudioTests.swiftmodule /tmp/web-studio-final/Build/Products/Debug/Web_StudioTests.swiftmodule/arm64-apple-macos.swiftmodule

Copy /tmp/web-studio-final/Build/Products/Debug/Web_StudioTests.swiftmodule/arm64-apple-macos.abi.json /tmp/web-studio-final/Build/Intermediates.noindex/Web\ Studio.build/Debug/Web\ StudioTests.build/Objects-normal/arm64/Web_StudioTests.abi.json (in target 'Web StudioTests' from project 'Web Studio')
    cd /Users/huaodong/workspace/Web\ Studio
    builtin-copy -exclude .DS_Store -exclude CVS -exclude .svn -exclude .git -exclude .hg -resolve-src-symlinks -rename /tmp/web-studio-final/Build/Intermediates.noindex/Web\ Studio.build/Debug/Web\ StudioTests.build/Objects-normal/arm64/Web_StudioTests.abi.json /tmp/web-studio-final/Build/Products/Debug/Web_StudioTests.swiftmodule/arm64-apple-macos.abi.json

SwiftDriverJobDiscovery normal arm64 Compiling AgentViews.swift (in target 'Web Studio' from project 'Web Studio')

SwiftDriverJobDiscovery normal arm64 Compiling AgentServiceTests.swift (in target 'Web StudioTests' from project 'Web Studio')

SwiftDriverJobDiscovery normal arm64 Compiling ResourceReadTests.swift (in target 'Web StudioTests' from project 'Web Studio')

SwiftDriverJobDiscovery normal arm64 Compiling AgentControllerTests.swift (in target 'Web StudioTests' from project 'Web Studio')

SwiftDriverJobDiscovery normal arm64 Compiling ContentView.swift (in target 'Web Studio' from project 'Web Studio')

SwiftCompile normal arm64 Compiling\ WindowLifecycle.swift /Users/huaodong/workspace/Web\ Studio/Web\ Studio/WindowLifecycle.swift (in target 'Web Studio' from project 'Web Studio')
SwiftCompile normal arm64 /Users/huaodong/workspace/Web\ Studio/Web\ Studio/WindowLifecycle.swift (in target 'Web Studio' from project 'Web Studio')
    cd /Users/huaodong/workspace/Web\ Studio
    

SwiftCompile normal arm64 Compiling\ Web_StudioApp.swift /Users/huaodong/workspace/Web\ Studio/Web\ Studio/Web_StudioApp.swift (in target 'Web Studio' from project 'Web Studio')
SwiftCompile normal arm64 /Users/huaodong/workspace/Web\ Studio/Web\ Studio/Web_StudioApp.swift (in target 'Web Studio' from project 'Web Studio')
    cd /Users/huaodong/workspace/Web\ Studio
    

SwiftCompile normal arm64 Compiling\ WorkspaceSplitView.swift /Users/huaodong/workspace/Web\ Studio/Web\ Studio/WorkspaceSplitView.swift (in target 'Web Studio' from project 'Web Studio')
SwiftCompile normal arm64 /Users/huaodong/workspace/Web\ Studio/Web\ Studio/WorkspaceSplitView.swift (in target 'Web Studio' from project 'Web Studio')
    cd /Users/huaodong/workspace/Web\ Studio
    

SwiftDriverJobDiscovery normal arm64 Compiling Web_StudioTests.swift (in target 'Web StudioTests' from project 'Web Studio')

SwiftDriver\ Compilation Web\ StudioTests normal arm64 com.apple.xcode.tools.swift.compiler (in target 'Web StudioTests' from project 'Web Studio')
    cd /Users/huaodong/workspace/Web\ Studio
    builtin-Swift-Compilation -- /Applications/Xcode.app/Contents/Developer/Toolchains/XcodeDefault.xctoolchain/usr/bin/swiftc -module-name Web_StudioTests -Onone @/tmp/web-studio-final/Build/Intermediates.noindex/Web\ Studio.build/Debug/Web\ StudioTests.build/Objects-normal/arm64/Web\ StudioTests.SwiftFileList -DDEBUG -plugin-path /Applications/Xcode.app/Contents/Developer/Toolchains/XcodeDefault.xctoolchain/usr/lib/swift/host/plugins/testing -enable-bare-slash-regex -enable-upcoming-feature DisableOutwardActorInference -enable-upcoming-feature InferSendableFromCaptures -enable-upcoming-feature GlobalActorIsolatedTypesUsability -enable-upcoming-feature MemberImportVisibility -enable-upcoming-feature InferIsolatedConformances -enable-upcoming-feature NonisolatedNonsendingByDefault -enable-experimental-feature DebugDescriptionMacro -sdk /Applications/Xcode.app/Contents/Developer/Platforms/MacOSX.platform/Developer/SDKs/MacOSX26.5.sdk -target arm64-apple-macos26.5 -g -module-cache-path /tmp/web-studio-final/ModuleCache.noindex -Xfrontend -serialize-debugging-options -profile-coverage-mapping -profile-generate -enable-testing -index-store-path /tmp/web-studio-final/Index.noindex/DataStore -Xcc -D_LIBCPP_HARDENING_MODE\=_LIBCPP_HARDENING_MODE_DEBUG -swift-version 5 -I /tmp/web-studio-final/Build/Products/Debug -Isystem /Applications/Xcode.app/Contents/Developer/Platforms/MacOSX.platform/Developer/usr/lib -F /tmp/web-studio-final/Build/Products/Debug/PackageFrameworks -F /tmp/web-studio-final/Build/Products/Debug -F /Applications/Xcode.app/Contents/Developer/Platforms/MacOSX.platform/Developer/Library/Frameworks -c -j10 -enable-batch-mode -incremental -Xcc -ivfsstatcache -Xcc /tmp/web-studio-final/SDKStatCaches.noindex/macosx26.5-25F70-688ef53f1462e2c8f657fdc38a81448fe082c4a02f00227109f4ed75e425c832.sdkstatcache -output-file-map /tmp/web-studio-final/Build/Intermediates.noindex/Web\ Studio.build/Debug/Web\ StudioTests.build/Objects-normal/arm64/Web\ StudioTests-OutputFileMap.json -use-frontend-parseable-output -save-temps -no-color-diagnostics -explicit-module-build -module-cache-path /tmp/web-studio-final/Build/Intermediates.noindex/SwiftExplicitPrecompiledModules -clang-scanner-module-cache-path /tmp/web-studio-final/ModuleCache.noindex -sdk-module-cache-path /tmp/web-studio-final/ModuleCache.noindex -serialize-diagnostics -emit-dependencies -emit-module -emit-module-path /tmp/web-studio-final/Build/Intermediates.noindex/Web\ Studio.build/Debug/Web\ StudioTests.build/Objects-normal/arm64/Web_StudioTests.swiftmodule -validate-clang-modules-once -clang-build-session-file /tmp/web-studio-final/ModuleCache.noindex/Session.modulevalidation -Xcc -I/tmp/web-studio-final/Build/Intermediates.noindex/Web\ Studio.build/Debug/Web\ StudioTests.build/swift-overrides.hmap -emit-const-values -Xfrontend -const-gather-protocols-file -Xfrontend /tmp/web-studio-final/Build/Intermediates.noindex/Web\ Studio.build/Debug/Web\ StudioTests.build/Objects-normal/arm64/Web\ StudioTests_const_extract_protocols.json -Xcc -iquote -Xcc /tmp/web-studio-final/Build/Intermediates.noindex/Web\ Studio.build/Debug/Web\ StudioTests.build/Web\ StudioTests-generated-files.hmap -Xcc -I/tmp/web-studio-final/Build/Intermediates.noindex/Web\ Studio.build/Debug/Web\ StudioTests.build/Web\ StudioTests-own-target-headers.hmap -Xcc -I/tmp/web-studio-final/Build/Intermediates.noindex/Web\ Studio.build/Debug/Web\ StudioTests.build/Web\ StudioTests-all-non-framework-target-headers.hmap -Xcc -ivfsoverlay -Xcc /tmp/web-studio-final/Build/Intermediates.noindex/Web\ Studio.build/Debug/Web\ Studio-05bbc44994b91f37e3585941f4bbdee6-VFS/all-product-headers.yaml -Xcc -iquote -Xcc /tmp/web-studio-final/Build/Intermediates.noindex/Web\ Studio.build/Debug/Web\ StudioTests.build/Web\ StudioTests-project-headers.hmap -Xcc -I/tmp/web-studio-final/Build/Products/Debug/include -Xcc -I/tmp/web-studio-final/Build/Intermediates.noindex/Web\ Studio.build/Debug/Web\ StudioTests.build/DerivedSources-normal/arm64 -Xcc -I/tmp/web-studio-final/Build/Intermediates.noindex/Web\ Studio.build/Debug/Web\ StudioTests.build/DerivedSources/arm64 -Xcc -I/tmp/web-studio-final/Build/Intermediates.noindex/Web\ Studio.build/Debug/Web\ StudioTests.build/DerivedSources -Xcc -DDEBUG\=1 -emit-objc-header -emit-objc-header-path /tmp/web-studio-final/Build/Intermediates.noindex/Web\ Studio.build/Debug/Web\ StudioTests.build/Objects-normal/arm64/Web_StudioTests-Swift.h -working-directory /Users/huaodong/workspace/Web\ Studio -experimental-emit-module-separately -disable-cmo

SwiftDriverJobDiscovery normal arm64 Compiling WindowLifecycle.swift (in target 'Web Studio' from project 'Web Studio')

SwiftDriverJobDiscovery normal arm64 Compiling Web_StudioApp.swift (in target 'Web Studio' from project 'Web Studio')

SwiftDriverJobDiscovery normal arm64 Compiling WorkspaceSplitView.swift (in target 'Web Studio' from project 'Web Studio')

SwiftDriver\ Compilation Web\ Studio normal arm64 com.apple.xcode.tools.swift.compiler (in target 'Web Studio' from project 'Web Studio')
    cd /Users/huaodong/workspace/Web\ Studio
    builtin-Swift-Compilation -- /Applications/Xcode.app/Contents/Developer/Toolchains/XcodeDefault.xctoolchain/usr/bin/swiftc -module-name Web_Studio -Onone @/tmp/web-studio-final/Build/Intermediates.noindex/Web\ Studio.build/Debug/Web\ Studio.build/Objects-normal/arm64/Web\ Studio.SwiftFileList -DDEBUG -default-isolation\=MainActor -enable-bare-slash-regex -enable-upcoming-feature DisableOutwardActorInference -enable-upcoming-feature InferSendableFromCaptures -enable-upcoming-feature GlobalActorIsolatedTypesUsability -enable-upcoming-feature MemberImportVisibility -enable-upcoming-feature InferIsolatedConformances -enable-upcoming-feature NonisolatedNonsendingByDefault -enable-experimental-feature DebugDescriptionMacro -sdk /Applications/Xcode.app/Contents/Developer/Platforms/MacOSX.platform/Developer/SDKs/MacOSX26.5.sdk -target arm64-apple-macos26.5 -g -module-cache-path /tmp/web-studio-final/ModuleCache.noindex -Xfrontend -serialize-debugging-options -profile-coverage-mapping -profile-generate -enable-testing -index-store-path /tmp/web-studio-final/Index.noindex/DataStore -Xcc -D_LIBCPP_HARDENING_MODE\=_LIBCPP_HARDENING_MODE_DEBUG -swift-version 5 -I /tmp/web-studio-final/Build/Products/Debug -F /tmp/web-studio-final/Build/Products/Debug/PackageFrameworks -F /tmp/web-studio-final/Build/Products/Debug -emit-localized-strings -emit-localized-strings-path /tmp/web-studio-final/Build/Intermediates.noindex/Web\ Studio.build/Debug/Web\ Studio.build/Objects-normal/arm64 -c -j10 -enable-batch-mode -incremental -Xcc -ivfsstatcache -Xcc /tmp/web-studio-final/SDKStatCaches.noindex/macosx26.5-25F70-688ef53f1462e2c8f657fdc38a81448fe082c4a02f00227109f4ed75e425c832.sdkstatcache -output-file-map /tmp/web-studio-final/Build/Intermediates.noindex/Web\ Studio.build/Debug/Web\ Studio.build/Objects-normal/arm64/Web\ Studio-OutputFileMap.json -use-frontend-parseable-output -save-temps -no-color-diagnostics -explicit-module-build -module-cache-path /tmp/web-studio-final/Build/Intermediates.noindex/SwiftExplicitPrecompiledModules -clang-scanner-module-cache-path /tmp/web-studio-final/ModuleCache.noindex -sdk-module-cache-path /tmp/web-studio-final/ModuleCache.noindex -serialize-diagnostics -emit-dependencies -emit-module -emit-module-path /tmp/web-studio-final/Build/Intermediates.noindex/Web\ Studio.build/Debug/Web\ Studio.build/Objects-normal/arm64/Web_Studio.swiftmodule -validate-clang-modules-once -clang-build-session-file /tmp/web-studio-final/ModuleCache.noindex/Session.modulevalidation -Xcc -I/tmp/web-studio-final/Build/Intermediates.noindex/Web\ Studio.build/Debug/Web\ Studio.build/swift-overrides.hmap -emit-const-values -Xfrontend -const-gather-protocols-file -Xfrontend /tmp/web-studio-final/Build/Intermediates.noindex/Web\ Studio.build/Debug/Web\ Studio.build/Objects-normal/arm64/Web\ Studio_const_extract_protocols.json -Xcc -iquote -Xcc /tmp/web-studio-final/Build/Intermediates.noindex/Web\ Studio.build/Debug/Web\ Studio.build/Web\ Studio-generated-files.hmap -Xcc -I/tmp/web-studio-final/Build/Intermediates.noindex/Web\ Studio.build/Debug/Web\ Studio.build/Web\ Studio-own-target-headers.hmap -Xcc -I/tmp/web-studio-final/Build/Intermediates.noindex/Web\ Studio.build/Debug/Web\ Studio.build/Web\ Studio-all-non-framework-target-headers.hmap -Xcc -ivfsoverlay -Xcc /tmp/web-studio-final/Build/Intermediates.noindex/Web\ Studio.build/Debug/Web\ Studio-05bbc44994b91f37e3585941f4bbdee6-VFS/all-product-headers.yaml -Xcc -iquote -Xcc /tmp/web-studio-final/Build/Intermediates.noindex/Web\ Studio.build/Debug/Web\ Studio.build/Web\ Studio-project-headers.hmap -Xcc -I/tmp/web-studio-final/Build/Products/Debug/include -Xcc -I/tmp/web-studio-final/Build/Intermediates.noindex/Web\ Studio.build/Debug/Web\ Studio.build/DerivedSources-normal/arm64 -Xcc -I/tmp/web-studio-final/Build/Intermediates.noindex/Web\ Studio.build/Debug/Web\ Studio.build/DerivedSources/arm64 -Xcc -I/tmp/web-studio-final/Build/Intermediates.noindex/Web\ Studio.build/Debug/Web\ Studio.build/DerivedSources -Xcc -DDEBUG\=1 -emit-objc-header -emit-objc-header-path /tmp/web-studio-final/Build/Intermediates.noindex/Web\ Studio.build/Debug/Web\ Studio.build/Objects-normal/arm64/Web_Studio-Swift.h -import-objc-header /Users/huaodong/workspace/Web\ Studio/Web\ Studio/Web\ Studio-Bridging-Header.h -working-directory /Users/huaodong/workspace/Web\ Studio -experimental-emit-module-separately -disable-cmo

Ld /tmp/web-studio-final/Build/Products/Debug/Web\ Studio.app/Contents/MacOS/Web\ Studio.debug.dylib normal (in target 'Web Studio' from project 'Web Studio')
    cd /Users/huaodong/workspace/Web\ Studio
    /Applications/Xcode.app/Contents/Developer/Toolchains/XcodeDefault.xctoolchain/usr/bin/clang -Xlinker -reproducible -target arm64-apple-macos26.5 -dynamiclib -isysroot /Applications/Xcode.app/Contents/Developer/Platforms/MacOSX.platform/Developer/SDKs/MacOSX26.5.sdk -O0 -L/tmp/web-studio-final/Build/Intermediates.noindex/EagerLinkingTBDs/Debug -L/tmp/web-studio-final/Build/Products/Debug -F/tmp/web-studio-final/Build/Intermediates.noindex/EagerLinkingTBDs/Debug -F/tmp/web-studio-final/Build/Products/Debug/PackageFrameworks -F/tmp/web-studio-final/Build/Products/Debug -filelist /tmp/web-studio-final/Build/Intermediates.noindex/Web\ Studio.build/Debug/Web\ Studio.build/Objects-normal/arm64/Web\ Studio.LinkFileList -install_name @rpath/Web\ Studio.debug.dylib -Xlinker -rpath -Xlinker /tmp/web-studio-final/Build/Products/Debug/PackageFrameworks -Xlinker -rpath -Xlinker @executable_path/../Frameworks -Xlinker -object_path_lto -Xlinker /tmp/web-studio-final/Build/Intermediates.noindex/Web\ Studio.build/Debug/Web\ Studio.build/Objects-normal/arm64/Web\ Studio_lto.o -rdynamic -Xlinker -no_deduplicate -Xlinker -debug_variant -Xlinker -dependency_info -Xlinker /tmp/web-studio-final/Build/Intermediates.noindex/Web\ Studio.build/Debug/Web\ Studio.build/Objects-normal/arm64/Web\ Studio_dependency_info.dat -fprofile-instr-generate -fobjc-link-runtime -L/Applications/Xcode.app/Contents/Developer/Toolchains/XcodeDefault.xctoolchain/usr/lib/swift/macosx -L/usr/lib/swift -Xlinker -add_ast_path -Xlinker /tmp/web-studio-final/Build/Intermediates.noindex/Web\ Studio.build/Debug/Web\ Studio.build/Objects-normal/arm64/Web_Studio.swiftmodule @/tmp/web-studio-final/Build/Intermediates.noindex/Web\ Studio.build/Debug/Web\ Studio.build/Objects-normal/arm64/Web_Studio-linker-args.resp -Wl,-no_warn_duplicate_libraries -Xlinker -alias -Xlinker _main -Xlinker ___debug_main_executable_dylib_entry_point -Xlinker -no_adhoc_codesign -o /tmp/web-studio-final/Build/Products/Debug/Web\ Studio.app/Contents/MacOS/Web\ Studio.debug.dylib -Xlinker -add_ast_path -Xlinker /tmp/web-studio-final/Build/Intermediates.noindex/SwiftTerm.build/Debug/SwiftTerm.build/Objects-normal/arm64/SwiftTerm.swiftmodule @/tmp/web-studio-final/Build/Intermediates.noindex/SwiftTerm.build/Debug/SwiftTerm.build/Objects-normal/arm64/SwiftTerm-linker-args.resp

ConstructStubExecutorLinkFileList /tmp/web-studio-final/Build/Intermediates.noindex/Web\ Studio.build/Debug/Web\ Studio.build/Web\ Studio-ExecutorLinkFileList-normal-arm64.txt (in target 'Web Studio' from project 'Web Studio')
    cd /Users/huaodong/workspace/Web\ Studio
    construct-stub-executor-link-file-list /tmp/web-studio-final/Build/Products/Debug/Web\ Studio.app/Contents/MacOS/Web\ Studio.debug.dylib /Applications/Xcode.app/Contents/Developer/Platforms/MacOSX.platform/Developer/usr/lib/libPreviewsJITStubExecutor_no_swift_entry_point.a /Applications/Xcode.app/Contents/Developer/Platforms/MacOSX.platform/Developer/usr/lib/libPreviewsJITStubExecutor.a --output /tmp/web-studio-final/Build/Intermediates.noindex/Web\ Studio.build/Debug/Web\ Studio.build/Web\ Studio-ExecutorLinkFileList-normal-arm64.txt
note: Using stub executor library with Swift entry point. (in target 'Web Studio' from project 'Web Studio')

Ld /tmp/web-studio-final/Build/Products/Debug/Web\ Studio.app/Contents/MacOS/Web\ Studio normal (in target 'Web Studio' from project 'Web Studio')
    cd /Users/huaodong/workspace/Web\ Studio
    /Applications/Xcode.app/Contents/Developer/Toolchains/XcodeDefault.xctoolchain/usr/bin/clang -Xlinker -reproducible -target arm64-apple-macos26.5 -isysroot /Applications/Xcode.app/Contents/Developer/Platforms/MacOSX.platform/Developer/SDKs/MacOSX26.5.sdk -O0 -L/tmp/web-studio-final/Build/Products/Debug -F/tmp/web-studio-final/Build/Products/Debug/PackageFrameworks -F/tmp/web-studio-final/Build/Products/Debug -Xlinker -rpath -Xlinker @executable_path -Xlinker -rpath -Xlinker /tmp/web-studio-final/Build/Products/Debug/PackageFrameworks -Xlinker -rpath -Xlinker @executable_path/../Frameworks -rdynamic -Xlinker -no_deduplicate -Xlinker -debug_variant -e ___debug_blank_executor_main -Xlinker -sectcreate -Xlinker __TEXT -Xlinker __debug_dylib -Xlinker /tmp/web-studio-final/Build/Intermediates.noindex/Web\ Studio.build/Debug/Web\ Studio.build/Web\ Studio-DebugDylibPath-normal-arm64.txt -Xlinker -sectcreate -Xlinker __TEXT -Xlinker __debug_instlnm -Xlinker /tmp/web-studio-final/Build/Intermediates.noindex/Web\ Studio.build/Debug/Web\ Studio.build/Web\ Studio-DebugDylibInstallName-normal-arm64.txt -Xlinker -filelist -Xlinker /tmp/web-studio-final/Build/Intermediates.noindex/Web\ Studio.build/Debug/Web\ Studio.build/Web\ Studio-ExecutorLinkFileList-normal-arm64.txt /tmp/web-studio-final/Build/Products/Debug/Web\ Studio.app/Contents/MacOS/Web\ Studio.debug.dylib -Xlinker -no_adhoc_codesign -o /tmp/web-studio-final/Build/Products/Debug/Web\ Studio.app/Contents/MacOS/Web\ Studio

CopySwiftLibs /tmp/web-studio-final/Build/Products/Debug/Web\ Studio.app (in target 'Web Studio' from project 'Web Studio')
    cd /Users/huaodong/workspace/Web\ Studio
    builtin-swiftStdLibTool --copy --verbose --sign - --scan-executable /tmp/web-studio-final/Build/Products/Debug/Web\ Studio.app/Contents/MacOS/Web\ Studio.debug.dylib --scan-folder /tmp/web-studio-final/Build/Products/Debug/Web\ Studio.app/Contents/Frameworks --scan-folder /tmp/web-studio-final/Build/Products/Debug/Web\ Studio.app/Contents/PlugIns --scan-folder /tmp/web-studio-final/Build/Products/Debug/Web\ Studio.app/Contents/Library/SystemExtensions --scan-folder /tmp/web-studio-final/Build/Products/Debug/Web\ Studio.app/Contents/Extensions --platform macosx --toolchain /var/run/com.apple.security.cryptexd/mnt/com.apple.MobileAsset.MetalToolchain-v17.6.109.0.Bidh73/Metal.xctoolchain --toolchain /Applications/Xcode.app/Contents/Developer/Toolchains/XcodeDefault.xctoolchain --destination /tmp/web-studio-final/Build/Products/Debug/Web\ Studio.app/Contents/Frameworks --strip-bitcode --strip-bitcode-tool /Applications/Xcode.app/Contents/Developer/Toolchains/XcodeDefault.xctoolchain/usr/bin/bitcode_strip --emit-dependency-info /tmp/web-studio-final/Build/Intermediates.noindex/Web\ Studio.build/Debug/Web\ Studio.build/SwiftStdLibToolInputDependencies.dep --filter-for-swift-os

ExtractAppIntentsMetadata (in target 'Web Studio' from project 'Web Studio')
    cd /Users/huaodong/workspace/Web\ Studio
    /Applications/Xcode.app/Contents/Developer/Toolchains/XcodeDefault.xctoolchain/usr/bin/appintentsmetadataprocessor --toolchain-dir /var/run/com.apple.security.cryptexd/mnt/com.apple.MobileAsset.MetalToolchain-v17.6.109.0.Bidh73/Metal.xctoolchain --module-name Web_Studio --sdk-root /Applications/Xcode.app/Contents/Developer/Platforms/MacOSX.platform/Developer/SDKs/MacOSX26.5.sdk --xcode-version 17F113 --platform-family macOS --deployment-target 26.5 --bundle-identifier com.huaodong.Web-Studio --output /tmp/web-studio-final/Build/Products/Debug/Web\ Studio.app/Contents/Resources --target-triple arm64-apple-macos26.5 --binary-file /tmp/web-studio-final/Build/Products/Debug/Web\ Studio.app/Contents/MacOS/Web\ Studio --dependency-file /tmp/web-studio-final/Build/Intermediates.noindex/Web\ Studio.build/Debug/Web\ Studio.build/Objects-normal/arm64/Web\ Studio_dependency_info.dat --stringsdata-file /tmp/web-studio-final/Build/Intermediates.noindex/Web\ Studio.build/Debug/Web\ Studio.build/Objects-normal/arm64/ExtractedAppShortcutsMetadata.stringsdata --source-file-list /tmp/web-studio-final/Build/Intermediates.noindex/Web\ Studio.build/Debug/Web\ Studio.build/Objects-normal/arm64/Web\ Studio.SwiftFileList --metadata-file-list /tmp/web-studio-final/Build/Intermediates.noindex/Web\ Studio.build/Debug/Web\ Studio.build/Web\ Studio.DependencyMetadataFileList --static-metadata-file-list /tmp/web-studio-final/Build/Intermediates.noindex/Web\ Studio.build/Debug/Web\ Studio.build/Web\ Studio.DependencyStaticMetadataFileList --swift-const-vals-list /tmp/web-studio-final/Build/Intermediates.noindex/Web\ Studio.build/Debug/Web\ Studio.build/Objects-normal/arm64/Web\ Studio.SwiftConstValuesFileList --compile-time-extraction --deployment-aware-processing --validate-assistant-intents --no-app-shortcuts-localization
2026-09-13 00:06:22.877 appintentsmetadataprocessor[28284:26463729] Starting appintentsmetadataprocessor export
2026-09-13 00:06:22.881 appintentsmetadataprocessor[28284:26463729] warning: Metadata extraction skipped. No AppIntents.framework dependency found.

ProcessInfoPlistFile /tmp/web-studio-final/Build/Products/Debug/Web\ Studio.app/Contents/PlugIns/Web\ StudioTests.xctest/Contents/Info.plist /tmp/web-studio-final/Build/Intermediates.noindex/Web\ Studio.build/Debug/Web\ StudioTests.build/empty-Web\ StudioTests.plist (in target 'Web StudioTests' from project 'Web Studio')
    cd /Users/huaodong/workspace/Web\ Studio
    builtin-infoPlistUtility /tmp/web-studio-final/Build/Intermediates.noindex/Web\ Studio.build/Debug/Web\ StudioTests.build/empty-Web\ StudioTests.plist -producttype com.apple.product-type.bundle.unit-test -expandbuildsettings -platform macosx -scanforprivacyfile /tmp/web-studio-final/Build/Products/Debug/Web\ Studio.app/Contents/PlugIns/Web\ StudioTests.xctest/Contents/Resources/SwiftTerm_SwiftTerm.bundle -o /tmp/web-studio-final/Build/Products/Debug/Web\ Studio.app/Contents/PlugIns/Web\ StudioTests.xctest/Contents/Info.plist

Ld /tmp/web-studio-final/Build/Products/Debug/Web\ Studio.app/Contents/PlugIns/Web\ StudioTests.xctest/Contents/MacOS/Web\ StudioTests normal (in target 'Web StudioTests' from project 'Web Studio')
    cd /Users/huaodong/workspace/Web\ Studio
    /Applications/Xcode.app/Contents/Developer/Toolchains/XcodeDefault.xctoolchain/usr/bin/clang -Xlinker -reproducible -target arm64-apple-macos26.5 -bundle -isysroot /Applications/Xcode.app/Contents/Developer/Platforms/MacOSX.platform/Developer/SDKs/MacOSX26.5.sdk -O0 -L/tmp/web-studio-final/Build/Intermediates.noindex/EagerLinkingTBDs/Debug -L/tmp/web-studio-final/Build/Products/Debug -L/Applications/Xcode.app/Contents/Developer/Platforms/MacOSX.platform/Developer/usr/lib -F/tmp/web-studio-final/Build/Intermediates.noindex/EagerLinkingTBDs/Debug -F/tmp/web-studio-final/Build/Products/Debug/PackageFrameworks -F/tmp/web-studio-final/Build/Products/Debug -iframework /Applications/Xcode.app/Contents/Developer/Platforms/MacOSX.platform/Developer/Library/Frameworks -filelist /tmp/web-studio-final/Build/Intermediates.noindex/Web\ Studio.build/Debug/Web\ StudioTests.build/Objects-normal/arm64/Web\ StudioTests.LinkFileList -Xlinker -rpath -Xlinker /tmp/web-studio-final/Build/Products/Debug/PackageFrameworks -Xlinker -rpath -Xlinker @loader_path/../Frameworks -Xlinker -rpath -Xlinker @executable_path/../Frameworks -bundle_loader /tmp/web-studio-final/Build/Products/Debug/Web\ Studio.app/Contents/MacOS/Web\ Studio -Xlinker -object_path_lto -Xlinker /tmp/web-studio-final/Build/Intermediates.noindex/Web\ Studio.build/Debug/Web\ StudioTests.build/Objects-normal/arm64/Web\ StudioTests_lto.o -rdynamic -Xlinker -no_deduplicate -Xlinker -debug_variant -Xlinker -dependency_info -Xlinker /tmp/web-studio-final/Build/Intermediates.noindex/Web\ Studio.build/Debug/Web\ StudioTests.build/Objects-normal/arm64/Web\ StudioTests_dependency_info.dat -fobjc-link-runtime -fprofile-instr-generate -L/Applications/Xcode.app/Contents/Developer/Toolchains/XcodeDefault.xctoolchain/usr/lib/swift/macosx -L/usr/lib/swift -Xlinker -add_ast_path -Xlinker /tmp/web-studio-final/Build/Intermediates.noindex/Web\ Studio.build/Debug/Web\ StudioTests.build/Objects-normal/arm64/Web_StudioTests.swiftmodule @/tmp/web-studio-final/Build/Intermediates.noindex/Web\ Studio.build/Debug/Web\ StudioTests.build/Objects-normal/arm64/Web_StudioTests-linker-args.resp -Wl,-no_warn_duplicate_libraries -Xlinker -needed_framework -Xlinker XCTest -framework XCTest -Xlinker -needed-lXCTestSwiftSupport -lXCTestSwiftSupport /tmp/web-studio-final/Build/Products/Debug/Web\ Studio.app/Contents/MacOS/Web\ Studio.debug.dylib -Xlinker -no_adhoc_codesign -o /tmp/web-studio-final/Build/Products/Debug/Web\ Studio.app/Contents/PlugIns/Web\ StudioTests.xctest/Contents/MacOS/Web\ StudioTests

CopySwiftLibs /tmp/web-studio-final/Build/Products/Debug/Web\ Studio.app/Contents/PlugIns/Web\ StudioTests.xctest (in target 'Web StudioTests' from project 'Web Studio')
    cd /Users/huaodong/workspace/Web\ Studio
    builtin-swiftStdLibTool --copy --verbose --sign - --scan-executable /tmp/web-studio-final/Build/Products/Debug/Web\ Studio.app/Contents/PlugIns/Web\ StudioTests.xctest/Contents/MacOS/Web\ StudioTests --scan-folder /tmp/web-studio-final/Build/Products/Debug/Web\ Studio.app/Contents/PlugIns/Web\ StudioTests.xctest/Contents/Frameworks --scan-folder /tmp/web-studio-final/Build/Products/Debug/Web\ Studio.app/Contents/PlugIns/Web\ StudioTests.xctest/Contents/PlugIns --scan-folder /tmp/web-studio-final/Build/Products/Debug/Web\ Studio.app/Contents/PlugIns/Web\ StudioTests.xctest/Contents/Library/SystemExtensions --scan-folder /tmp/web-studio-final/Build/Products/Debug/Web\ Studio.app/Contents/PlugIns/Web\ StudioTests.xctest/Contents/Extensions --platform macosx --toolchain /var/run/com.apple.security.cryptexd/mnt/com.apple.MobileAsset.MetalToolchain-v17.6.109.0.Bidh73/Metal.xctoolchain --toolchain /Applications/Xcode.app/Contents/Developer/Toolchains/XcodeDefault.xctoolchain --destination /tmp/web-studio-final/Build/Products/Debug/Web\ Studio.app/Contents/PlugIns/Web\ StudioTests.xctest/Contents/Frameworks --strip-bitcode --scan-executable /Applications/Xcode.app/Contents/Developer/Platforms/MacOSX.platform/Developer/usr/lib/libXCTestSwiftSupport.dylib --strip-bitcode-tool /Applications/Xcode.app/Contents/Developer/Toolchains/XcodeDefault.xctoolchain/usr/bin/bitcode_strip --emit-dependency-info /tmp/web-studio-final/Build/Intermediates.noindex/Web\ Studio.build/Debug/Web\ StudioTests.build/SwiftStdLibToolInputDependencies.dep --filter-for-swift-os

ExtractAppIntentsMetadata (in target 'Web StudioTests' from project 'Web Studio')
    cd /Users/huaodong/workspace/Web\ Studio
    /Applications/Xcode.app/Contents/Developer/Toolchains/XcodeDefault.xctoolchain/usr/bin/appintentsmetadataprocessor --toolchain-dir /var/run/com.apple.security.cryptexd/mnt/com.apple.MobileAsset.MetalToolchain-v17.6.109.0.Bidh73/Metal.xctoolchain --module-name Web_StudioTests --sdk-root /Applications/Xcode.app/Contents/Developer/Platforms/MacOSX.platform/Developer/SDKs/MacOSX26.5.sdk --xcode-version 17F113 --platform-family macOS --deployment-target 26.5 --bundle-identifier com.huaodong.Web-StudioTests --output /tmp/web-studio-final/Build/Products/Debug/Web\ Studio.app/Contents/PlugIns/Web\ StudioTests.xctest/Contents/Resources --target-triple arm64-apple-macos26.5 --binary-file /tmp/web-studio-final/Build/Products/Debug/Web\ Studio.app/Contents/PlugIns/Web\ StudioTests.xctest/Contents/MacOS/Web\ StudioTests --dependency-file /tmp/web-studio-final/Build/Intermediates.noindex/Web\ Studio.build/Debug/Web\ StudioTests.build/Objects-normal/arm64/Web\ StudioTests_dependency_info.dat --stringsdata-file /tmp/web-studio-final/Build/Intermediates.noindex/Web\ Studio.build/Debug/Web\ StudioTests.build/Objects-normal/arm64/ExtractedAppShortcutsMetadata.stringsdata --source-file-list /tmp/web-studio-final/Build/Intermediates.noindex/Web\ Studio.build/Debug/Web\ StudioTests.build/Objects-normal/arm64/Web\ StudioTests.SwiftFileList --metadata-file-list /tmp/web-studio-final/Build/Intermediates.noindex/Web\ Studio.build/Debug/Web\ StudioTests.build/Web\ StudioTests.DependencyMetadataFileList --static-metadata-file-list /tmp/web-studio-final/Build/Intermediates.noindex/Web\ Studio.build/Debug/Web\ StudioTests.build/Web\ StudioTests.DependencyStaticMetadataFileList --swift-const-vals-list /tmp/web-studio-final/Build/Intermediates.noindex/Web\ Studio.build/Debug/Web\ StudioTests.build/Objects-normal/arm64/Web\ StudioTests.SwiftConstValuesFileList --compile-time-extraction --deployment-aware-processing --validate-assistant-intents --no-app-shortcuts-localization
2026-09-13 00:06:23.139 appintentsmetadataprocessor[28317:26463794] Starting appintentsmetadataprocessor export
2026-09-13 00:06:23.140 appintentsmetadataprocessor[28317:26463794] warning: Metadata extraction skipped. No AppIntents.framework dependency found.

CodeSign /tmp/web-studio-final/Build/Products/Debug/Web\ Studio.app/Contents/PlugIns/Web\ StudioTests.xctest (in target 'Web StudioTests' from project 'Web Studio')
    cd /Users/huaodong/workspace/Web\ Studio
    
    Signing Identity:     "Sign to Run Locally"
    
    /usr/bin/codesign --force --sign - --timestamp\=none --generate-entitlement-der /tmp/web-studio-final/Build/Products/Debug/Web\ Studio.app/Contents/PlugIns/Web\ StudioTests.xctest

CodeSign /tmp/web-studio-final/Build/Products/Debug/Web\ Studio.app/Contents/MacOS/Web\ Studio.debug.dylib (in target 'Web Studio' from project 'Web Studio')
    cd /Users/huaodong/workspace/Web\ Studio
    
    Signing Identity:     "Sign to Run Locally"
    
    /usr/bin/codesign --force --sign - --timestamp\=none --generate-entitlement-der /tmp/web-studio-final/Build/Products/Debug/Web\ Studio.app/Contents/MacOS/Web\ Studio.debug.dylib

CodeSign /tmp/web-studio-final/Build/Products/Debug/Web\ Studio.app/Contents/MacOS/__preview.dylib (in target 'Web Studio' from project 'Web Studio')
    cd /Users/huaodong/workspace/Web\ Studio
    
    Signing Identity:     "Sign to Run Locally"
    
    /usr/bin/codesign --force --sign - --timestamp\=none --generate-entitlement-der /tmp/web-studio-final/Build/Products/Debug/Web\ Studio.app/Contents/MacOS/__preview.dylib
/tmp/web-studio-final/Build/Products/Debug/Web Studio.app/Contents/MacOS/__preview.dylib: replacing existing signature

CodeSign /tmp/web-studio-final/Build/Products/Debug/Web\ Studio.app (in target 'Web Studio' from project 'Web Studio')
    cd /Users/huaodong/workspace/Web\ Studio
    
    Signing Identity:     "Sign to Run Locally"
    
    /usr/bin/codesign --force --sign - --entitlements /tmp/web-studio-final/Build/Intermediates.noindex/Web\ Studio.build/Debug/Web\ Studio.build/Web\ Studio.app.xcent --timestamp\=none --generate-entitlement-der /tmp/web-studio-final/Build/Products/Debug/Web\ Studio.app

Validate /tmp/web-studio-final/Build/Products/Debug/Web\ Studio.app (in target 'Web Studio' from project 'Web Studio')
    cd /Users/huaodong/workspace/Web\ Studio
    builtin-validationUtility /tmp/web-studio-final/Build/Products/Debug/Web\ Studio.app -no-validate-extension -infoplist-subpath Contents/Info.plist

RegisterWithLaunchServices /tmp/web-studio-final/Build/Products/Debug/Web\ Studio.app (in target 'Web Studio' from project 'Web Studio')
    cd /Users/huaodong/workspace/Web\ Studio
    /System/Library/Frameworks/CoreServices.framework/Versions/Current/Frameworks/LaunchServices.framework/Versions/Current/Support/lsregister -f -R -trusted /tmp/web-studio-final/Build/Products/Debug/Web\ Studio.app

ProcessInfoPlistFile /tmp/web-studio-final/Build/Products/Debug/Web\ StudioUITests-Runner.app/Contents/PlugIns/Web\ StudioUITests.xctest/Contents/Info.plist /tmp/web-studio-final/Build/Intermediates.noindex/Web\ Studio.build/Debug/Web\ StudioUITests.build/empty-Web\ StudioUITests.plist (in target 'Web StudioUITests' from project 'Web Studio')
    cd /Users/huaodong/workspace/Web\ Studio
    builtin-infoPlistUtility /tmp/web-studio-final/Build/Intermediates.noindex/Web\ Studio.build/Debug/Web\ StudioUITests.build/empty-Web\ StudioUITests.plist -producttype com.apple.product-type.bundle.ui-testing -expandbuildsettings -platform macosx -additionalcontentfile /tmp/web-studio-final/Build/Intermediates.noindex/Web\ Studio.build/Debug/Web\ StudioUITests.build/ProductTypeInfoPlistAdditions.plist -o /tmp/web-studio-final/Build/Products/Debug/Web\ StudioUITests-Runner.app/Contents/PlugIns/Web\ StudioUITests.xctest/Contents/Info.plist

Ld /tmp/web-studio-final/Build/Products/Debug/Web\ StudioUITests-Runner.app/Contents/PlugIns/Web\ StudioUITests.xctest/Contents/MacOS/Web\ StudioUITests normal (in target 'Web StudioUITests' from project 'Web Studio')
    cd /Users/huaodong/workspace/Web\ Studio
    /Applications/Xcode.app/Contents/Developer/Toolchains/XcodeDefault.xctoolchain/usr/bin/clang -Xlinker -reproducible -target arm64-apple-macos26.5 -bundle -isysroot /Applications/Xcode.app/Contents/Developer/Platforms/MacOSX.platform/Developer/SDKs/MacOSX26.5.sdk -O0 -L/tmp/web-studio-final/Build/Intermediates.noindex/EagerLinkingTBDs/Debug -L/tmp/web-studio-final/Build/Products/Debug -L/Applications/Xcode.app/Contents/Developer/Platforms/MacOSX.platform/Developer/usr/lib -F/tmp/web-studio-final/Build/Intermediates.noindex/EagerLinkingTBDs/Debug -F/tmp/web-studio-final/Build/Products/Debug -iframework /Applications/Xcode.app/Contents/Developer/Platforms/MacOSX.platform/Developer/Library/Frameworks -filelist /tmp/web-studio-final/Build/Intermediates.noindex/Web\ Studio.build/Debug/Web\ StudioUITests.build/Objects-normal/arm64/Web\ StudioUITests.LinkFileList -Xlinker -rpath -Xlinker @loader_path/../Frameworks -Xlinker -object_path_lto -Xlinker /tmp/web-studio-final/Build/Intermediates.noindex/Web\ Studio.build/Debug/Web\ StudioUITests.build/Objects-normal/arm64/Web\ StudioUITests_lto.o -rdynamic -Xlinker -no_deduplicate -Xlinker -debug_variant -Xlinker -dependency_info -Xlinker /tmp/web-studio-final/Build/Intermediates.noindex/Web\ Studio.build/Debug/Web\ StudioUITests.build/Objects-normal/arm64/Web\ StudioUITests_dependency_info.dat -fobjc-link-runtime -fprofile-instr-generate -L/Applications/Xcode.app/Contents/Developer/Toolchains/XcodeDefault.xctoolchain/usr/lib/swift/macosx -L/usr/lib/swift -Xlinker -add_ast_path -Xlinker /tmp/web-studio-final/Build/Intermediates.noindex/Web\ Studio.build/Debug/Web\ StudioUITests.build/Objects-normal/arm64/Web_StudioUITests.swiftmodule @/tmp/web-studio-final/Build/Intermediates.noindex/Web\ Studio.build/Debug/Web\ StudioUITests.build/Objects-normal/arm64/Web_StudioUITests-linker-args.resp -Xlinker -needed_framework -Xlinker XCTest -framework XCTest -Xlinker -needed-lXCTestSwiftSupport -lXCTestSwiftSupport -Xlinker -no_adhoc_codesign -o /tmp/web-studio-final/Build/Products/Debug/Web\ StudioUITests-Runner.app/Contents/PlugIns/Web\ StudioUITests.xctest/Contents/MacOS/Web\ StudioUITests

CopySwiftLibs /tmp/web-studio-final/Build/Products/Debug/Web\ StudioUITests-Runner.app/Contents/PlugIns/Web\ StudioUITests.xctest (in target 'Web StudioUITests' from project 'Web Studio')
    cd /Users/huaodong/workspace/Web\ Studio
    builtin-swiftStdLibTool --copy --verbose --sign - --scan-executable /tmp/web-studio-final/Build/Products/Debug/Web\ StudioUITests-Runner.app/Contents/PlugIns/Web\ StudioUITests.xctest/Contents/MacOS/Web\ StudioUITests --scan-folder /tmp/web-studio-final/Build/Products/Debug/Web\ StudioUITests-Runner.app/Contents/PlugIns/Web\ StudioUITests.xctest/Contents/Frameworks --scan-folder /tmp/web-studio-final/Build/Products/Debug/Web\ StudioUITests-Runner.app/Contents/PlugIns/Web\ StudioUITests.xctest/Contents/PlugIns --scan-folder /tmp/web-studio-final/Build/Products/Debug/Web\ StudioUITests-Runner.app/Contents/PlugIns/Web\ StudioUITests.xctest/Contents/Library/SystemExtensions --scan-folder /tmp/web-studio-final/Build/Products/Debug/Web\ StudioUITests-Runner.app/Contents/PlugIns/Web\ StudioUITests.xctest/Contents/Extensions --platform macosx --toolchain /var/run/com.apple.security.cryptexd/mnt/com.apple.MobileAsset.MetalToolchain-v17.6.109.0.Bidh73/Metal.xctoolchain --toolchain /Applications/Xcode.app/Contents/Developer/Toolchains/XcodeDefault.xctoolchain --destination /tmp/web-studio-final/Build/Products/Debug/Web\ StudioUITests-Runner.app/Contents/PlugIns/Web\ StudioUITests.xctest/Contents/Frameworks --strip-bitcode --scan-executable /Applications/Xcode.app/Contents/Developer/Platforms/MacOSX.platform/Developer/usr/lib/libXCTestSwiftSupport.dylib --strip-bitcode-tool /Applications/Xcode.app/Contents/Developer/Toolchains/XcodeDefault.xctoolchain/usr/bin/bitcode_strip --emit-dependency-info /tmp/web-studio-final/Build/Intermediates.noindex/Web\ Studio.build/Debug/Web\ StudioUITests.build/SwiftStdLibToolInputDependencies.dep --filter-for-swift-os

ExtractAppIntentsMetadata (in target 'Web StudioUITests' from project 'Web Studio')
    cd /Users/huaodong/workspace/Web\ Studio
    /Applications/Xcode.app/Contents/Developer/Toolchains/XcodeDefault.xctoolchain/usr/bin/appintentsmetadataprocessor --toolchain-dir /var/run/com.apple.security.cryptexd/mnt/com.apple.MobileAsset.MetalToolchain-v17.6.109.0.Bidh73/Metal.xctoolchain --module-name Web_StudioUITests --sdk-root /Applications/Xcode.app/Contents/Developer/Platforms/MacOSX.platform/Developer/SDKs/MacOSX26.5.sdk --xcode-version 17F113 --platform-family macOS --deployment-target 26.5 --bundle-identifier com.huaodong.Web-StudioUITests --output /tmp/web-studio-final/Build/Products/Debug/Web\ StudioUITests-Runner.app/Contents/PlugIns/Web\ StudioUITests.xctest/Contents/Resources --target-triple arm64-apple-macos26.5 --binary-file /tmp/web-studio-final/Build/Products/Debug/Web\ StudioUITests-Runner.app/Contents/PlugIns/Web\ StudioUITests.xctest/Contents/MacOS/Web\ StudioUITests --dependency-file /tmp/web-studio-final/Build/Intermediates.noindex/Web\ Studio.build/Debug/Web\ StudioUITests.build/Objects-normal/arm64/Web\ StudioUITests_dependency_info.dat --stringsdata-file /tmp/web-studio-final/Build/Intermediates.noindex/Web\ Studio.build/Debug/Web\ StudioUITests.build/Objects-normal/arm64/ExtractedAppShortcutsMetadata.stringsdata --source-file-list /tmp/web-studio-final/Build/Intermediates.noindex/Web\ Studio.build/Debug/Web\ StudioUITests.build/Objects-normal/arm64/Web\ StudioUITests.SwiftFileList --metadata-file-list /tmp/web-studio-final/Build/Intermediates.noindex/Web\ Studio.build/Debug/Web\ StudioUITests.build/Web\ StudioUITests.DependencyMetadataFileList --static-metadata-file-list /tmp/web-studio-final/Build/Intermediates.noindex/Web\ Studio.build/Debug/Web\ StudioUITests.build/Web\ StudioUITests.DependencyStaticMetadataFileList --swift-const-vals-list /tmp/web-studio-final/Build/Intermediates.noindex/Web\ Studio.build/Debug/Web\ StudioUITests.build/Objects-normal/arm64/Web\ StudioUITests.SwiftConstValuesFileList --compile-time-extraction --deployment-aware-processing --validate-assistant-intents --no-app-shortcuts-localization
2026-09-13 00:06:25.897 appintentsmetadataprocessor[28471:26464132] Starting appintentsmetadataprocessor export
2026-09-13 00:06:25.898 appintentsmetadataprocessor[28471:26464132] warning: Metadata extraction skipped. No AppIntents.framework dependency found.

CodeSign /tmp/web-studio-final/Build/Products/Debug/Web\ StudioUITests-Runner.app/Contents/PlugIns/Web\ StudioUITests.xctest (in target 'Web StudioUITests' from project 'Web Studio')
    cd /Users/huaodong/workspace/Web\ Studio
    
    Signing Identity:     "Sign to Run Locally"
    
    /usr/bin/codesign --force --sign - --entitlements /tmp/web-studio-final/Build/Intermediates.noindex/Web\ Studio.build/Debug/Web\ StudioUITests.build/Web\ StudioUITests.xctest.xcent --timestamp\=none --generate-entitlement-der /tmp/web-studio-final/Build/Products/Debug/Web\ StudioUITests-Runner.app/Contents/PlugIns/Web\ StudioUITests.xctest

CodeSign /tmp/web-studio-final/Build/Products/Debug/Web\ StudioUITests-Runner.app (in target 'Web StudioUITests' from project 'Web Studio')
    cd /Users/huaodong/workspace/Web\ Studio
    
    Signing Identity:     "Sign to Run Locally"
    
    /usr/bin/codesign --force --sign - --entitlements /tmp/web-studio-final/Build/Intermediates.noindex/Web\ Studio.build/Debug/Web\ StudioUITests.build/Web\ StudioUITests.xctest.xcent --timestamp\=none --generate-entitlement-der /tmp/web-studio-final/Build/Products/Debug/Web\ StudioUITests-Runner.app
/tmp/web-studio-final/Build/Products/Debug/Web StudioUITests-Runner.app: replacing existing signature

2026-09-13 00:06:27.130999+0800 Web Studio[28531:26464313] [Connection] Unable to get synchronousRemoteObjectProxy, error: Error Domain=NSCocoaErrorDomain Code=4097 "connection to service named com.apple.linkd.autoShortcut" UserInfo={NSDebugDescription=connection to service named com.apple.linkd.autoShortcut}
2026-09-13 00:06:27.131758+0800 Web Studio[28531:26464308] [Connection] Unable to get synchronousRemoteObjectProxy, error: Error Domain=NSCocoaErrorDomain Code=4097 "connection to service named com.apple.linkd.autoShortcut" UserInfo={NSDebugDescription=connection to service named com.apple.linkd.autoShortcut}
2026-09-13 00:06:27.150837+0800 Web Studio[28531:26464358] [Connection] Unable to get synchronousRemoteObjectProxy, error: Error Domain=NSCocoaErrorDomain Code=4097 "connection to service named com.apple.linkd.autoShortcut" UserInfo={NSDebugDescription=connection to service named com.apple.linkd.autoShortcut}
2026-09-13 00:06:27.147235+0800 Web Studio[28531:26464338] [Connection] Unable to get synch2026-09-13 00:06:27.151454+0800 Web Studio[28531:26464359] [Connection] Unable to get synchronousRemoteObjectProxy, error: Error Domain=NSCocoaErrorDomain Code=4097 "connection to service named com.apple.linkd.autoShortcut" UserInfo={NSDebugDescription=connection to service named com.apple.linkd.autoShortcut}
2026-09-13 00:06:27.142706+0800 Web Studio[28531:26464330] [Connection] Unable to get synchronousRemoteObjectProxy, error: Error Domain=NSCocoaErrorDomain Code=4097 "connection to service named com.apple.linkd.autoShortcut" UserInfo={NSDebugDescription=connection to service named com.apple.linkd.autoShortcut}
2026-09-13 00:06:27.144594+0800 Web Studio[28531:26464333] [Connection] Unable to get synchronousRemoteObjectProxy, error: Error Domain=NSCocoaErrorDomain Code=4097 "connection to service named com.apple.linkd.autoShortcut" UserInfo={NSDebugDescription=connection to service named com.apple.linkd.autoShortcut}
2026-09-13 00:06:27.152451+0800 Web Studio[28531:26464308] [Connection] Unable to re-regist2026-09-13 00:06:27.152481+0800 Web Studio[28531:26464333] [Connection] Unable to re-register with Process Instance Registry, error: Error Domain=NSCocoaErrorDomain Code=4097 "connection to service named com.apple.linkd.autoShortcut" UserInfo={NSDebugDescription=connection to service named com.apple.linkd.autoShortcut}
ronousRemoteObjectProxy, error: Error Domain=NSCocoaErrorDomain Code=4097 "connection to service named com.apple.linkd.autoShortcut" UserInfo={NSDebugDescription=connection to service named com.apple.linkd.autoShortcut}
2026-09-13 00:06:27.146575+0800 Web Studio[28531:26464337] [Connection] Unable to get synchronousRemoteObjectProxy, error: Error Domain=NSCocoaErrorDomain Code=4097 "connection to service named com.apple.linkd.autoShortcut" UserInfo={NSDebugDescription=connection to service named com.apple.linkd.autoShortcut}
er with Process Instance Registry, error: Error Domain=NSCocoaErrorDomain Code=4097 "connection to service named com.apple.linkd.autoShortcut" UserInfo={NSDebugDescription=2026-09-13 00:06:27.145921+0800 Web Studio[28531:26464335] [Connection] Unable to get synchronousRemoteObjectProxy, error: Error Domain=NSCocoaErrorDomain Code=4097 "connection to service named com.apple.linkd.autoShortcut" UserInfo={NSDebugDescription=connection to service named com.apple.linkd.autoShortcut}
2026-09-13 00:06:27.132499+0800 Web Studio[28531:26464316] [Connection] Unable to get synchronousRemoteObjectProxy, error: Error Domain=NSCocoaErrorDomain Code=4097 "connection to service named com.apple.linkd.autoShortcut" UserInfo={NSDebugDescription=connection to service named com.apple.linkd.autoShortcut}
2026-09-13 00:06:27.133165+0800 Web Studio[28531:26464317] [Connection] Unable to get synchronousRemoteObjectProxy, error: Error Domain=NSCocoaErrorDomain Code=4097 "connection to service named com.apple.linkd.autoShortcut" UserInfo={NSDebugDescription=connection to service named com.apple.linkd.autoShortcut}
2026-09-13 00:06:27.135903+0800 Web Studio[28531:26464321] [Connection] Unable to get synch2026-09-13 00:06:27.154480+0800 Web Studio[28531:26464335] [Connection] Unable to re-register with Process Instance Registry, error: Error Domain=NSCocoaErrorDomain Code=4097 "connection to service named com.apple.linkd.autoShortcut" UserInfo={NSDebugDescription=connection to service named com.apple.linkd.autoShortcut}
2026-09-13 00:06:27.145242+0800 Web Studio[28531:26464334] [Connection] Unable to get synchronousRemoteObjectProxy, error: Error Domain=NSCocoaErrorDomain Code=4097 "connection to service named com.apple.linkd.autoShortcut" UserInfo={NSDebugDescription=connection to service named com.apple.linkd.autoShortcut}
2026-09-13 00:06:27.154481+0800 Web Studio[28531:26464317] [Connection] Unable to re-register with Process Instance Registry, error: Error Domain=NSCocoaErrorDomain Code=4097 "connection to service named com.apple.linkd.autoShortcut" UserInfo={NSDebugDescription=connection to service named com.apple.linkd.autoShortcut}
2026-09-13 00:06:27.135228+0800 Web Studio[28531:26464320] [Connection]2026-09-13 00:06:27.154654+0800 Web Studio[28531:26464334] [Connection] Unable to re-register with Process Instance Registry, error: Error Domain=NSCocoaErrorDomain Code=4097 "connection to service named com.apple.linkd.autoShortcut" UserInfo={NSDebugDescription=connection to service named com.apple.linkd.autoShortcut}
2026-09-13 00:06:27.150198+0800 Web Studio[28531:26464357] [Connection] Unable to get synchronousRemoteObjectProxy, error: Error Domain=NSCocoaErrorDomain Code=4097 "connection to service named com.apple.linkd.autoShortcut" UserInfo={NSDebugDescription=connection to service named com.apple.linkd.autoShortcut}
2026-09-13 00:06:27.136640+0800 Web Studio[28531:26464322] [Connection] Unable to get synchronousRemoteObjectProxy, error: Error Domain=NSCocoaErrorDomain Code=4097 "connection to service named com.apple.linkd.autoShortcut" UserInfo={NSDebugDescription=connection to service named com.apple.linkd.autoShortcut}
2026-09-13 00:06:27.147991+0800 Web Studio[28531:26464339] [Connection] Unable to2026-09-13 00:06:27.134562+0800 Web Studio[28531:26464319] [Connection] Unable to get synchronousRemoteObjectProxy, error: Error Domain=NSCocoaErrorDomain Code=4097 "connection to service named com.apple.linkd.autoShortcut" UserInfo={NSDebugDescription=connection to service named com.apple.linkd.autoShortcut}
2026-09-13 00:06:27.133843+0800 Web Studio[28531:26464318] [Connection] Unable to get synchronousRemoteObjectProxy, error: Error Domain=NSCocoaErrorDomain Code=4097 "connection to service named com.apple.linkd.autoShortcut" UserInfo={NSDebugDescription=connection to service named com.apple.linkd.autoShortcut}
2026-09-13 00:06:27.148715+0800 Web Studio[28531:26464344] [Connection] Unable to get synchronousRemoteObjectProxy, error: Error Domain=NSCocoaErrorDomain Code=4097 "connection to service named com.apple.linkd.autoShortcut" UserInfo={NSDebugDescription=connection to service named com.apple.linkd.autoShortcut}
2026-09-13 00:06:27.140011+0800 Web Studio[28531:26464327] [Connection] Unable to get synch2026-09-13 00:06:27.152491+0800 Web Studio[28531:26464330] [Connection] Unable to re-register with Process Instance Registry, error: Error Domain=NSCocoaErrorDomain Code=4097 "connection to service named com.apple.linkd.autoShortcut" UserInfo={NSDebugDescription=connection to service named com.apple.linkd.autoShortcut}
2026-09-13 00:06:27.142068+0800 Web Studio[28531:26464323] [Connection] Unable to get synchronousRemoteObjectProxy, error: Error Domain=NSCocoaErrorDomain Code=4097 "connection to service named com.apple.linkd.autoShortcut" UserInfo={NSDebugDescription=connection to service named com.apple.linkd.autoShortcut}
2026-09-13 00:06:27.154969+0800 Web Studio[28531:26464344] [Connection] Unable to re-register with Process Instance Registry, error: Error Domain=NSCocoaErrorDomain Code=4097 "connection to service named com.apple.linkd.autoShortcut" UserInfo={NSDebugDescription=connection to service named com.apple.linkd.autoShortcut}
2026-09-13 00:06:27.154970+0800 Web Studio[28531:26464318] [Connection] Unable to re-register with Process Instance Registry, error: Error Domain=NSCocoaErrorDomain Code=4097 "connection to service named com.apple.linkd.autoShortcut" UserInfo={NSDebugDescription=connection to service named com.apple.linkd.autoShortcut}
2026-09-13 00:06:27.139369+0800 Web Studio[28531:26464326] [Connection] Unable to get synchronousRemoteObjectProxy, error: Error Domain=NSCocoaErrorDomain Code=4097 "connection to service named com.apple.linkd.autoShortcut" UserInfo={NSDebugDescription=connection to service named com.apple.linkd.autoShortcut}
2026-09-13 00:06:27.154970+0800 Web Studio[28531:26464319] [Connection] Unable to re-register with Process Instance Registry, error: Error Domain=NSCocoaErrorDomain Code=4097 "connection to service named com.apple.linkd.autoShortcut" UserInfo={NSDebugDescription=connection to service named com.apple.linkd.autoShortcut}
2026-09-13 00:06:27.137351+0800 Web Studio[28531:26464315] [Connection] Unable to get synchronousRemoteObjectProxy, error: Error Domain=NSCoco2026-09-13 00:06:27.143974+0800 Web Studio[28531:26464332] [Connection] Unable to get synchronousRemoteObjectProxy, error: Error Domain=NSCocoaErrorDomain Code=4097 "connection to service named com.apple.linkd.autoShortcut" UserInfo={NSDebugDescription=connection to service named com.apple.linkd.autoShortcut}
2026-09-13 00:06:27.138031+0800 Web Studio[28531:26464324] [Connection] Unable to get synchronousRemoteObjectProxy, error: Error Domain=NSCocoaErrorDomain Code=4097 "connection to service named com.apple.linkd.autoShortcut" UserInfo={NSDebugDescription=connection to service named com.apple.linkd.autoShortcut}
2026-09-13 00:06:27.152067+0800 Web Studio[28531:26464343] [Connection] Unable to get synchronousRemoteObjectProxy, error: Error Domain=NSCocoaErrorDomain Code=4097 "connection to service named com.apple.linkd.autoShortcut" UserInfo={NSDebugDescription=connection to service named com.apple.linkd.autoShortcut}
2026-09-13 00:06:27.152451+0800 Web Studio[28531:26464358] [Connection] Unable to re-register with Process Instance Registry, error: Error Domain=NSCocoaErrorDomain Code=4097 "connection to service named com.apple.linkd.autoShortcut" UserInfo={NSDebugDescription=connection to service named com.apple.linkd.autoShortcut}
2026-09-13 00:06:27.152866+0800 Web Studio[28531:26464360] [Connection] Unable to get synchronousRemoteObjectProxy, error: Error Domain=NSCocoaErrorDomain Code=4097 "connection to service named com.apple.linkd.autoShortcut" UserInfo={NSDebugDescription=connection to service named com.apple.linkd.autoShortcut}
2026-09-13 00:06:27.155398+0800 Web Studio[28531:26464332] [Connection] Unable to re-register with Process Instance Registry, error: Error Domain=NSCocoaErrorDomain Code=4097 "connection to service named com.apple.linkd.autoShortcut" UserInfo={NSDebugDescription=connection to service named com.apple.linkd.autoShortcut}
2026-09-13 00:06:27.155399+0800 Web Studio[28531:26464324] [Connection] Unable to re-register with Process Instance Registry, error: Error Domain=NSCocoaErrorDoma2026-09-13 00:06:27.154228+0800 Web Studio[28531:26464361] [Connection] Unable to get synchronousRemoteObjectProxy, error: Error Domain=NSCocoaErrorDomain Code=4097 "connection to service named com.apple.linkd.autoShortcut" UserInfo={NSDebugDescription=connection to service named com.apple.linkd.autoShortcut}
2026-09-13 00:06:27.153557+0800 Web Studio[28531:26464336] [Connection] Unable to get synchronousRemoteObjectProxy, error: Error Domain=NSCocoaErrorDomain Code=4097 "connection to service named com.apple.linkd.autoShortcut" UserInfo={NSDebugDescription=connection to service named com.apple.linkd.autoShortcut}
connection to service named com.apple.linkd.autoShortcut}
2026-09-13 00:06:27.152479+0800 Web Studio[28531:26464359] [Connection] Unable to re-register with Process Instance Registry, error: Error Domain=NSCocoaErrorDomain Code=4097 "connection to service named com.apple.linkd.autoShortcut" UserInfo={NSDebugDescription=connection to service named com.apple.linkd.autoShortcut}
in Code=4097 "connection to service named com.apple.linkd.autoShortcut" UserInfo={NSDebugDescription=connection to service named com.apple.linkd.autoShortcut}
ronousRemoteObjectProxy, error: Error Domain=NSCocoaErrorDomain Code=4097 "connection to service named com.apple.linkd.autoShortcut" UserInfo={NSDebugDescription=connection to service named com.apple.linkd.autoShortcut}
2026-09-13 00:06:27.138718+0800 Web Studio[28531:26464325] [Connection] Unable to get synchronousRemoteObjectProxy, error: Error Domain=NSCocoaErrorDomain Code=4097 "connection to service named com.apple.linkd.autoShortcut" UserInfo={NSDebugDescription=connection to service named com.apple.linkd.autoShortcut}
2026-09-13 00:06:27.141367+0800 Web Studio[28531:26464329] [Connection] Unable to get synchronousRemoteObjectProxy, error: Error Domain=NSCocoaErrorDomain Code=4097 "connection to service named com.apple.linkd.autoShortcut" UserInfo={NSDebugDescription=connection to service named com.apple.linkd.autoShortcut}
2026-09-13 00:06:27.155662+0800 Web Studio[285 Unable to get synchronousRemoteObjectProxy, error: Error Domain=NSCocoaErrorDomain Code=4097 "connection to service named com.apple.linkd.autoShortcut" UserInfo={NSDebugDescription=connection to service named com.apple.linkd.autoShortcut}
2026-09-13 00:06:27.154814+0800 Web Studio[28531:26464322] [Connection] Unable to re-register with Process Instance Registry, error: Error Domain=NSCocoaErrorDomain Code=4097 "connection to service named com.apple.linkd.autoShortcut" UserInfo={NSDebugDescription=connection to service named com.apple.linkd.autoShortcut}
2026-09-13 00:06:27.155783+0800 Web Studio[28531:26464321] [Connection] Unable to re-register with Process Instance Registry, error: Error Domain=NSCocoaErrorDomain Code=4097 "connection to service named com.apple.linkd.autoShortcut" UserInfo={NSDebugDescription=connection to service named com.apple.linkd.autoShortcut}
2026-09-13 00:06:27.155784+0800 Web Studio[28531:26464325] [Connection] Unable to re-register with Process Instance Registry, error: Error Dom2026-09-13 00:06:27.154136+0800 Web Studio[28531:26464338] [Connection] Unable to re-register with Process Instance Registry, error: Error Domain=NSCocoaErrorDomain Code=4097 "connection to service named com.apple.linkd.autoShortcut" UserInfo={NSDebugDescription=connection to service named com.apple.linkd.autoShortcut}
2026-09-13 00:06:27.154911+0800 Web Studio[28531:26464334] [Connection] Will NOT re-try to establish the connection
 get synchronousRemoteObjectProxy, error: Error Domain=NSCocoaErrorDomain Code=4097 "connection to service named com.apple.linkd.autoShortcut" UserInfo={NSDebugDescription=connection to service named com.apple.linkd.autoShortcut}
2026-09-13 00:06:27.149387+0800 Web Studio[28531:26464352] [Connection] Unable to get synchronousRemoteObjectProxy, error: Error Domain=NSCocoaErrorDomain Code=4097 "connection to service named com.apple.linkd.autoShortcut" UserInfo={NSDebugDescription=connection to service named com.apple.linkd.autoShortcut}
2026-09-13 00:06:27.155901+0800 Web Studio[28531:26464320] [Connection] Unable to re-register with Process Instance Registry, error: Error Domain=NSCocoaErrorDomain Code=4097 "connection to service named com.apple.linkd.autoShortcut" UserInfo={NSDebugDescription=connection to service named com.apple.linkd.autoShortcut}
ronousRemoteObjectProxy, error: Error Domain=NSCocoaErrorDomain Code=4097 "connection to service named com.apple.linkd.autoShortcut" UserInfo={NSDebugDescription=connection to service named com.apple.linkd.autoShortcut}
2026-09-13 00:06:27.156036+0800 Web Studio[28531:26464339] [Connection] Unable to re-register with Process Instance Registry, error: Error Domain=NSCocoaErrorDomain Code=4097 "connection to service named com.apple.linkd.autoShortcut" UserInfo={NSDebugDescription=connection to service named com.apple.linkd.autoShortcut}
2026-09-13 00:06:27.156249+0800 Web Studio[28531:26464327] [Connection] Unable to re-register with Process Instance Registry, error: Error Domain=NSCocoaErrorDomain Code=4097 "connection to service named com.apple.linkd.autoShortcut" UserInfo={NSDebugDescription=connection to service named com.apple.linkd.autoShortcut}
2026-09-13 00:06:27.154794+0800 Web Studio[28531:26464357] [Connection] Unable to re-register with Process Instance Registry, error: Error Domain=NSCocoaErrorDomain Code=4097 "connection to service named com.apple.linkd.autoShortcut" UserInfo={NSDebugDescription=connection to service named com.apple.linkd.autoShortcut}
2026-09-13 00:06:27.155136+0800 Web Studio[28531:26464323] [Connection] Unable to re-register with Process Instance Registry, error: Error Domain=NSCocoaErrorDomain Code=4097 "connection to service named com.apple.linkd.autoShortcut" UserInfo={NSDebugDescription=connection to service named com.apple.linkd.autoShortcut}
aErrorDomain Code=4097 "connection to service named com.apple.linkd.autoShortcut" UserInfo={NSDebugDescription=connection to service named com.apple.linkd.autoShortcut}
2026-09-13 00:06:27.154175+0800 Web Studio[28531:26464337] [Connection] Unable to re-register with Process Instance Registry, error: Error Domain=NSCocoaErrorDomain Code=4097 "connection to service named com.apple.linkd.autoShortcut" UserInfo={NSDebugDescription=connection to service named com.apple.linkd.autoShortcut}
2026-09-13 00:06:27.155424+0800 Web Studio[28531:26464343] [Connection] Unable to re-register with Process Instance Registry, error: Error Domain=NSCocoaErrorDomain Code=4097 "connection to service named com.apple.linkd.autoShortcut" UserInfo={NSDebugDescription=connection to service named com.apple.linkd.autoShortcut}
2026-09-13 00:06:27.155275+0800 Web Studio[28531:26464326] [Connection] Unable to re-register with Process Instance Registry, error: Error Domain=NSCocoaErrorDomain Code=4097 "connection to service named com.apple.linkd.autoShortcut" UserInfo={NSDebugDescription=connection to service named com.apple.linkd.autoShortcut}
2026-09-13 00:06:27.140736+0800 Web Studio[28531:26464328] [Connection] Unable to get synchronousRemoteObjectProxy, error: Error Domain=NSCocoaErrorDomain Code=4097 "connection to service named com.apple.linkd.autoShortcut" UserInfo={NSDebugDescription=connection to service named com.apple.linkd.autoShortcut}
2026-09-13 00:06:27.143335+0800 Web Studio[28531:26464331] [Connection] Unable to get synchronousRemoteObjectProxy, error: Error Domain=NSCocoaErrorDomain Code=4097 "connection to service named com.apple.linkd.autoShortcut" UserInfo={NSDebugDescription=connection to service named com.apple.linkd.autoShortcut}
2026-09-13 00:06:27.154497+0800 Web Studio[28531:26464316] [Connection] Unable to re-register with Process Instance Registry, error: Error Domain=NSCocoaErrorDomain Code=4097 "connection to service named com.apple.linkd.autoShortcut" UserInfo={NSDebugDescription=connection to service named com.apple.linkd.autoShortcut}
2026-09-13 00:06:27.156833+0800 Web Studio[28531:26464328] [Connection] Unable to re-register with Process Instance Registry, error: Error Domain=NSCocoaErrorDomain Code=4097 "connection to service named com.apple.linkd.autoShortcut" UserInfo={NSDebugDescription=connection to service named com.apple.linkd.autoShortcut}
2026-09-13 00:06:27.156435+0800 Web Studio[28531:26464315] [Connection] Unable to re-register with Process Instance Registry, error: Error Domain=NSCocoaErrorDomain Code=4097 "connection to service named com.apple.linkd.autoShortcut" UserInfo={NSDebugDescription=connection to service named com.apple.linkd.autoShortcut}
2026-09-13 00:06:27.156835+0800 Web Studio[28531:26464331] [Connection] Unable to re-register with Process Instance Registry, error: Error Domain=NSCocoaErrorDomain Code=4097 "connection to service named com.apple.linkd.autoShortcut" UserInfo={NSDebugDescription=connection to service named com.apple.linkd.autoShortcut}
ain=NSCocoaErrorDomain Code=4097 "connection to service named com.apple.linkd.autoShortcut" UserInfo={NSDebugDescription=connection to service named com.apple.linkd.autoShortcut}
31:26464336] [Connection] Unable to re-register with Process Instance Registry, error: Error Domain=NSCocoaErrorDomain Code=4097 "connection to service named com.apple.linkd.autoShortcut" UserInfo={NSDebugDescription=connection to service named com.apple.linkd.autoShortcut}
2026-09-13 00:06:27.155799+0800 Web Studio[28531:26464329] [Connection] Unable to re-register with Process Instance Registry, error: Error Domain=NSCocoaErrorDomain Code=4097 "connection to service named com.apple.linkd.autoShortcut" UserInfo={NSDebugDescription=connection to service named com.apple.linkd.autoShortcut}
2026-09-13 00:06:27.155660+0800 Web Studio[28531:26464361] [Connection] Unable to re-register with Process Instance Registry, error: Error Domain=NSCocoaErrorDomain Code=4097 "connection to service named com.apple.linkd.autoShortcut" UserInfo={NSDebugDescription=connection to service named com.apple.linkd.autoShortcut}
2026-09-13 00:06:27.156057+0800 Web Studio[28531:26464352] [Connection] Unable to re-register with Process Instance Registry, error: Error Domain=NSCocoaErrorDomain Code=4097 "connection to service named com.apple.linkd.autoShortcu2026-09-13 00:06:27.156052+0800 Web Studio[28531:26464309] [Connection] Unable to get synchronousRemoteObjectProxy, error: Error Domain=NSCocoaErrorDomain Code=4097 "connection to service named com.apple.linkd.autoShortcut" UserInfo={NSDebugDescription=connection to service named com.apple.linkd.autoShortcut}
2026-09-13 00:06:27.155537+0800 Web Studio[28531:26464360] [Connection] Unable to re-register with Process Instance Registry, error: Error Domain=NSCocoaErrorDomain Code=4097 "connection to service named com.apple.linkd.autoShortcut" UserInfo={NSDebugDescription=connection to service named com.apple.linkd.autoShortcut}
t" UserInfo={NSDebugDescription=connection to service named com.apple.linkd.autoShortcut}
2026-09-13 00:06:27.157190+0800 Web Studio[28531:26464309] [Connection] Unable to re-register with Process Instance Registry, error: Error Domain=NSCocoaErrorDomain Code=4097 "connection to service named com.apple.linkd.autoShortcut" UserInfo={NSDebugDescription=connection to service named com.apple.linkd.autoShortcut}
2026-09-13 00:06:27.152451+0800 Web Studio[28531:26464313] [Application] Error registering app with intents framework: Error Domain=NSCocoaErrorDomain Code=4097 "connection to service named com.apple.linkd.autoShortcut" UserInfo={NSDebugDescription=connection to service named com.apple.linkd.autoShortcut}
2026-09-13 00:06:27.395683+0800 Web Studio[28531:26464253] ApplePersistenceIgnoreState: Existing state will not be touched. New state will be written to /Users/huaodong/Library/Containers/com.huaodong.Web-Studio/Data/tmp/com.huaodong.Web-Studio.savedState
Test Suite 'Selected tests' started at 2026-09-13 00:06:28.627.
Test Suite 'Web StudioTests.xctest' started at 2026-09-13 00:06:28.628.
Test Suite 'Web StudioTests.xctest' passed at 2026-09-13 00:06:28.628.
	 Executed 0 tests, with 0 failures (0 unexpected) in 0.000 (0.000) seconds
Test Suite 'Selected tests' passed at 2026-09-13 00:06:28.628.
	 Executed 0 tests, with 0 failures (0 unexpected) in 0.000 (0.001) seconds
◇ Test run started.
↳ Testing Library Version: 1902
↳ Target Platform: arm64e-apple-macos14.0
◇ Suite AgentControllerTests started.
◇ Test newChatClearsTranscriptAndIgnoresLateResponse() started.
✔ Test newChatClearsTranscriptAndIgnoresLateResponse() passed after 0.071 seconds.
◇ Test newChatIgnoresLatePreviewRead() started.
✔ Test newChatIgnoresLatePreviewRead() passed after 0.056 seconds.
◇ Test sequentialRunsDisplayTranscriptAndKeepIndividualPayloads() started.
✔ Test sequentialRunsDisplayTranscriptAndKeepIndividualPayloads() passed after 0.089 seconds.
◇ Test previewIsExplicitAndSendKeepsSnapshotAfterResourceRemoval() started.
✔ Test previewIsExplicitAndSendKeepsSnapshotAfterResourceRemoval() passed after 0.109 seconds.
◇ Test unconfiguredSendDoesNotCreateRun() started.
✔ Test unconfiguredSendDoesNotCreateRun() passed after 0.001 seconds.
◇ Test delayedRunRetainsOriginalRequestAfterSelectionAndDeletion() started.
✔ Test delayedRunRetainsOriginalRequestAfterSelectionAndDeletion() passed after 0.101 seconds.
◇ Test cancelIgnoresLateProviderResult() started.
✔ Test cancelIgnoresLateProviderResult() passed after 0.070 seconds.
◇ Test previewBudgetStopsReaderAtFortyEightThousand() started.
✔ Test previewBudgetStopsReaderAtFortyEightThousand() passed after 0.072 seconds.
◇ Test retryUsesOriginalRequestAfterDraftChanges() started.
✔ Test retryUsesOriginalRequestAfterDraftChanges() passed after 0.082 seconds.
◇ Test failedReaderPreventsSend() started.
✔ Test failedReaderPreventsSend() passed after 0.037 seconds.
◇ Test pendingReaderCannotSendAndCancelledLateReadIsIgnored() started.
✔ Test pendingReaderCannotSendAndCancelledLateReadIsIgnored() passed after 0.059 seconds.
◇ Test runningRequestSurvivesPreviewCancellation() started.
✔ Test runningRequestSurvivesPreviewCancellation() passed after 0.125 seconds.
◇ Test readerReturnsOversizedTextIsCapped() started.
✔ Test readerReturnsOversizedTextIsCapped() passed after 0.050 seconds.
✔ Suite AgentControllerTests passed after 0.933 seconds.
◇ Suite AgentServiceTests started.
◇ Test configurationRejectsUnsafeEndpoints() started.
✔ Test configurationRejectsUnsafeEndpoints() passed after 0.001 seconds.
◇ Test missingCredentialIsExplicit() started.
✔ Test missingCredentialIsExplicit() passed after 0.001 seconds.
◇ Test requestUsesInjectedCredentialAndProvider() started.
✔ Test requestUsesInjectedCredentialAndProvider() passed after 0.001 seconds.
◇ Test responseProviderParsesRealTransportPayload() started.
✔ Test responseProviderParsesRealTransportPayload() passed after 0.016 seconds.
◇ Test responseProviderReportsHTTPMalformedAndRefusal() started.
✔ Test responseProviderReportsHTTPMalformedAndRefusal() passed after 0.003 seconds.
◇ Test responseProviderReportsEmptyIncompleteAndFailedResponses() started.
✔ Test responseProviderReportsEmptyIncompleteAndFailedResponses() passed after 0.002 seconds.
◇ Test responseProviderRejectsInvalidCredentialBeforeTransport() started.
✔ Test responseProviderRejectsInvalidCredentialBeforeTransport() passed after 0.001 seconds.
◇ Test responseProviderDeniesRedirects() started.
✔ Test responseProviderDeniesRedirects() passed after 0.001 seconds.
◇ Test responseProviderCancellationStopsDelayedTransport() started.
✔ Test responseProviderCancellationStopsDelayedTransport() passed after 0.010 seconds.
◇ Test keychainRejectsBlankAndControlCredentials() started.
✔ Test keychainRejectsBlankAndControlCredentials() passed after 0.001 seconds.
✔ Suite AgentServiceTests passed after 0.037 seconds.
◇ Suite ProviderSettingsTests started.
◇ Test saveReplaceDeleteAndEndpointIsolation() started.
✔ Test saveReplaceDeleteAndEndpointIsolation() passed after 0.005 seconds.
◇ Test cancelResetsUncommittedDraft() started.
✔ Test cancelResetsUncommittedDraft() passed after 0.002 seconds.
◇ Test failedSavePreservesCommittedConfiguration() started.
✔ Test failedSavePreservesCommittedConfiguration() passed after 0.002 seconds.
◇ Test twoEndpointsKeepSecretsIsolated() started.
✔ Test twoEndpointsKeepSecretsIsolated() passed after 0.002 seconds.
◇ Test unsavedDraftDoesNotChangeCommittedStatus() started.
✔ Test unsavedDraftDoesNotChangeCommittedStatus() passed after 0.022 seconds.
✔ Suite ProviderSettingsTests passed after 0.036 seconds.
◇ Suite ResourceReadTests started.
◇ Test terminalReadUsesLatestBoundedUnicodeText() started.
✔ Test terminalReadUsesLatestBoundedUnicodeText() passed after 0.004 seconds.
◇ Test closedResourceReadIsExplicitFailure() started.
✔ Test closedResourceReadIsExplicitFailure() passed after 0.001 seconds.
◇ Test emptyWebReadReportsUnavailable() started.
✔ Test emptyWebReadReportsUnavailable() passed after 0.001 seconds.
◇ Test actualWKWebViewHTMLReadIsBounded() started.
2026-09-13 00:06:29.887008+0800 Web Studio[28531:26464253] [general] WebContent[28713] Connection to 'pboard' server had an error: <dictionary: 0x1efd96080> { count = 1, transaction: 0, voucher = 0x0, contents =
	"XPCErrorDescription" => <string: 0x1efd961c0> { string cache = 0x0, length = 18, contents = "Connection invalid" }
}
Invalidation reason: Connection init failed at lookup with error 159 - Sandbox restriction
2026-09-13 00:06:29.887043+0800 Web Studio[28531:26464253] [general] WebContent[28713] Failed to set up CFPasteboardRef 'Apple CFPasteboard general'. Error: <dictionary: 0x1efd96080> { count = 1, transaction: 0, voucher = 0x0, contents =
	"XPCErrorDescription" => <string: 0x1efd961c0> { string cache = 0x0, length = 18, contents = "Connection invalid" }
}
Invalidation reason: Connection init failed at lookup with error 159 - Sandbox restriction
2026-09-13 00:06:29.887213+0800 Web Studio[28531:26464253] [general] WebContent[28713] Failed to set up CFPasteboardRef 'Apple CFPasteboard general'. Error: <dictionary: 0x1efd96080> { count = 1, transaction: 0, voucher = 0x0, contents =
	"XPCErrorDescription" => <string: 0x1efd961c0> { string cache = 0x0, length = 18, contents = "Connection invalid" }
}
Invalidation reason: Connection init failed at lookup with error 159 - Sandbox restriction
2026-09-13 00:06:29.895222+0800 Web Studio[28531:26464253] [access] WebContent[28713] send_message_with_reply_sync(): XPC_ERROR_CONNECTION_INVALID for message 0xbfd124480
2026-09-13 00:06:29.895245+0800 Web Studio[28531:26464253] [access] WebContent[28713] TCCAccessRequest_block_invoke: Connection invalid
2026-09-13 00:06:29.896330+0800 Web Studio[28531:26464253] [default] WebContent[28713] Conn 0x0 is not a valid connection ID.
2026-09-13 00:06:29.896348+0800 Web Studio[28531:26464253] [default] WebContent[28713] Conn 0x0 is not a valid connection ID.
2026-09-13 00:06:29.896352+0800 Web Studio[28531:26464253] [default] WebContent[28713] Conn 0x0 is not a valid connection ID.
2026-09-13 00:06:29.896777+0800 Web Studio[28531:26464253] [cas] WebContent[28713] CONNECT: Attempt to connect to launchservicesd prohibited because kLSServerConnectionStatusProcessIsDaemonMask is set.
2026-09-13 00:06:29.897832+0800 Web Studio[28531:26464253] [cas] WebContent[28713] CRASHSTRING: rdar://problem/28724618 Couldn't connect to launchservicesd.
2026-09-13 00:06:29.902741+0800 Web Studio[28531:26464253] WebContent[28713] invalid product id '(null)'
2026-09-13 00:06:29.905579+0800 Web Studio[28531:26464253] [sharedcache] WebContent[28713] checkinWithServer Failed bootstrap_lookup2 for name of coreservicesd, kern_return_t=#1100/0x44c Permission denied name=com.apple.CoreServices.coreservicesd
2026-09-13 00:06:29.908654+0800 Web Studio[28531:26464253] [connection] WebContent[28713] The sandbox in this process does not allow access to RunningBoard.
2026-09-13 00:06:29.908672+0800 Web Studio[28531:26464253] [connection] WebContent[28713] Handshake aborted as the connection has been invalidated
2026-09-13 00:06:29.908846+0800 Web Studio[28531:26464253] [default] WebContent[28713] Conn 0x0 is not a valid connection ID.
2026-09-13 00:06:29.909472+0800 Web Studio[28531:26464253] [default] WebContent[28713] Conn 0x0 is not a valid connection ID.
2026-09-13 00:06:29.909490+0800 Web Studio[28531:26464253] [default] WebContent[28713] Conn 0x0 is not a valid connection ID.
2026-09-13 00:06:29.909495+0800 Web Studio[28531:26464253] [default] WebContent[28713] Conn 0x0 is not a valid connection ID.
2026-09-13 00:06:29.909498+0800 Web Studio[28531:26464253] [default] WebContent[28713] Conn 0x0 is not a valid connection ID.
2026-09-13 00:06:29.909500+0800 Web Studio[28531:26464253] [default] WebContent[28713] Conn 0x0 is not a valid connection ID.
2026-09-13 00:06:29.918129+0800 Web Studio[28531:26464253] [Connection] WebContent[28713] Missing com.apple.linkd.application-service / com.apple.linkd.autoShortcut mach-lookup entitlement, will NOT register the process
2026-09-13 00:06:29.918195+0800 Web Studio[28531:26464253] [Application] WebContent[28713] Error registering app with intents framework: Error Domain=LNProcessInstanceRegistryClientErrorDomain Code=1
2026-09-13 00:06:30.006672+0800 Web Studio[28531:26464253] [ResourceLoadStatistics] WebContent[28713] Unable to filter tracking query parameters (missing data)
2026-09-13 00:06:30.008751+0800 Web Studio[28531:26464253] WebContent[28713] networkd_settings_read_from_file_locked Sandbox is preventing this process from reading networkd settings file at "/Library/Preferences/com.apple.networkd.plist", please add an exception.
2026-09-13 00:06:30.008761+0800 Web Studio[28531:26464253] WebContent[28713] networkd_settings_read_from_file_locked Sandbox is preventing this process from reading networkd settings file at "/Library/Preferences/com.apple.networkd.plist", please add an exception.
2026-09-13 00:06:30.013673+0800 Web Studio[28531:26464329] [XPC] Handle connection with error: Connection invalid
2026-09-13 00:06:30.013714+0800 Web Studio[28531:26464329] [XPC] Encountered xpc error for GetSafeBrowsingEnabledState response with error: Connection invalid
2026-09-13 00:06:30.013726+0800 Web Studio[28531:26464329] [Database] Encountered xpc error for GetDatabases response with error: Connection invalid
2026-09-13 00:06:30.013728+0800 Web Studio[28531:26464329] [Database] Encountered error when trying to get databases: Connection invalid
2026-09-13 00:06:30.018306+0800 Web Studio[28531:26464253] [audiocomp] WebContent[28713] AudioComponentPluginMgr.mm:591   reg server remote proxy error Error Domain=NSCocoaErrorDomain Code=4099 "The connection to service named com.apple.audio.AudioComponentRegistrar was invalidated: Connection init failed at lookup with error 1 - Operation not permitted." UserInfo={NSDebugDescription=The connection to service named com.apple.audio.AudioComponentRegistrar was invalidated: Connection init failed at lookup with error 1 - Operation not permitted.}
2026-09-13 00:06:30.024026+0800 Web Studio[28531:26464716] [ResourceLoadStatistics] WebContent[28713] Unable to hide query parameters from script (missing data)
✔ Test actualWKWebViewHTMLReadIsBounded() passed after 0.526 seconds.
◇ Test sameDocumentPushStateUpdatesRecordWithoutReplacingWebView() started.
2026-09-13 00:06:30.196337+0800 Web Studio[28531:26464352] [assertion] Error acquiring assertion: <Error Domain=RBSAssertionErrorDomain Code=2 "Specified target process 28713<WebProcess28713> does not exist" UserInfo={NSLocalizedFailureReason=Specified target process 28713<WebProcess28713> does not exist}>
2026-09-13 00:06:30.196377+0800 Web Studio[28531:26464352] [ProcessSuspension] 0x12e1b82a0 - ProcessAssertion::acquireSync Failed to acquire RBS assertion 'XPCConnectionTerminationWatchdog' for process with PID=28713, error: Error Domain=RBSAssertionErrorDomain Code=2 "Specified target process 28713<WebProcess28713> does not exist" UserInfo={NSLocalizedFailureReason=Specified target process 28713<WebProcess28713> does not exist}
2026-09-13 00:06:30.196913+0800 Web Studio[28531:26464253] [general] WebContent[28759] Connection to 'pboard' server had an error: <dictionary: 0x1efd96080> { count = 1, transaction: 0, voucher = 0x0, contents =
	"XPCErrorDescription" => <string: 0x1efd961c0> { string cache = 0x0, length = 18, contents = "Connection invalid" }
}
Invalidation reason: Connection init failed at lookup with error 159 - Sandbox restriction
2026-09-13 00:06:30.196935+0800 Web Studio[28531:26464253] [general] WebContent[28759] Failed to set up CFPasteboardRef 'Apple CFPasteboard general'. Error: <dictionary: 0x1efd96080> { count = 1, transaction: 0, voucher = 0x0, contents =
	"XPCErrorDescription" => <string: 0x1efd961c0> { string cache = 0x0, length = 18, contents = "Connection invalid" }
}
Invalidation reason: Connection init failed at lookup with error 159 - Sandbox restriction
2026-09-13 00:06:30.196997+0800 Web Studio[28531:26464253] [general] WebContent[28759] Failed to set up CFPasteboardRef 'Apple CFPasteboard general'. Error: <dictionary: 0x1efd96080> { count = 1, transaction: 0, voucher = 0x0, contents =
	"XPCErrorDescription" => <string: 0x1efd961c0> { string cache = 0x0, length = 18, contents = "Connection invalid" }
}
Invalidation reason: Connection init failed at lookup with error 159 - Sandbox restriction
2026-09-13 00:06:30.202174+0800 Web Studio[28531:26464253] [access] WebContent[28759] send_message_with_reply_sync(): XPC_ERROR_CONNECTION_INVALID for message 0xc770b4480
2026-09-13 00:06:30.202192+0800 Web Studio[28531:26464253] [access] WebContent[28759] TCCAccessRequest_block_invoke: Connection invalid
2026-09-13 00:06:30.202220+0800 Web Studio[28531:26464253] [default] WebContent[28759] Conn 0x0 is not a valid connection ID.
2026-09-13 00:06:30.202228+0800 Web Studio[28531:26464253] [default] WebContent[28759] Conn 0x0 is not a valid connection ID.
2026-09-13 00:06:30.202232+0800 Web Studio[28531:26464253] [default] WebContent[28759] Conn 0x0 is not a valid connection ID.
2026-09-13 00:06:30.202269+0800 Web Studio[28531:26464253] [cas] WebContent[28759] CONNECT: Attempt to connect to launchservicesd prohibited because kLSServerConnectionStatusProcessIsDaemonMask is set.
2026-09-13 00:06:30.202720+0800 Web Studio[28531:26464253] [cas] WebContent[28759] CRASHSTRING: rdar://problem/28724618 Couldn't connect to launchservicesd.
2026-09-13 00:06:30.204401+0800 Web Studio[28531:26464253] WebContent[28759] invalid product id '(null)'
2026-09-13 00:06:30.204877+0800 Web Studio[28531:26464253] [sharedcache] WebContent[28759] checkinWithServer Failed bootstrap_lookup2 for name of coreservicesd, kern_return_t=#1100/0x44c Permission denied name=com.apple.CoreServices.coreservicesd
2026-09-13 00:06:30.206347+0800 Web Studio[28531:26464253] [connection] WebContent[28759] The sandbox in this process does not allow access to RunningBoard.
2026-09-13 00:06:30.206360+0800 Web Studio[28531:26464253] [connection] WebContent[28759] Handshake aborted as the connection has been invalidated
2026-09-13 00:06:30.206404+0800 Web Studio[28531:26464253] [default] WebContent[28759] Conn 0x0 is not a valid connection ID.
2026-09-13 00:06:30.206621+0800 Web Studio[28531:26464253] [default] WebContent[28759] Conn 0x0 is not a valid connection ID.
2026-09-13 00:06:30.206633+0800 Web Studio[28531:26464253] [default] WebContent[28759] Conn 0x0 is not a valid connection ID.
2026-09-13 00:06:30.206640+0800 Web Studio[28531:26464253] [default] WebContent[28759] Conn 0x0 is not a valid connection ID.
2026-09-13 00:06:30.206643+0800 Web Studio[28531:26464253] [default] WebContent[28759] Conn 0x0 is not a valid connection ID.
2026-09-13 00:06:30.206646+0800 Web Studio[28531:26464253] [default] WebContent[28759] Conn 0x0 is not a valid connection ID.
2026-09-13 00:06:30.207943+0800 Web Studio[28531:26464253] [Connection] WebContent[28759] Missing com.apple.linkd.application-service / com.apple.linkd.autoShortcut mach-lookup entitlement, will NOT register the process
2026-09-13 00:06:30.207974+0800 Web Studio[28531:26464253] [Application] WebContent[28759] Error registering app with intents framework: Error Domain=LNProcessInstanceRegistryClientErrorDomain Code=1
2026-09-13 00:06:30.213920+0800 Web Studio[28531:26464253] WebContent[28759] networkd_settings_read_from_file_locked Sandbox is preventing this process from reading networkd settings file at "/Library/Preferences/com.apple.networkd.plist", please add an exception.
2026-09-13 00:06:30.213937+0800 Web Studio[28531:26464253] WebContent[28759] networkd_settings_read_from_file_locked Sandbox is preventing this process from reading networkd settings file at "/Library/Preferences/com.apple.networkd.plist", please add an exception.
2026-09-13 00:06:30.214432+0800 Web Studio[28531:26464352] [XPC] Encountered xpc error for GetSafeBrowsingEnabledState response with error: Connection invalid
2026-09-13 00:06:30.214444+0800 Web Studio[28531:26464352] [Database] Encountered xpc error for GetDatabases response with error: Connection invalid
2026-09-13 00:06:30.214448+0800 Web Studio[28531:26464352] [Database] Encountered error when trying to get databases: Connection invalid
2026-09-13 00:06:30.214840+0800 Web Studio[28531:26464253] [audiocomp] WebContent[28759] AudioComponentPluginMgr.mm:591   reg server remote proxy error Error Domain=NSCocoaErrorDomain Code=4099 "The connection to service named com.apple.audio.AudioComponentRegistrar was invalidated: Connection init failed at lookup with error 1 - Operation not permitted." UserInfo={NSDebugDescription=The connection to service named com.apple.audio.AudioComponentRegistrar was invalidated: Connection init failed at lookup with error 1 - Operation not permitted.}
✔ Test sameDocumentPushStateUpdatesRecordWithoutReplacingWebView() passed after 0.066 seconds.
◇ Test cancelledReadReturnsFailure() started.
2026-09-13 00:06:30.261251+0800 Web Studio[28531:26464352] [assertion] Error acquiring assertion: <Error Domain=RBSAssertionErrorDomain Code=2 "Specified target process 28759<WebProcess28759> does not exist" UserInfo={NSLocalizedFailureReason=Specified target process 28759<WebProcess28759> does not exist}>
2026-09-13 00:06:30.261268+0800 Web Studio[28531:26464352] [ProcessSuspension] 0x12e1b83c0 - ProcessAssertion::acquireSync Failed to acquire RBS assertion 'XPCConnectionTerminationWatchdog' for process with PID=28759, error: Error Domain=RBSAssertionErrorDomain Code=2 "Specified target process 28759<WebProcess28759> does not exist" UserInfo={NSLocalizedFailureReason=Specified target process 28759<WebProcess28759> does not exist}
2026-09-13 00:06:30.262041+0800 Web Studio[28531:26464253] [general] WebContent[28762] Connection to 'pboard' server had an error: <dictionary: 0x1efd96080> { count = 1, transaction: 0, voucher = 0x0, contents =
	"XPCErrorDescription" => <string: 0x1efd961c0> { string cache = 0x0, length = 18, contents = "Connection invalid" }
}
Invalidation reason: Connection init failed at lookup with error 159 - Sandbox restriction
2026-09-13 00:06:30.262077+0800 Web Studio[28531:26464253] [general] WebContent[28762] Failed to set up CFPasteboardRef 'Apple CFPasteboard general'. Error: <dictionary: 0x1efd96080> { count = 1, transaction: 0, voucher = 0x0, contents =
	"XPCErrorDescription" => <string: 0x1efd961c0> { string cache = 0x0, length = 18, contents = "Connection invalid" }
}
Invalidation reason: Connection init failed at lookup with error 159 - Sandbox restriction
2026-09-13 00:06:30.262129+0800 Web Studio[28531:26464253] [general] WebContent[28762] Failed to set up CFPasteboardRef 'Apple CFPasteboard general'. Error: <dictionary: 0x1efd96080> { count = 1, transaction: 0, voucher = 0x0, contents =
	"XPCErrorDescription" => <string: 0x1efd961c0> { string cache = 0x0, length = 18, contents = "Connection invalid" }
}
Invalidation reason: Connection init failed at lookup with error 159 - Sandbox restriction
2026-09-13 00:06:30.267236+0800 Web Studio[28531:26464253] [access] WebContent[28762] send_message_with_reply_sync(): XPC_ERROR_CONNECTION_INVALID for message 0x85d100480
2026-09-13 00:06:30.267248+0800 Web Studio[28531:26464253] [access] WebContent[28762] TCCAccessRequest_block_invoke: Connection invalid
2026-09-13 00:06:30.267292+0800 Web Studio[28531:26464253] [default] WebContent[28762] Conn 0x0 is not a valid connection ID.
2026-09-13 00:06:30.267303+0800 Web Studio[28531:26464253] [default] WebContent[28762] Conn 0x0 is not a valid connection ID.
2026-09-13 00:06:30.267306+0800 Web Studio[28531:26464253] [default] WebContent[28762] Conn 0x0 is not a valid connection ID.
2026-09-13 00:06:30.267367+0800 Web Studio[28531:26464253] [cas] WebContent[28762] CONNECT: Attempt to connect to launchservicesd prohibited because kLSServerConnectionStatusProcessIsDaemonMask is set.
2026-09-13 00:06:30.267786+0800 Web Studio[28531:26464253] [cas] WebContent[28762] CRASHSTRING: rdar://problem/28724618 Couldn't connect to launchservicesd.
2026-09-13 00:06:30.268633+0800 Web Studio[28531:26464253] WebContent[28762] invalid product id '(null)'
2026-09-13 00:06:30.270103+0800 Web Studio[28531:26464253] [sharedcache] WebContent[28762] checkinWithServer Failed bootstrap_lookup2 for name of coreservicesd, kern_return_t=#1100/0x44c Permission denied name=com.apple.CoreServices.coreservicesd
2026-09-13 00:06:30.271634+0800 Web Studio[28531:26464253] [connection] WebContent[28762] The sandbox in this process does not allow access to RunningBoard.
2026-09-13 00:06:30.271643+0800 Web Studio[28531:26464253] [connection] WebContent[28762] Handshake aborted as the connection has been invalidated
2026-09-13 00:06:30.271705+0800 Web Studio[28531:26464253] [default] WebContent[28762] Conn 0x0 is not a valid connection ID.
2026-09-13 00:06:30.271953+0800 Web Studio[28531:26464253] [default] WebContent[28762] Conn 0x0 is not a valid connection ID.
2026-09-13 00:06:30.271965+0800 Web Studio[28531:26464253] [default] WebContent[28762] Conn 0x0 is not a valid connection ID.
2026-09-13 00:06:30.271969+0800 Web Studio[28531:26464253] [default] WebContent[28762] Conn 0x0 is not a valid connection ID.
2026-09-13 00:06:30.271973+0800 Web Studio[28531:26464253] [default] WebContent[28762] Conn 0x0 is not a valid connection ID.
2026-09-13 00:06:30.271976+0800 Web Studio[28531:26464253] [default] WebContent[28762] Conn 0x0 is not a valid connection ID.
2026-09-13 00:06:30.273286+0800 Web Studio[28531:26464253] [Connection] WebContent[28762] Missing com.apple.linkd.application-service / com.apple.linkd.autoShortcut mach-lookup entitlement, will NOT register the process
2026-09-13 00:06:30.273327+0800 Web Studio[28531:26464253] [Application] WebContent[28762] Error registering app with intents framework: Error Domain=LNProcessInstanceRegistryClientErrorDomain Code=1
2026-09-13 00:06:30.279498+0800 Web Studio[28531:26464253] WebContent[28762] networkd_settings_read_from_file_locked Sandbox is preventing this process from reading networkd settings file at "/Library/Preferences/com.apple.networkd.plist", please add an exception.
2026-09-13 00:06:30.279528+0800 Web Studio[28531:26464253] WebContent[28762] networkd_settings_read_from_file_locked Sandbox is preventing this process from reading networkd settings file at "/Library/Preferences/com.apple.networkd.plist", please add an exception.
2026-09-13 00:06:30.280018+0800 Web Studio[28531:26464352] [XPC] Encountered xpc error for GetSafeBrowsingEnabledState response with error: Connection invalid
2026-09-13 00:06:30.280032+0800 Web Studio[28531:26464352] [Database] Encountered xpc error for GetDatabases response with error: Connection invalid
2026-09-13 00:06:30.280035+0800 Web Studio[28531:26464352] [Database] Encountered error when trying to get databases: Connection invalid
2026-09-13 00:06:30.280461+0800 Web Studio[28531:26464253] [audiocomp] WebContent[28762] AudioComponentPluginMgr.mm:591   reg server remote proxy error Error Domain=NSCocoaErrorDomain Code=4099 "The connection to service named com.apple.audio.AudioComponentRegistrar was invalidated: Connection init failed at lookup with error 1 - Operation not permitted." UserInfo={NSDebugDescription=The connection to service named com.apple.audio.AudioComponentRegistrar was invalidated: Connection init failed at lookup with error 1 - Operation not permitted.}
✔ Test cancelledReadReturnsFailure() passed after 0.061 seconds.
◇ Test navigationDuringReadIsReportedAsFailure() started.
2026-09-13 00:06:30.323191+0800 Web Studio[28531:26464716] [ProcessSuspension] WebContent[28762] 0x10c058100 - [sessionID=1] WebProcess::markAllLayersVolatile: Failed to mark layers as volatile for webPageID=34
2026-09-13 00:06:30.325854+0800 Web Studio[28531:26464253] [general] WebContent[28763] Connection to 'pboard' server had an error: <dictionary: 0x1efd96080> { count = 1, transaction: 0, voucher = 0x0, contents =
	"XPCErrorDescription" => <string: 0x1efd961c0> { string cache = 0x0, length = 18, contents = "Connection invalid" }
}
Invalidation reason: Connection init failed at lookup with error 159 - Sandbox restriction
2026-09-13 00:06:30.325896+0800 Web Studio[28531:26464253] [general] WebContent[28763] Failed to set up CFPasteboardRef 'Apple CFPasteboard general'. Error: <dictionary: 0x1efd96080> { count = 1, transaction: 0, voucher = 0x0, contents =
	"XPCErrorDescription" => <string: 0x1efd961c0> { string cache = 0x0, length = 18, contents = "Connection invalid" }
}
Invalidation reason: Connection init failed at lookup with error 159 - Sandbox restriction
2026-09-13 00:06:30.325967+0800 Web Studio[28531:26464253] [general] WebContent[28763] Failed to set up CFPasteboardRef 'Apple CFPasteboard general'. Error: <dictionary: 0x1efd96080> { count = 1, transaction: 0, voucher = 0x0, contents =
	"XPCErrorDescription" => <string: 0x1efd961c0> { string cache = 0x0, length = 18, contents = "Connection invalid" }
}
Invalidation reason: Connection init failed at lookup with error 159 - Sandbox restriction
2026-09-13 00:06:30.331240+0800 Web Studio[28531:26464253] [access] WebContent[28763] send_message_with_reply_sync(): XPC_ERROR_CONNECTION_INVALID for message 0xcb50f8480
2026-09-13 00:06:30.331284+0800 Web Studio[28531:26464253] [access] WebContent[28763] TCCAccessRequest_block_invoke: Connection invalid
2026-09-13 00:06:30.331333+0800 Web Studio[28531:26464253] [default] WebContent[28763] Conn 0x0 is not a valid connection ID.
2026-09-13 00:06:30.331363+0800 Web Studio[28531:26464253] [default] WebContent[28763] Conn 0x0 is not a valid connection ID.
2026-09-13 00:06:30.331372+0800 Web Studio[28531:26464253] [default] WebContent[28763] Conn 0x0 is not a valid connection ID.
2026-09-13 00:06:30.331389+0800 Web Studio[28531:26464253] [cas] WebContent[28763] CONNECT: Attempt to connect to launchservicesd prohibited because kLSServerConnectionStatusProcessIsDaemonMask is set.
2026-09-13 00:06:30.331835+0800 Web Studio[28531:26464253] [cas] WebContent[28763] CRASHSTRING: rdar://problem/28724618 Couldn't connect to launchservicesd.
2026-09-13 00:06:30.332709+0800 Web Studio[28531:26464253] WebContent[28763] invalid product id '(null)'
2026-09-13 00:06:30.334151+0800 Web Studio[28531:26464253] [sharedcache] WebContent[28763] checkinWithServer Failed bootstrap_lookup2 for name of coreservicesd, kern_return_t=#1100/0x44c Permission denied name=com.apple.CoreServices.coreservicesd
2026-09-13 00:06:30.335837+0800 Web Studio[28531:26464253] [connection] WebContent[28763] The sandbox in this process does not allow access to RunningBoard.
2026-09-13 00:06:30.335847+0800 Web Studio[28531:26464253] [connection] WebContent[28763] Handshake aborted as the connection has been invalidated
2026-09-13 00:06:30.335889+0800 Web Studio[28531:26464253] [default] WebContent[28763] Conn 0x0 is not a valid connection ID.
2026-09-13 00:06:30.336128+0800 Web Studio[28531:26464253] [default] WebContent[28763] Conn 0x0 is not a valid connection ID.
2026-09-13 00:06:30.336144+0800 Web Studio[28531:26464253] [default] WebContent[28763] Conn 0x0 is not a valid connection ID.
2026-09-13 00:06:30.336152+0800 Web Studio[28531:26464253] [default] WebContent[28763] Conn 0x0 is not a valid connection ID.
2026-09-13 00:06:30.336160+0800 Web Studio[28531:26464253] [default] WebContent[28763] Conn 0x0 is not a valid connection ID.
2026-09-13 00:06:30.336165+0800 Web Studio[28531:26464253] [default] WebContent[28763] Conn 0x0 is not a valid connection ID.
2026-09-13 00:06:30.337609+0800 Web Studio[28531:26464253] [Connection] WebContent[28763] Missing com.apple.linkd.application-service / com.apple.linkd.autoShortcut mach-lookup entitlement, will NOT register the process
2026-09-13 00:06:30.337659+0800 Web Studio[28531:26464253] [Application] WebContent[28763] Error registering app with intents framework: Error Domain=LNProcessInstanceRegistryClientErrorDomain Code=1
2026-09-13 00:06:30.344644+0800 Web Studio[28531:26464253] WebContent[28763] networkd_settings_read_from_file_locked Sandbox is preventing this process from reading networkd settings file at "/Library/Preferences/com.apple.networkd.plist", please add an exception.
2026-09-13 00:06:30.344753+0800 Web Studio[28531:26464253] WebContent[28763] networkd_settings_read_from_file_locked Sandbox is preventing this process from reading networkd settings file at "/Library/Preferences/com.apple.networkd.plist", please add an exception.
2026-09-13 00:06:30.345157+0800 Web Studio[28531:26464344] [XPC] Encountered xpc error for GetSafeBrowsingEnabledState response with error: Connection invalid
2026-09-13 00:06:30.345168+0800 Web Studio[28531:26464344] [Database] Encountered xpc error for GetDatabases response with error: Connection invalid
2026-09-13 00:06:30.345171+0800 Web Studio[28531:26464344] [Database] Encountered error when trying to get databases: Connection invalid
2026-09-13 00:06:30.345569+0800 Web Studio[28531:26464253] [audiocomp] WebContent[28763] AudioComponentPluginMgr.mm:591   reg server remote proxy error Error Domain=NSCocoaErrorDomain Code=4099 "The connection to service named com.apple.audio.AudioComponentRegistrar was invalidated: Connection init failed at lookup with error 1 - Operation not permitted." UserInfo={NSDebugDescription=The connection to service named com.apple.audio.AudioComponentRegistrar was invalidated: Connection init failed at lookup with error 1 - Operation not permitted.}
✔ Test navigationDuringReadIsReportedAsFailure() passed after 0.315 seconds.
◇ Test terminalAndSSHMetadataRemainDistinct() started.
2026-09-13 00:06:30.616432+0800 Web Studio[28531:26464716] [ProcessSuspension] WebContent[28763] 0x10a058100 - [sessionID=1] WebProcess::markAllLayersVolatile: Failed to mark layers as volatile for webPageID=46
✔ Test terminalAndSSHMetadataRemainDistinct() passed after 0.004 seconds.
✔ Suite ResourceReadTests passed after 0.979 seconds.
◇ Suite Web_StudioTests started.
◇ Test bareDomainNormalizesToHTTPS() started.
2026-09-13 00:06:30.620892+0800 Web Studio[28531:26464324] [assertion] Error acquiring assertion: <Error Domain=RBSServiceErrorDomain Code=1 "(target is not running or doesn't have entitlement com.apple.runningboard.assertions.webkit AND originator doesn't have entitlement com.apple.runningboard.assertions.webkit)" UserInfo={NSLocalizedFailureReason=(target is not running or doesn't have entitlement com.apple.runningboard.assertions.webkit AND originator doesn't have entitlement com.apple.runningboard.assertions.webkit)}>
2026-09-13 00:06:30.621187+0800 Web Studio[28531:26464324] [ProcessSuspension] 0x12e1b8180 - ProcessAssertion::acquireSync Failed to acquire RBS assertion 'XPCConnectionTerminationWatchdog' for process with PID=28763, error: Error Domain=RBSServiceErrorDomain Code=1 "(target is not running or doesn't have entitlement com.apple.runningboard.assertions.webkit AND originator doesn't have entitlement com.apple.runningboard.assertions.webkit)" UserInfo={NSLocalizedFailureReason=(target is not running or doesn't have entitlement com.apple.runningboard.assertions.webkit AND originator doesn't have entitlement com.apple.runningboard.assertions.webkit)}
✔ Test bareDomainNormalizesToHTTPS() passed after 0.001 seconds.
◇ Test sshDefaultsPortAndRejectsInvalidValues() started.
✔ Test sshDefaultsPortAndRejectsInvalidValues() passed after 0.001 seconds.
◇ Test closingLastTabReturnsToBlankTab() started.
✔ Test closingLastTabReturnsToBlankTab() passed after 0.001 seconds.
◇ Test closingInactiveTabPreservesSelection() started.
✔ Test closingInactiveTabPreservesSelection() passed after 0.001 seconds.
◇ Test taskGroupsKeepSelectionAndMoveActiveTab() started.
✔ Test taskGroupsKeepSelectionAndMoveActiveTab() passed after 0.001 seconds.
◇ Test movingInactiveTabDoesNotChangeCurrentSelection() started.
✔ Test movingInactiveTabDoesNotChangeCurrentSelection() passed after 0.001 seconds.
◇ Test selectingEmptyGroupCreatesItsBlankTab() started.
✔ Test selectingEmptyGroupCreatesItsBlankTab() passed after 0.001 seconds.
◇ Test workspaceActionsTargetTheirOwningGroup() started.
✔ Test workspaceActionsTargetTheirOwningGroup() passed after 0.001 seconds.
◇ Test closingActiveTabPrefersAnotherTabInSameGroup() started.
✔ Test closingActiveTabPrefersAnotherTabInSameGroup() passed after 0.001 seconds.
◇ Test layoutResolverCompactsAndProtectsMainWidth() started.
✔ Test layoutResolverCompactsAndProtectsMainWidth() passed after 0.001 seconds.
◇ Test modalOpenersRemainMutuallyExclusive() started.
✔ Test modalOpenersRemainMutuallyExclusive() passed after 0.001 seconds.
◇ Test nonDefaultSSHPortAppearsInTabTitleAndWebPathIsSeparate() started.
✔ Test nonDefaultSSHPortAppearsInTabTitleAndWebPathIsSeparate() passed after 0.001 seconds.
◇ Test addressParserRoutesWebSSHAndLocalTerminalInputs() started.
✔ Test addressParserRoutesWebSSHAndLocalTerminalInputs() passed after 0.001 seconds.
◇ Test addressParserRejectsUnsupportedOrMalformedInputs() started.
✔ Test addressParserRejectsUnsupportedOrMalformedInputs() passed after 0.001 seconds.
◇ Test addressFieldTracksIdleTabSelectionAndPreservesSourceSession() started.
✔ Test addressFieldTracksIdleTabSelectionAndPreservesSourceSession() passed after 0.001 seconds.
◇ Test addressFieldAllowsSecondSubmissionWithoutResettingDraft() started.
✔ Test addressFieldAllowsSecondSubmissionWithoutResettingDraft() passed after 0.001 seconds.
◇ Test webRuntimeIsCreatedOncePerTabAndKeepsItsWebView() started.
✔ Test webRuntimeIsCreatedOncePerTabAndKeepsItsWebView() passed after 0.003 seconds.
◇ Test closingAWebTabReleasesItsRuntime() started.
✔ Test closingAWebTabReleasesItsRuntime() passed after 0.004 seconds.
◇ Test openingSSHFromWebKeepsWebResourceAndCreatesSibling() started.
✔ Test openingSSHFromWebKeepsWebResourceAndCreatesSibling() passed after 0.009 seconds.
◇ Test panelCoordinatorCapturesTargetAndReportsClosedResource() started.
✔ Test panelCoordinatorCapturesTargetAndReportsClosedResource() passed after 0.001 seconds.
◇ Test committedNavigationFollowsTheLivePageOnWebTabsOnly() started.
✔ Test committedNavigationFollowsTheLivePageOnWebTabsOnly() passed after 0.001 seconds.
◇ Test popupNavigationOpensASiblingTabInTheSameTask() started.
✔ Test popupNavigationOpensASiblingTabInTheSameTask() passed after 0.001 seconds.
◇ Test activeWebStateResetsWhenSelectionLeavesTheWebTab() started.
✔ Test activeWebStateResetsWhenSelectionLeavesTheWebTab() passed after 0.003 seconds.
◇ Test webCommandsAreInertWithoutAWebRuntime() started.
✔ Test webCommandsAreInertWithoutAWebRuntime() passed after 0.001 seconds.
◇ Test navigationPolicyRendersWebAndHandsOffOnlyClickedAppSchemes() started.
✔ Test navigationPolicyRendersWebAndHandsOffOnlyClickedAppSchemes() passed after 0.001 seconds.
◇ Test cancelledAndInterruptedLoadsAreNotReportedAsFailures() started.
✔ Test cancelledAndInterruptedLoadsAreNotReportedAsFailures() passed after 0.001 seconds.
◇ Test commandPaletteListsPageCommandsOnlyWhenTheyCanRun() started.
✔ Test commandPaletteListsPageCommandsOnlyWhenTheyCanRun() passed after 0.001 seconds.
◇ Test tabCyclingCommandsAppearOnlyWithMoreThanOneTab() started.
✔ Test tabCyclingCommandsAppearOnlyWithMoreThanOneTab() passed after 0.001 seconds.
◇ Test selectingTabByNumberMatchesSafariNumbering() started.
✔ Test selectingTabByNumberMatchesSafariNumbering() passed after 0.001 seconds.
◇ Test tabCyclingWrapsWithinTheSelectedTask() started.
✔ Test tabCyclingWrapsWithinTheSelectedTask() passed after 0.001 seconds.
◇ Test tabTitleFollowsPageTitleAndFallsBackToDestination() started.
✔ Test tabTitleFollowsPageTitleAndFallsBackToDestination() passed after 0.001 seconds.
◇ Test backgroundTabTitleUpdatesWithoutTouchingTheToolbar() started.
✔ Test backgroundTabTitleUpdatesWithoutTouchingTheToolbar() passed after 0.001 seconds.
◇ Test resourceStoreKeepsStableIDsAndOwnsWebRuntime() started.
✔ Test resourceStoreKeepsStableIDsAndOwnsWebRuntime() passed after 0.003 seconds.
◇ Test closingLastTabCreatesANewResourceID() started.
✔ Test closingLastTabCreatesANewResourceID() passed after 0.001 seconds.
◇ Test closingSelectedTabWithTwoTabsSelectsRemainingResource() started.
✔ Test closingSelectedTabWithTwoTabsSelectsRemainingResource() passed after 0.001 seconds.
◇ Test pruningWebRuntimesDoesNotDeleteNonWebRecords() started.
✔ Test pruningWebRuntimesDoesNotDeleteNonWebRecords() passed after 0.001 seconds.
◇ Test sshRejectsControlCharactersAndOptionInjection() started.
✔ Test sshRejectsControlCharactersAndOptionInjection() passed after 0.001 seconds.
◇ Test capturedPaneNewTabReplacesOnlyCapturedPane() started.
✔ Test capturedPaneNewTabReplacesOnlyCapturedPane() passed after 0.001 seconds.
◇ Test shutdownAwaitsRemovedResourcesAndIsIdempotent() started.
✔ Test shutdownAwaitsRemovedResourcesAndIsIdempotent() passed after 0.005 seconds.
◇ Test storeShutdownIsScopedAndCallbackRunsOnce() started.
✔ Test storeShutdownIsScopedAndCallbackRunsOnce() passed after 0.001 seconds.
◇ Test windowCloseShutsDownWebOnlyStore() started.
✔ Test windowCloseShutsDownWebOnlyStore() passed after 0.016 seconds.
◇ Test panelCloseRestoresCapturedWindowAndUsesFallback() started.
✔ Test panelCloseRestoresCapturedWindowAndUsesFallback() passed after 0.004 seconds.
◇ Test sshExit255MapsToInterruptedAndUnknownResourceIsIgnored() started.
✔ Test sshExit255MapsToInterruptedAndUnknownResourceIsIgnored() passed after 0.003 seconds.
◇ Test splitSupportsAllResourceKindsWithoutDuplicateMounts() started.
✔ Test splitSupportsAllResourceKindsWithoutDuplicateMounts() passed after 0.002 seconds.
◇ Test layoutRejectsUnknownPaneAndResourceAndPreservesSwapIdentity() started.
✔ Test layoutRejectsUnknownPaneAndResourceAndPreservesSwapIdentity() passed after 0.001 seconds.
◇ Test closePanePreservesResourceAndCloseResourcePrunesLayout() started.
✔ Test closePanePreservesResourceAndCloseResourcePrunesLayout() passed after 0.001 seconds.
◇ Test splitRatioIsClamped() started.
✔ Test splitRatioIsClamped() passed after 0.001 seconds.
◇ Test splitSupportsWebWebAndTerminalTerminal() started.
✔ Test splitSupportsWebWebAndTerminalTerminal() passed after 0.002 seconds.
◇ Test panelKeepsCapturedPaneWhenSelectionChanges() started.
✔ Test panelKeepsCapturedPaneWhenSelectionChanges() passed after 0.001 seconds.
◇ Test nativeResourceHostReplacesOnlyOwnedView() started.
✔ Test nativeResourceHostReplacesOnlyOwnedView() passed after 0.001 seconds.
◇ Test capturedDestinationRejectsClosedResource() started.
✔ Test capturedDestinationRejectsClosedResource() passed after 0.001 seconds.
◇ Test closedCapturedPaneRejectsActionWhileResourceSurvives() started.
✔ Test closedCapturedPaneRejectsActionWhileResourceSurvives() passed after 0.001 seconds.
◇ Test reparentedNativeViewSurvivesOldHostUnmount() started.
✔ Test reparentedNativeViewSurvivesOldHostUnmount() passed after 0.001 seconds.
◇ Test blankTabsDoNotConsumeRecentSlots() started.
✔ Test blankTabsDoNotConsumeRecentSlots() passed after 0.001 seconds.
◇ Test explicitWebDestinationAddsRecentResource() started.
✔ Test explicitWebDestinationAddsRecentResource() passed after 0.001 seconds.
◇ Test pinnedWebDestinationSurvivesSourceCloseAndReusesBlank() started.
✔ Test pinnedWebDestinationSurvivesSourceCloseAndReusesBlank() passed after 0.001 seconds.
◇ Test duplicatePinnedDestinationUpdatesLabel() started.
✔ Test duplicatePinnedDestinationUpdatesLabel() passed after 0.001 seconds.
◇ Test pinnedTerminalFromSecondaryPaneUsesSourceGroupAndPane() started.
✔ Test pinnedTerminalFromSecondaryPaneUsesSourceGroupAndPane() passed after 0.001 seconds.
✔ Suite Web_StudioTests passed after 0.091 seconds.
✔ Test run with 94 tests in 5 suites passed after 2.080 seconds.
2026-09-13 00:06:30.987 xcodebuild[27581:26462450] [MT] IDETestOperationsObserverDebug: 5.029 elapsed -- Testing started completed.
2026-09-13 00:06:30.987 xcodebuild[27581:26462450] [MT] IDETestOperationsObserverDebug: 0.000 sec, +0.000 sec -- start
2026-09-13 00:06:30.987 xcodebuild[27581:26462450] [MT] IDETestOperationsObserverDebug: 5.029 sec, +5.029 sec -- end

Test session results, code coverage, and logs:
	/tmp/web-studio-final/Logs/Test/Test-Web Studio-2026.09.13_00-06-13-+0800.xcresult

** TEST SUCCEEDED **

Testing started
