Command line invocation:
    /Applications/Xcode.app/Contents/Developer/usr/bin/xcodebuild -project "Web Studio.xcodeproj" -scheme "Web Studio" -configuration Debug -destination platform=macOS,arch=arm64 -derivedDataPath /private/tmp/web-studio-final -disableAutomaticPackageResolution -skipPackageUpdates CODE_SIGN_IDENTITY=- CODE_SIGN_STYLE=Manual DEVELOPMENT_TEAM= build-for-testing

Build settings from command line:
    CODE_SIGN_IDENTITY = -
    CODE_SIGN_STYLE = Manual
    DEVELOPMENT_TEAM = 

Resolve Package Graph


Resolved source packages:
  swift-argument-parser: https://github.com/apple/swift-argument-parser @ 1.8.2
  SwiftTerm: https://github.com/migueldeicaza/SwiftTerm.git @ 1.14.0

2026-09-12 23:57:52.344 xcodebuild[96622:26412136] [MT] IDERunDestination: Supported platforms for the buildables in the current scheme is empty.
note: Using codesigning identity override: -
ComputePackagePrebuildTargetDependencyGraph

Prepare packages

CreateBuildRequest

SendProjectDescription

CreateBuildOperation

ComputeTargetDependencyGraph
note: Building targets in dependency order
note: Target dependency graph (6 targets)
    Target 'Web StudioUITests' in project 'Web Studio'
        ➜ Explicit dependency on target 'Web Studio' in project 'Web Studio'
    Target 'Web StudioTests' in project 'Web Studio'
        ➜ Explicit dependency on target 'Web Studio' in project 'Web Studio'
    Target 'Web Studio' in project 'Web Studio'
        ➜ Explicit dependency on target 'SwiftTerm' in project 'SwiftTerm'
    Target 'SwiftTerm' in project 'SwiftTerm'
        ➜ Explicit dependency on target 'SwiftTerm' in project 'SwiftTerm'
        ➜ Explicit dependency on target 'SwiftTerm_SwiftTerm' in project 'SwiftTerm'
    Target 'SwiftTerm' in project 'SwiftTerm'
        ➜ Explicit dependency on target 'SwiftTerm_SwiftTerm' in project 'SwiftTerm'
    Target 'SwiftTerm_SwiftTerm' in project 'SwiftTerm' (no dependencies)

GatherProvisioningInputs

CreateBuildDescription

ExecuteExternalTool /Applications/Xcode.app/Contents/Developer/Toolchains/XcodeDefault.xctoolchain/usr/bin/clang -v -E -dM -arch arm64 -isysroot /Applications/Xcode.app/Contents/Developer/Platforms/MacOSX.platform/Developer/SDKs/MacOSX26.5.sdk -x c -c /dev/null

ExecuteExternalTool /Applications/Xcode.app/Contents/Developer/Toolchains/XcodeDefault.xctoolchain/usr/bin/swiftc --version

ExecuteExternalTool /Applications/Xcode.app/Contents/Developer/Toolchains/XcodeDefault.xctoolchain/usr/bin/clang -v -E -dM -isysroot /Applications/Xcode.app/Contents/Developer/Platforms/MacOSX.platform/Developer/SDKs/MacOSX26.5.sdk -x c -c /dev/null

ExecuteExternalTool /Applications/Xcode.app/Contents/Developer/usr/bin/actool --version --output-format xml1

ExecuteExternalTool /Applications/Xcode.app/Contents/Developer/Toolchains/XcodeDefault.xctoolchain/usr/bin/ld -version_details

ReadFileContents /Applications/Xcode.app/Contents/Developer/Toolchains/XcodeDefault.xctoolchain/usr/share/docc/features.json

Build description signature: 7d4d1194c47533c07b55e2c3a9f54691
Build description path: /tmp/web-studio-final/Build/Intermediates.noindex/XCBuildData/7d4d1194c47533c07b55e2c3a9f54691.xcbuilddata
ClangStatCache /Applications/Xcode.app/Contents/Developer/Toolchains/XcodeDefault.xctoolchain/usr/bin/clang-stat-cache /Applications/Xcode.app/Contents/Developer/Platforms/MacOSX.platform/Developer/SDKs/MacOSX26.5.sdk /tmp/web-studio-final/SDKStatCaches.noindex/macosx26.5-25F70-688ef53f1462e2c8f657fdc38a81448fe082c4a02f00227109f4ed75e425c832.sdkstatcache
    cd /Users/huaodong/workspace/Web\ Studio/Web\ Studio.xcodeproj
    /Applications/Xcode.app/Contents/Developer/Toolchains/XcodeDefault.xctoolchain/usr/bin/clang-stat-cache /Applications/Xcode.app/Contents/Developer/Platforms/MacOSX.platform/Developer/SDKs/MacOSX26.5.sdk -o /tmp/web-studio-final/SDKStatCaches.noindex/macosx26.5-25F70-688ef53f1462e2c8f657fdc38a81448fe082c4a02f00227109f4ed75e425c832.sdkstatcache

MkDir /tmp/web-studio-final/Build/Products/Debug/Web\ Studio.app/Contents/PlugIns/Web\ StudioTests.xctest/Contents (in target 'Web StudioTests' from project 'Web Studio')
    cd /Users/huaodong/workspace/Web\ Studio
    /bin/mkdir -p /tmp/web-studio-final/Build/Products/Debug/Web\ Studio.app/Contents/PlugIns/Web\ StudioTests.xctest/Contents

MkDir /tmp/web-studio-final/Build/Products/Debug/Web\ Studio.app/Contents/PlugIns/Web\ StudioTests.xctest/Contents/MacOS (in target 'Web StudioTests' from project 'Web Studio')
    cd /Users/huaodong/workspace/Web\ Studio
    /bin/mkdir -p /tmp/web-studio-final/Build/Products/Debug/Web\ Studio.app/Contents/PlugIns/Web\ StudioTests.xctest/Contents/MacOS

MkDir /tmp/web-studio-final/Build/Products/Debug/Web\ Studio.app/Contents/PlugIns/Web\ StudioTests.xctest/Contents/Resources (in target 'Web StudioTests' from project 'Web Studio')
    cd /Users/huaodong/workspace/Web\ Studio
    /bin/mkdir -p /tmp/web-studio-final/Build/Products/Debug/Web\ Studio.app/Contents/PlugIns/Web\ StudioTests.xctest/Contents/Resources

ProcessInfoPlistFile /tmp/web-studio-final/Build/Products/Debug/SwiftTerm_SwiftTerm.bundle/Contents/Info.plist /tmp/web-studio-final/Build/Intermediates.noindex/SwiftTerm.build/Debug/SwiftTerm_SwiftTerm.build/empty-SwiftTerm_SwiftTerm.plist (in target 'SwiftTerm_SwiftTerm' from project 'SwiftTerm')
    cd /tmp/web-studio-final/SourcePackages/checkouts/SwiftTerm
    builtin-infoPlistUtility /tmp/web-studio-final/Build/Intermediates.noindex/SwiftTerm.build/Debug/SwiftTerm_SwiftTerm.build/empty-SwiftTerm_SwiftTerm.plist -producttype com.apple.product-type.bundle -expandbuildsettings -platform macosx -o /tmp/web-studio-final/Build/Products/Debug/SwiftTerm_SwiftTerm.bundle/Contents/Info.plist

MkDir /tmp/web-studio-final/Build/Products/Debug/Web\ Studio.app/Contents/PlugIns (in target 'Web Studio' from project 'Web Studio')
    cd /Users/huaodong/workspace/Web\ Studio
    /bin/mkdir -p /tmp/web-studio-final/Build/Products/Debug/Web\ Studio.app/Contents/PlugIns

MkDir /tmp/web-studio-final/Build/Products/Debug/Web\ Studio.app/Contents/Frameworks (in target 'Web Studio' from project 'Web Studio')
    cd /Users/huaodong/workspace/Web\ Studio
    /bin/mkdir -p /tmp/web-studio-final/Build/Products/Debug/Web\ Studio.app/Contents/Frameworks

ProcessProductPackaging "" /tmp/web-studio-final/Build/Intermediates.noindex/Web\ Studio.build/Debug/Web\ Studio.build/Web\ Studio.app.xcent (in target 'Web Studio' from project 'Web Studio')
    cd /Users/huaodong/workspace/Web\ Studio
    
    Entitlements:
    
    {
    "com.apple.security.app-sandbox" = 1;
    "com.apple.security.files.user-selected.read-only" = 1;
    "com.apple.security.get-task-allow" = 1;
    "com.apple.security.network.client" = 1;
}
    
    builtin-productPackagingUtility -entitlements -format xml -o /tmp/web-studio-final/Build/Intermediates.noindex/Web\ Studio.build/Debug/Web\ Studio.build/Web\ Studio.app.xcent

ProcessProductPackagingDER /tmp/web-studio-final/Build/Intermediates.noindex/Web\ Studio.build/Debug/Web\ Studio.build/Web\ Studio.app.xcent /tmp/web-studio-final/Build/Intermediates.noindex/Web\ Studio.build/Debug/Web\ Studio.build/Web\ Studio.app.xcent.der (in target 'Web Studio' from project 'Web Studio')
    cd /Users/huaodong/workspace/Web\ Studio
    /usr/bin/derq query -f xml -i /tmp/web-studio-final/Build/Intermediates.noindex/Web\ Studio.build/Debug/Web\ Studio.build/Web\ Studio.app.xcent -o /tmp/web-studio-final/Build/Intermediates.noindex/Web\ Studio.build/Debug/Web\ Studio.build/Web\ Studio.app.xcent.der --raw

Copy /tmp/web-studio-final/Build/Products/Debug/Web\ Studio.app/Contents/Frameworks/XCTAutomationSupport.framework /Applications/Xcode.app/Contents/Developer/Platforms/MacOSX.platform/Developer/Library/PrivateFrameworks/XCTAutomationSupport.framework (in target 'Web Studio' from project 'Web Studio')
    cd /Users/huaodong/workspace/Web\ Studio
    builtin-copy -exclude .DS_Store -exclude CVS -exclude .svn -exclude .git -exclude .hg -exclude Headers -exclude PrivateHeaders -exclude Modules -exclude \*.tbd -resolve-src-symlinks /Applications/Xcode.app/Contents/Developer/Platforms/MacOSX.platform/Developer/Library/PrivateFrameworks/XCTAutomationSupport.framework /tmp/web-studio-final/Build/Products/Debug/Web\ Studio.app/Contents/Frameworks

Copy /tmp/web-studio-final/Build/Products/Debug/Web\ Studio.app/Contents/Frameworks/Testing.framework /Applications/Xcode.app/Contents/Developer/Platforms/MacOSX.platform/Developer/Library/Frameworks/Testing.framework (in target 'Web Studio' from project 'Web Studio')
    cd /Users/huaodong/workspace/Web\ Studio
    builtin-copy -exclude .DS_Store -exclude CVS -exclude .svn -exclude .git -exclude .hg -exclude Headers -exclude PrivateHeaders -exclude Modules -exclude \*.tbd -resolve-src-symlinks /Applications/Xcode.app/Contents/Developer/Platforms/MacOSX.platform/Developer/Library/Frameworks/Testing.framework /tmp/web-studio-final/Build/Products/Debug/Web\ Studio.app/Contents/Frameworks

Copy /tmp/web-studio-final/Build/Products/Debug/Web\ Studio.app/Contents/Frameworks/XCTest.framework /Applications/Xcode.app/Contents/Developer/Platforms/MacOSX.platform/Developer/Library/Frameworks/XCTest.framework (in target 'Web Studio' from project 'Web Studio')
    cd /Users/huaodong/workspace/Web\ Studio
    builtin-copy -exclude .DS_Store -exclude CVS -exclude .svn -exclude .git -exclude .hg -exclude Headers -exclude PrivateHeaders -exclude Modules -exclude \*.tbd -resolve-src-symlinks /Applications/Xcode.app/Contents/Developer/Platforms/MacOSX.platform/Developer/Library/Frameworks/XCTest.framework /tmp/web-studio-final/Build/Products/Debug/Web\ Studio.app/Contents/Frameworks

Copy /tmp/web-studio-final/Build/Products/Debug/Web\ Studio.app/Contents/Frameworks/XCTestCore.framework /Applications/Xcode.app/Contents/Developer/Platforms/MacOSX.platform/Developer/Library/PrivateFrameworks/XCTestCore.framework (in target 'Web Studio' from project 'Web Studio')
    cd /Users/huaodong/workspace/Web\ Studio
    builtin-copy -exclude .DS_Store -exclude CVS -exclude .svn -exclude .git -exclude .hg -exclude Headers -exclude PrivateHeaders -exclude Modules -exclude \*.tbd -resolve-src-symlinks /Applications/Xcode.app/Contents/Developer/Platforms/MacOSX.platform/Developer/Library/PrivateFrameworks/XCTestCore.framework /tmp/web-studio-final/Build/Products/Debug/Web\ Studio.app/Contents/Frameworks

Copy /tmp/web-studio-final/Build/Products/Debug/Web\ Studio.app/Contents/Frameworks/libXCTestSwiftSupport.dylib /Applications/Xcode.app/Contents/Developer/Platforms/MacOSX.platform/Developer/usr/lib/libXCTestSwiftSupport.dylib (in target 'Web Studio' from project 'Web Studio')
    cd /Users/huaodong/workspace/Web\ Studio
    builtin-copy -exclude .DS_Store -exclude CVS -exclude .svn -exclude .git -exclude .hg -exclude Headers -exclude PrivateHeaders -exclude Modules -exclude \*.tbd -resolve-src-symlinks /Applications/Xcode.app/Contents/Developer/Platforms/MacOSX.platform/Developer/usr/lib/libXCTestSwiftSupport.dylib /tmp/web-studio-final/Build/Products/Debug/Web\ Studio.app/Contents/Frameworks

Copy /tmp/web-studio-final/Build/Products/Debug/Web\ Studio.app/Contents/Frameworks/libXCTestBundleInject.dylib /Applications/Xcode.app/Contents/Developer/Platforms/MacOSX.platform/Developer/usr/lib/libXCTestBundleInject.dylib (in target 'Web Studio' from project 'Web Studio')
    cd /Users/huaodong/workspace/Web\ Studio
    builtin-copy -exclude .DS_Store -exclude CVS -exclude .svn -exclude .git -exclude .hg -exclude Headers -exclude PrivateHeaders -exclude Modules -exclude \*.tbd -resolve-src-symlinks /Applications/Xcode.app/Contents/Developer/Platforms/MacOSX.platform/Developer/usr/lib/libXCTestBundleInject.dylib /tmp/web-studio-final/Build/Products/Debug/Web\ Studio.app/Contents/Frameworks

Copy /tmp/web-studio-final/Build/Products/Debug/Web\ Studio.app/Contents/Frameworks/XCUnit.framework /Applications/Xcode.app/Contents/Developer/Platforms/MacOSX.platform/Developer/Library/PrivateFrameworks/XCUnit.framework (in target 'Web Studio' from project 'Web Studio')
    cd /Users/huaodong/workspace/Web\ Studio
    builtin-copy -exclude .DS_Store -exclude CVS -exclude .svn -exclude .git -exclude .hg -exclude Headers -exclude PrivateHeaders -exclude Modules -exclude \*.tbd -resolve-src-symlinks /Applications/Xcode.app/Contents/Developer/Platforms/MacOSX.platform/Developer/Library/PrivateFrameworks/XCUnit.framework /tmp/web-studio-final/Build/Products/Debug/Web\ Studio.app/Contents/Frameworks

Copy /tmp/web-studio-final/Build/Products/Debug/Web\ Studio.app/Contents/Frameworks/XCUIAutomation.framework /Applications/Xcode.app/Contents/Developer/Platforms/MacOSX.platform/Developer/Library/Frameworks/XCUIAutomation.framework (in target 'Web Studio' from project 'Web Studio')
    cd /Users/huaodong/workspace/Web\ Studio
    builtin-copy -exclude .DS_Store -exclude CVS -exclude .svn -exclude .git -exclude .hg -exclude Headers -exclude PrivateHeaders -exclude Modules -exclude \*.tbd -resolve-src-symlinks /Applications/Xcode.app/Contents/Developer/Platforms/MacOSX.platform/Developer/Library/Frameworks/XCUIAutomation.framework /tmp/web-studio-final/Build/Products/Debug/Web\ Studio.app/Contents/Frameworks

Copy /tmp/web-studio-final/Build/Products/Debug/Web\ Studio.app/Contents/Frameworks/XCTestSupport.framework /Applications/Xcode.app/Contents/Developer/Platforms/MacOSX.platform/Developer/Library/PrivateFrameworks/XCTestSupport.framework (in target 'Web Studio' from project 'Web Studio')
    cd /Users/huaodong/workspace/Web\ Studio
    builtin-copy -exclude .DS_Store -exclude CVS -exclude .svn -exclude .git -exclude .hg -exclude Headers -exclude PrivateHeaders -exclude Modules -exclude \*.tbd -resolve-src-symlinks /Applications/Xcode.app/Contents/Developer/Platforms/MacOSX.platform/Developer/Library/PrivateFrameworks/XCTestSupport.framework /tmp/web-studio-final/Build/Products/Debug/Web\ Studio.app/Contents/Frameworks

SwiftDriver Web\ Studio normal arm64 com.apple.xcode.tools.swift.compiler (in target 'Web Studio' from project 'Web Studio')
    cd /Users/huaodong/workspace/Web\ Studio
    builtin-SwiftDriver -- /Applications/Xcode.app/Contents/Developer/Toolchains/XcodeDefault.xctoolchain/usr/bin/swiftc -module-name Web_Studio -Onone @/tmp/web-studio-final/Build/Intermediates.noindex/Web\ Studio.build/Debug/Web\ Studio.build/Objects-normal/arm64/Web\ Studio.SwiftFileList -DDEBUG -default-isolation\=MainActor -enable-bare-slash-regex -enable-upcoming-feature DisableOutwardActorInference -enable-upcoming-feature InferSendableFromCaptures -enable-upcoming-feature GlobalActorIsolatedTypesUsability -enable-upcoming-feature MemberImportVisibility -enable-upcoming-feature InferIsolatedConformances -enable-upcoming-feature NonisolatedNonsendingByDefault -enable-experimental-feature DebugDescriptionMacro -sdk /Applications/Xcode.app/Contents/Developer/Platforms/MacOSX.platform/Developer/SDKs/MacOSX26.5.sdk -target arm64-apple-macos26.5 -g -module-cache-path /tmp/web-studio-final/ModuleCache.noindex -Xfrontend -serialize-debugging-options -profile-coverage-mapping -profile-generate -enable-testing -index-store-path /tmp/web-studio-final/Index.noindex/DataStore -Xcc -D_LIBCPP_HARDENING_MODE\=_LIBCPP_HARDENING_MODE_DEBUG -swift-version 5 -I /tmp/web-studio-final/Build/Products/Debug -F /tmp/web-studio-final/Build/Products/Debug/PackageFrameworks -F /tmp/web-studio-final/Build/Products/Debug -emit-localized-strings -emit-localized-strings-path /tmp/web-studio-final/Build/Intermediates.noindex/Web\ Studio.build/Debug/Web\ Studio.build/Objects-normal/arm64 -c -j10 -enable-batch-mode -incremental -Xcc -ivfsstatcache -Xcc /tmp/web-studio-final/SDKStatCaches.noindex/macosx26.5-25F70-688ef53f1462e2c8f657fdc38a81448fe082c4a02f00227109f4ed75e425c832.sdkstatcache -output-file-map /tmp/web-studio-final/Build/Intermediates.noindex/Web\ Studio.build/Debug/Web\ Studio.build/Objects-normal/arm64/Web\ Studio-OutputFileMap.json -use-frontend-parseable-output -save-temps -no-color-diagnostics -explicit-module-build -module-cache-path /tmp/web-studio-final/Build/Intermediates.noindex/SwiftExplicitPrecompiledModules -clang-scanner-module-cache-path /tmp/web-studio-final/ModuleCache.noindex -sdk-module-cache-path /tmp/web-studio-final/ModuleCache.noindex -serialize-diagnostics -emit-dependencies -emit-module -emit-module-path /tmp/web-studio-final/Build/Intermediates.noindex/Web\ Studio.build/Debug/Web\ Studio.build/Objects-normal/arm64/Web_Studio.swiftmodule -validate-clang-modules-once -clang-build-session-file /tmp/web-studio-final/ModuleCache.noindex/Session.modulevalidation -Xcc -I/tmp/web-studio-final/Build/Intermediates.noindex/Web\ Studio.build/Debug/Web\ Studio.build/swift-overrides.hmap -emit-const-values -Xfrontend -const-gather-protocols-file -Xfrontend /tmp/web-studio-final/Build/Intermediates.noindex/Web\ Studio.build/Debug/Web\ Studio.build/Objects-normal/arm64/Web\ Studio_const_extract_protocols.json -Xcc -iquote -Xcc /tmp/web-studio-final/Build/Intermediates.noindex/Web\ Studio.build/Debug/Web\ Studio.build/Web\ Studio-generated-files.hmap -Xcc -I/tmp/web-studio-final/Build/Intermediates.noindex/Web\ Studio.build/Debug/Web\ Studio.build/Web\ Studio-own-target-headers.hmap -Xcc -I/tmp/web-studio-final/Build/Intermediates.noindex/Web\ Studio.build/Debug/Web\ Studio.build/Web\ Studio-all-non-framework-target-headers.hmap -Xcc -ivfsoverlay -Xcc /tmp/web-studio-final/Build/Intermediates.noindex/Web\ Studio.build/Debug/Web\ Studio-05bbc44994b91f37e3585941f4bbdee6-VFS/all-product-headers.yaml -Xcc -iquote -Xcc /tmp/web-studio-final/Build/Intermediates.noindex/Web\ Studio.build/Debug/Web\ Studio.build/Web\ Studio-project-headers.hmap -Xcc -I/tmp/web-studio-final/Build/Products/Debug/include -Xcc -I/tmp/web-studio-final/Build/Intermediates.noindex/Web\ Studio.build/Debug/Web\ Studio.build/DerivedSources-normal/arm64 -Xcc -I/tmp/web-studio-final/Build/Intermediates.noindex/Web\ Studio.build/Debug/Web\ Studio.build/DerivedSources/arm64 -Xcc -I/tmp/web-studio-final/Build/Intermediates.noindex/Web\ Studio.build/Debug/Web\ Studio.build/DerivedSources -Xcc -DDEBUG\=1 -emit-objc-header -emit-objc-header-path /tmp/web-studio-final/Build/Intermediates.noindex/Web\ Studio.build/Debug/Web\ Studio.build/Objects-normal/arm64/Web_Studio-Swift.h -import-objc-header /Users/huaodong/workspace/Web\ Studio/Web\ Studio/Web\ Studio-Bridging-Header.h -working-directory /Users/huaodong/workspace/Web\ Studio -experimental-emit-module-separately -disable-cmo

ProcessInfoPlistFile /tmp/web-studio-final/Build/Products/Debug/Web\ Studio.app/Contents/Info.plist /tmp/web-studio-final/Build/Intermediates.noindex/Web\ Studio.build/Debug/Web\ Studio.build/empty-Web\ Studio.plist (in target 'Web Studio' from project 'Web Studio')
    cd /Users/huaodong/workspace/Web\ Studio
    builtin-infoPlistUtility /tmp/web-studio-final/Build/Intermediates.noindex/Web\ Studio.build/Debug/Web\ Studio.build/empty-Web\ Studio.plist -producttype com.apple.product-type.application -genpkginfo /tmp/web-studio-final/Build/Products/Debug/Web\ Studio.app/Contents/PkgInfo -expandbuildsettings -platform macosx -additionalcontentfile /tmp/web-studio-final/Build/Intermediates.noindex/Web\ Studio.build/Debug/Web\ Studio.build/assetcatalog_generated_info.plist -scanforprivacyfile /tmp/web-studio-final/Build/Products/Debug/Web\ Studio.app/Contents/Resources/SwiftTerm_SwiftTerm.bundle -o /tmp/web-studio-final/Build/Products/Debug/Web\ Studio.app/Contents/Info.plist

SwiftGeneratePch normal arm64 Compiling\ bridging\ header (in target 'Web Studio' from project 'Web Studio')

SwiftDriverJobDiscovery normal arm64 Compiling bridging header (in target 'Web Studio' from project 'Web Studio')

SwiftEmitModule normal arm64 Emitting\ module\ for\ Web_Studio (in target 'Web Studio' from project 'Web Studio')

EmitSwiftModule normal arm64 (in target 'Web Studio' from project 'Web Studio')
    cd /Users/huaodong/workspace/Web\ Studio
    
/Users/huaodong/workspace/Web Studio/Web Studio/AgentController.swift:20:70: warning: call to main actor-isolated initializer 'init(credentials:provider:)' in a synchronous nonisolated context
    init(store: ResourceStore, service: ConfiguredResponsesService = ConfiguredResponsesService(), configuration: ProviderConfiguration? = nil, reader: (@Sendable (UUID, Int) async -> ResourceSnapshot)? = nil) { self.store = store; self.service = service; self.configuration = configuration; self.reader = reader ?? { id, limit in await store.read(resourceID: id, maxCharacters: limit) } }
                                                                     ^
/Users/huaodong/workspace/Web Studio/Web Studio/AgentService.swift:84:5: note: calls to initializer 'init(credentials:provider:)' from outside of its actor context are implicitly asynchronous
    init(credentials: any CredentialStore = KeychainCredentialStore(), provider: any ResponsesProvider = URLSessionResponsesProvider()) { self.credentials = credentials; self.provider = provider }
    ^
/Users/huaodong/workspace/Web Studio/Web Studio/ProviderSettings.swift:30:45: warning: call to main actor-isolated initializer 'init()' in a synchronous nonisolated context
    init(credentials: any CredentialStore = KeychainCredentialStore(), defaults: UserDefaults = .standard) {
                                            ^
/Users/huaodong/workspace/Web Studio/Web Studio/AgentService.swift:35:7: note: calls to initializer 'init()' from outside of its actor context are implicitly asynchronous
actor KeychainCredentialStore: CredentialStore {
      ^
/Users/huaodong/workspace/Web Studio/Web Studio/AgentService.swift:35:7: note: main actor isolation inferred from conformance to protocol 'CredentialStore'
actor KeychainCredentialStore: CredentialStore {
      ^

SwiftCompile normal arm64 Compiling\ AgentController.swift /Users/huaodong/workspace/Web\ Studio/Web\ Studio/AgentController.swift (in target 'Web Studio' from project 'Web Studio')

SwiftCompile normal arm64 /Users/huaodong/workspace/Web\ Studio/Web\ Studio/AgentController.swift (in target 'Web Studio' from project 'Web Studio')
    cd /Users/huaodong/workspace/Web\ Studio
    
/Users/huaodong/workspace/Web Studio/Web Studio/AgentController.swift:20:70: warning: call to main actor-isolated initializer 'init(credentials:provider:)' in a synchronous nonisolated context
    init(store: ResourceStore, service: ConfiguredResponsesService = ConfiguredResponsesService(), configuration: ProviderConfiguration? = nil, reader: (@Sendable (UUID, Int) async -> ResourceSnapshot)? = nil) { self.store = store; self.service = service; self.configuration = configuration; self.reader = reader ?? { id, limit in await store.read(resourceID: id, maxCharacters: limit) } }
                                                                     ^
/Users/huaodong/workspace/Web Studio/Web Studio/AgentService.swift:84:5: note: calls to initializer 'init(credentials:provider:)' from outside of its actor context are implicitly asynchronous
    init(credentials: any CredentialStore = KeychainCredentialStore(), provider: any ResponsesProvider = URLSessionResponsesProvider()) { self.credentials = credentials; self.provider = provider }
    ^

SwiftCompile normal arm64 Compiling\ ResourceModel.swift /Users/huaodong/workspace/Web\ Studio/Web\ Studio/ResourceModel.swift (in target 'Web Studio' from project 'Web Studio')
SwiftCompile normal arm64 /Users/huaodong/workspace/Web\ Studio/Web\ Studio/ResourceModel.swift (in target 'Web Studio' from project 'Web Studio')
    cd /Users/huaodong/workspace/Web\ Studio
    

SwiftCompile normal arm64 Compiling\ ContentView.swift /Users/huaodong/workspace/Web\ Studio/Web\ Studio/ContentView.swift (in target 'Web Studio' from project 'Web Studio')
SwiftCompile normal arm64 /Users/huaodong/workspace/Web\ Studio/Web\ Studio/ContentView.swift (in target 'Web Studio' from project 'Web Studio')
    cd /Users/huaodong/workspace/Web\ Studio
    
/Users/huaodong/workspace/Web Studio/Web Studio/AgentController.swift:20:70: warning: call to main actor-isolated initializer 'init(credentials:provider:)' in a synchronous nonisolated context
    init(store: ResourceStore, service: ConfiguredResponsesService = ConfiguredResponsesService(), configuration: ProviderConfiguration? = nil, reader: (@Sendable (UUID, Int) async -> ResourceSnapshot)? = nil) { self.store = store; self.service = service; self.configuration = configuration; self.reader = reader ?? { id, limit in await store.read(resourceID: id, maxCharacters: limit) } }
                                                                     ^
/Users/huaodong/workspace/Web Studio/Web Studio/AgentService.swift:84:5: note: calls to initializer 'init(credentials:provider:)' from outside of its actor context are implicitly asynchronous
    init(credentials: any CredentialStore = KeychainCredentialStore(), provider: any ResponsesProvider = URLSessionResponsesProvider()) { self.credentials = credentials; self.provider = provider }
    ^

SwiftCompile normal arm64 Compiling\ AgentViews.swift /Users/huaodong/workspace/Web\ Studio/Web\ Studio/AgentViews.swift (in target 'Web Studio' from project 'Web Studio')

SwiftCompile normal arm64 /Users/huaodong/workspace/Web\ Studio/Web\ Studio/AgentViews.swift (in target 'Web Studio' from project 'Web Studio')
    cd /Users/huaodong/workspace/Web\ Studio
    

SwiftCompile normal arm64 Compiling\ StartPageView.swift /Users/huaodong/workspace/Web\ Studio/Web\ Studio/StartPageView.swift (in target 'Web Studio' from project 'Web Studio')

SwiftCompile normal arm64 /Users/huaodong/workspace/Web\ Studio/Web\ Studio/StartPageView.swift (in target 'Web Studio' from project 'Web Studio')
    cd /Users/huaodong/workspace/Web\ Studio
    

SwiftDriverJobDiscovery normal arm64 Compiling AgentController.swift (in target 'Web Studio' from project 'Web Studio')

SwiftDriverJobDiscovery normal arm64 Emitting module for Web_Studio (in target 'Web Studio' from project 'Web Studio')

SwiftCompile normal arm64 Compiling\ WindowLifecycle.swift /Users/huaodong/workspace/Web\ Studio/Web\ Studio/WindowLifecycle.swift (in target 'Web Studio' from project 'Web Studio')

SwiftCompile normal arm64 /Users/huaodong/workspace/Web\ Studio/Web\ Studio/WindowLifecycle.swift (in target 'Web Studio' from project 'Web Studio')
    cd /Users/huaodong/workspace/Web\ Studio
    

SwiftCompile normal arm64 Compiling\ WorkspaceSplitView.swift /Users/huaodong/workspace/Web\ Studio/Web\ Studio/WorkspaceSplitView.swift (in target 'Web Studio' from project 'Web Studio')

SwiftCompile normal arm64 /Users/huaodong/workspace/Web\ Studio/Web\ Studio/WorkspaceSplitView.swift (in target 'Web Studio' from project 'Web Studio')
    cd /Users/huaodong/workspace/Web\ Studio
    

SwiftCompile normal arm64 Compiling\ Web_StudioApp.swift /Users/huaodong/workspace/Web\ Studio/Web\ Studio/Web_StudioApp.swift (in target 'Web Studio' from project 'Web Studio')

SwiftCompile normal arm64 /Users/huaodong/workspace/Web\ Studio/Web\ Studio/Web_StudioApp.swift (in target 'Web Studio' from project 'Web Studio')
    cd /Users/huaodong/workspace/Web\ Studio
    

SwiftDriver\ Compilation\ Requirements Web\ Studio normal arm64 com.apple.xcode.tools.swift.compiler (in target 'Web Studio' from project 'Web Studio')
    cd /Users/huaodong/workspace/Web\ Studio
    builtin-Swift-Compilation-Requirements -- /Applications/Xcode.app/Contents/Developer/Toolchains/XcodeDefault.xctoolchain/usr/bin/swiftc -module-name Web_Studio -Onone @/tmp/web-studio-final/Build/Intermediates.noindex/Web\ Studio.build/Debug/Web\ Studio.build/Objects-normal/arm64/Web\ Studio.SwiftFileList -DDEBUG -default-isolation\=MainActor -enable-bare-slash-regex -enable-upcoming-feature DisableOutwardActorInference -enable-upcoming-feature InferSendableFromCaptures -enable-upcoming-feature GlobalActorIsolatedTypesUsability -enable-upcoming-feature MemberImportVisibility -enable-upcoming-feature InferIsolatedConformances -enable-upcoming-feature NonisolatedNonsendingByDefault -enable-experimental-feature DebugDescriptionMacro -sdk /Applications/Xcode.app/Contents/Developer/Platforms/MacOSX.platform/Developer/SDKs/MacOSX26.5.sdk -target arm64-apple-macos26.5 -g -module-cache-path /tmp/web-studio-final/ModuleCache.noindex -Xfrontend -serialize-debugging-options -profile-coverage-mapping -profile-generate -enable-testing -index-store-path /tmp/web-studio-final/Index.noindex/DataStore -Xcc -D_LIBCPP_HARDENING_MODE\=_LIBCPP_HARDENING_MODE_DEBUG -swift-version 5 -I /tmp/web-studio-final/Build/Products/Debug -F /tmp/web-studio-final/Build/Products/Debug/PackageFrameworks -F /tmp/web-studio-final/Build/Products/Debug -emit-localized-strings -emit-localized-strings-path /tmp/web-studio-final/Build/Intermediates.noindex/Web\ Studio.build/Debug/Web\ Studio.build/Objects-normal/arm64 -c -j10 -enable-batch-mode -incremental -Xcc -ivfsstatcache -Xcc /tmp/web-studio-final/SDKStatCaches.noindex/macosx26.5-25F70-688ef53f1462e2c8f657fdc38a81448fe082c4a02f00227109f4ed75e425c832.sdkstatcache -output-file-map /tmp/web-studio-final/Build/Intermediates.noindex/Web\ Studio.build/Debug/Web\ Studio.build/Objects-normal/arm64/Web\ Studio-OutputFileMap.json -use-frontend-parseable-output -save-temps -no-color-diagnostics -explicit-module-build -module-cache-path /tmp/web-studio-final/Build/Intermediates.noindex/SwiftExplicitPrecompiledModules -clang-scanner-module-cache-path /tmp/web-studio-final/ModuleCache.noindex -sdk-module-cache-path /tmp/web-studio-final/ModuleCache.noindex -serialize-diagnostics -emit-dependencies -emit-module -emit-module-path /tmp/web-studio-final/Build/Intermediates.noindex/Web\ Studio.build/Debug/Web\ Studio.build/Objects-normal/arm64/Web_Studio.swiftmodule -validate-clang-modules-once -clang-build-session-file /tmp/web-studio-final/ModuleCache.noindex/Session.modulevalidation -Xcc -I/tmp/web-studio-final/Build/Intermediates.noindex/Web\ Studio.build/Debug/Web\ Studio.build/swift-overrides.hmap -emit-const-values -Xfrontend -const-gather-protocols-file -Xfrontend /tmp/web-studio-final/Build/Intermediates.noindex/Web\ Studio.build/Debug/Web\ Studio.build/Objects-normal/arm64/Web\ Studio_const_extract_protocols.json -Xcc -iquote -Xcc /tmp/web-studio-final/Build/Intermediates.noindex/Web\ Studio.build/Debug/Web\ Studio.build/Web\ Studio-generated-files.hmap -Xcc -I/tmp/web-studio-final/Build/Intermediates.noindex/Web\ Studio.build/Debug/Web\ Studio.build/Web\ Studio-own-target-headers.hmap -Xcc -I/tmp/web-studio-final/Build/Intermediates.noindex/Web\ Studio.build/Debug/Web\ Studio.build/Web\ Studio-all-non-framework-target-headers.hmap -Xcc -ivfsoverlay -Xcc /tmp/web-studio-final/Build/Intermediates.noindex/Web\ Studio.build/Debug/Web\ Studio-05bbc44994b91f37e3585941f4bbdee6-VFS/all-product-headers.yaml -Xcc -iquote -Xcc /tmp/web-studio-final/Build/Intermediates.noindex/Web\ Studio.build/Debug/Web\ Studio.build/Web\ Studio-project-headers.hmap -Xcc -I/tmp/web-studio-final/Build/Products/Debug/include -Xcc -I/tmp/web-studio-final/Build/Intermediates.noindex/Web\ Studio.build/Debug/Web\ Studio.build/DerivedSources-normal/arm64 -Xcc -I/tmp/web-studio-final/Build/Intermediates.noindex/Web\ Studio.build/Debug/Web\ Studio.build/DerivedSources/arm64 -Xcc -I/tmp/web-studio-final/Build/Intermediates.noindex/Web\ Studio.build/Debug/Web\ Studio.build/DerivedSources -Xcc -DDEBUG\=1 -emit-objc-header -emit-objc-header-path /tmp/web-studio-final/Build/Intermediates.noindex/Web\ Studio.build/Debug/Web\ Studio.build/Objects-normal/arm64/Web_Studio-Swift.h -import-objc-header /Users/huaodong/workspace/Web\ Studio/Web\ Studio/Web\ Studio-Bridging-Header.h -working-directory /Users/huaodong/workspace/Web\ Studio -experimental-emit-module-separately -disable-cmo

Copy /tmp/web-studio-final/Build/Products/Debug/Web_Studio.swiftmodule/Project/arm64-apple-macos.swiftsourceinfo /tmp/web-studio-final/Build/Intermediates.noindex/Web\ Studio.build/Debug/Web\ Studio.build/Objects-normal/arm64/Web_Studio.swiftsourceinfo (in target 'Web Studio' from project 'Web Studio')
    cd /Users/huaodong/workspace/Web\ Studio
    builtin-copy -exclude .DS_Store -exclude CVS -exclude .svn -exclude .git -exclude .hg -resolve-src-symlinks -rename /tmp/web-studio-final/Build/Intermediates.noindex/Web\ Studio.build/Debug/Web\ Studio.build/Objects-normal/arm64/Web_Studio.swiftsourceinfo /tmp/web-studio-final/Build/Products/Debug/Web_Studio.swiftmodule/Project/arm64-apple-macos.swiftsourceinfo

Copy /tmp/web-studio-final/Build/Products/Debug/Web_Studio.swiftmodule/arm64-apple-macos.swiftmodule /tmp/web-studio-final/Build/Intermediates.noindex/Web\ Studio.build/Debug/Web\ Studio.build/Objects-normal/arm64/Web_Studio.swiftmodule (in target 'Web Studio' from project 'Web Studio')
    cd /Users/huaodong/workspace/Web\ Studio
    builtin-copy -exclude .DS_Store -exclude CVS -exclude .svn -exclude .git -exclude .hg -resolve-src-symlinks -rename /tmp/web-studio-final/Build/Intermediates.noindex/Web\ Studio.build/Debug/Web\ Studio.build/Objects-normal/arm64/Web_Studio.swiftmodule /tmp/web-studio-final/Build/Products/Debug/Web_Studio.swiftmodule/arm64-apple-macos.swiftmodule

Copy /tmp/web-studio-final/Build/Products/Debug/Web_Studio.swiftmodule/arm64-apple-macos.swiftdoc /tmp/web-studio-final/Build/Intermediates.noindex/Web\ Studio.build/Debug/Web\ Studio.build/Objects-normal/arm64/Web_Studio.swiftdoc (in target 'Web Studio' from project 'Web Studio')
    cd /Users/huaodong/workspace/Web\ Studio
    builtin-copy -exclude .DS_Store -exclude CVS -exclude .svn -exclude .git -exclude .hg -resolve-src-symlinks -rename /tmp/web-studio-final/Build/Intermediates.noindex/Web\ Studio.build/Debug/Web\ Studio.build/Objects-normal/arm64/Web_Studio.swiftdoc /tmp/web-studio-final/Build/Products/Debug/Web_Studio.swiftmodule/arm64-apple-macos.swiftdoc

Copy /tmp/web-studio-final/Build/Products/Debug/Web_Studio.swiftmodule/arm64-apple-macos.abi.json /tmp/web-studio-final/Build/Intermediates.noindex/Web\ Studio.build/Debug/Web\ Studio.build/Objects-normal/arm64/Web_Studio.abi.json (in target 'Web Studio' from project 'Web Studio')
    cd /Users/huaodong/workspace/Web\ Studio
    builtin-copy -exclude .DS_Store -exclude CVS -exclude .svn -exclude .git -exclude .hg -resolve-src-symlinks -rename /tmp/web-studio-final/Build/Intermediates.noindex/Web\ Studio.build/Debug/Web\ Studio.build/Objects-normal/arm64/Web_Studio.abi.json /tmp/web-studio-final/Build/Products/Debug/Web_Studio.swiftmodule/arm64-apple-macos.abi.json

SwiftDriverJobDiscovery normal arm64 Compiling StartPageView.swift (in target 'Web Studio' from project 'Web Studio')

CodeSign /tmp/web-studio-final/Build/Products/Debug/Web\ Studio.app/Contents/Frameworks/Testing.framework (in target 'Web Studio' from project 'Web Studio')
    cd /Users/huaodong/workspace/Web\ Studio
    
    Signing Identity:     "Sign to Run Locally"
    
    /usr/bin/codesign --force --sign - --timestamp\=none --preserve-metadata\=identifier,entitlements,flags --generate-entitlement-der /tmp/web-studio-final/Build/Products/Debug/Web\ Studio.app/Contents/Frameworks/Testing.framework
/tmp/web-studio-final/Build/Products/Debug/Web Studio.app/Contents/Frameworks/Testing.framework: replacing existing signature

CodeSign /tmp/web-studio-final/Build/Products/Debug/Web\ Studio.app/Contents/Frameworks/XCTAutomationSupport.framework (in target 'Web Studio' from project 'Web Studio')
    cd /Users/huaodong/workspace/Web\ Studio
    
    Signing Identity:     "Sign to Run Locally"
    
    /usr/bin/codesign --force --sign - --timestamp\=none --preserve-metadata\=identifier,entitlements,flags --generate-entitlement-der /tmp/web-studio-final/Build/Products/Debug/Web\ Studio.app/Contents/Frameworks/XCTAutomationSupport.framework
/tmp/web-studio-final/Build/Products/Debug/Web Studio.app/Contents/Frameworks/XCTAutomationSupport.framework: replacing existing signature

CodeSign /tmp/web-studio-final/Build/Products/Debug/Web\ Studio.app/Contents/Frameworks/XCTest.framework (in target 'Web Studio' from project 'Web Studio')
    cd /Users/huaodong/workspace/Web\ Studio
    
    Signing Identity:     "Sign to Run Locally"
    
    /usr/bin/codesign --force --sign - --timestamp\=none --preserve-metadata\=identifier,entitlements,flags --generate-entitlement-der /tmp/web-studio-final/Build/Products/Debug/Web\ Studio.app/Contents/Frameworks/XCTest.framework
/tmp/web-studio-final/Build/Products/Debug/Web Studio.app/Contents/Frameworks/XCTest.framework: replacing existing signature

CodeSign /tmp/web-studio-final/Build/Products/Debug/Web\ Studio.app/Contents/Frameworks/libXCTestSwiftSupport.dylib (in target 'Web Studio' from project 'Web Studio')
    cd /Users/huaodong/workspace/Web\ Studio
    
    Signing Identity:     "Sign to Run Locally"
    
    /usr/bin/codesign --force --sign - --timestamp\=none --preserve-metadata\=identifier,entitlements,flags --generate-entitlement-der /tmp/web-studio-final/Build/Products/Debug/Web\ Studio.app/Contents/Frameworks/libXCTestSwiftSupport.dylib
/tmp/web-studio-final/Build/Products/Debug/Web Studio.app/Contents/Frameworks/libXCTestSwiftSupport.dylib: replacing existing signature

SwiftDriver Web\ StudioTests normal arm64 com.apple.xcode.tools.swift.compiler (in target 'Web StudioTests' from project 'Web Studio')
    cd /Users/huaodong/workspace/Web\ Studio
    builtin-SwiftDriver -- /Applications/Xcode.app/Contents/Developer/Toolchains/XcodeDefault.xctoolchain/usr/bin/swiftc -module-name Web_StudioTests -Onone @/tmp/web-studio-final/Build/Intermediates.noindex/Web\ Studio.build/Debug/Web\ StudioTests.build/Objects-normal/arm64/Web\ StudioTests.SwiftFileList -DDEBUG -plugin-path /Applications/Xcode.app/Contents/Developer/Toolchains/XcodeDefault.xctoolchain/usr/lib/swift/host/plugins/testing -enable-bare-slash-regex -enable-upcoming-feature DisableOutwardActorInference -enable-upcoming-feature InferSendableFromCaptures -enable-upcoming-feature GlobalActorIsolatedTypesUsability -enable-upcoming-feature MemberImportVisibility -enable-upcoming-feature InferIsolatedConformances -enable-upcoming-feature NonisolatedNonsendingByDefault -enable-experimental-feature DebugDescriptionMacro -sdk /Applications/Xcode.app/Contents/Developer/Platforms/MacOSX.platform/Developer/SDKs/MacOSX26.5.sdk -target arm64-apple-macos26.5 -g -module-cache-path /tmp/web-studio-final/ModuleCache.noindex -Xfrontend -serialize-debugging-options -profile-coverage-mapping -profile-generate -enable-testing -index-store-path /tmp/web-studio-final/Index.noindex/DataStore -Xcc -D_LIBCPP_HARDENING_MODE\=_LIBCPP_HARDENING_MODE_DEBUG -swift-version 5 -I /tmp/web-studio-final/Build/Products/Debug -Isystem /Applications/Xcode.app/Contents/Developer/Platforms/MacOSX.platform/Developer/usr/lib -F /tmp/web-studio-final/Build/Products/Debug/PackageFrameworks -F /tmp/web-studio-final/Build/Products/Debug -F /Applications/Xcode.app/Contents/Developer/Platforms/MacOSX.platform/Developer/Library/Frameworks -c -j10 -enable-batch-mode -incremental -Xcc -ivfsstatcache -Xcc /tmp/web-studio-final/SDKStatCaches.noindex/macosx26.5-25F70-688ef53f1462e2c8f657fdc38a81448fe082c4a02f00227109f4ed75e425c832.sdkstatcache -output-file-map /tmp/web-studio-final/Build/Intermediates.noindex/Web\ Studio.build/Debug/Web\ StudioTests.build/Objects-normal/arm64/Web\ StudioTests-OutputFileMap.json -use-frontend-parseable-output -save-temps -no-color-diagnostics -explicit-module-build -module-cache-path /tmp/web-studio-final/Build/Intermediates.noindex/SwiftExplicitPrecompiledModules -clang-scanner-module-cache-path /tmp/web-studio-final/ModuleCache.noindex -sdk-module-cache-path /tmp/web-studio-final/ModuleCache.noindex -serialize-diagnostics -emit-dependencies -emit-module -emit-module-path /tmp/web-studio-final/Build/Intermediates.noindex/Web\ Studio.build/Debug/Web\ StudioTests.build/Objects-normal/arm64/Web_StudioTests.swiftmodule -validate-clang-modules-once -clang-build-session-file /tmp/web-studio-final/ModuleCache.noindex/Session.modulevalidation -Xcc -I/tmp/web-studio-final/Build/Intermediates.noindex/Web\ Studio.build/Debug/Web\ StudioTests.build/swift-overrides.hmap -emit-const-values -Xfrontend -const-gather-protocols-file -Xfrontend /tmp/web-studio-final/Build/Intermediates.noindex/Web\ Studio.build/Debug/Web\ StudioTests.build/Objects-normal/arm64/Web\ StudioTests_const_extract_protocols.json -Xcc -iquote -Xcc /tmp/web-studio-final/Build/Intermediates.noindex/Web\ Studio.build/Debug/Web\ StudioTests.build/Web\ StudioTests-generated-files.hmap -Xcc -I/tmp/web-studio-final/Build/Intermediates.noindex/Web\ Studio.build/Debug/Web\ StudioTests.build/Web\ StudioTests-own-target-headers.hmap -Xcc -I/tmp/web-studio-final/Build/Intermediates.noindex/Web\ Studio.build/Debug/Web\ StudioTests.build/Web\ StudioTests-all-non-framework-target-headers.hmap -Xcc -ivfsoverlay -Xcc /tmp/web-studio-final/Build/Intermediates.noindex/Web\ Studio.build/Debug/Web\ Studio-05bbc44994b91f37e3585941f4bbdee6-VFS/all-product-headers.yaml -Xcc -iquote -Xcc /tmp/web-studio-final/Build/Intermediates.noindex/Web\ Studio.build/Debug/Web\ StudioTests.build/Web\ StudioTests-project-headers.hmap -Xcc -I/tmp/web-studio-final/Build/Products/Debug/include -Xcc -I/tmp/web-studio-final/Build/Intermediates.noindex/Web\ Studio.build/Debug/Web\ StudioTests.build/DerivedSources-normal/arm64 -Xcc -I/tmp/web-studio-final/Build/Intermediates.noindex/Web\ Studio.build/Debug/Web\ StudioTests.build/DerivedSources/arm64 -Xcc -I/tmp/web-studio-final/Build/Intermediates.noindex/Web\ Studio.build/Debug/Web\ StudioTests.build/DerivedSources -Xcc -DDEBUG\=1 -emit-objc-header -emit-objc-header-path /tmp/web-studio-final/Build/Intermediates.noindex/Web\ Studio.build/Debug/Web\ StudioTests.build/Objects-normal/arm64/Web_StudioTests-Swift.h -working-directory /Users/huaodong/workspace/Web\ Studio -experimental-emit-module-separately -disable-cmo

CodeSign /tmp/web-studio-final/Build/Products/Debug/Web\ Studio.app/Contents/Frameworks/libXCTestBundleInject.dylib (in target 'Web Studio' from project 'Web Studio')
    cd /Users/huaodong/workspace/Web\ Studio
    
    Signing Identity:     "Sign to Run Locally"
    
    /usr/bin/codesign --force --sign - --timestamp\=none --preserve-metadata\=identifier,entitlements,flags --generate-entitlement-der /tmp/web-studio-final/Build/Products/Debug/Web\ Studio.app/Contents/Frameworks/libXCTestBundleInject.dylib
/tmp/web-studio-final/Build/Products/Debug/Web Studio.app/Contents/Frameworks/libXCTestBundleInject.dylib: replacing existing signature

CodeSign /tmp/web-studio-final/Build/Products/Debug/Web\ Studio.app/Contents/Frameworks/XCUnit.framework (in target 'Web Studio' from project 'Web Studio')
    cd /Users/huaodong/workspace/Web\ Studio
    
    Signing Identity:     "Sign to Run Locally"
    
    /usr/bin/codesign --force --sign - --timestamp\=none --preserve-metadata\=identifier,entitlements,flags --generate-entitlement-der /tmp/web-studio-final/Build/Products/Debug/Web\ Studio.app/Contents/Frameworks/XCUnit.framework
/tmp/web-studio-final/Build/Products/Debug/Web Studio.app/Contents/Frameworks/XCUnit.framework: replacing existing signature

CodeSign /tmp/web-studio-final/Build/Products/Debug/Web\ Studio.app/Contents/Frameworks/XCUIAutomation.framework (in target 'Web Studio' from project 'Web Studio')
    cd /Users/huaodong/workspace/Web\ Studio
    
    Signing Identity:     "Sign to Run Locally"
    
    /usr/bin/codesign --force --sign - --timestamp\=none --preserve-metadata\=identifier,entitlements,flags --generate-entitlement-der /tmp/web-studio-final/Build/Products/Debug/Web\ Studio.app/Contents/Frameworks/XCUIAutomation.framework
/tmp/web-studio-final/Build/Products/Debug/Web Studio.app/Contents/Frameworks/XCUIAutomation.framework: replacing existing signature

CodeSign /tmp/web-studio-final/Build/Products/Debug/Web\ Studio.app/Contents/Frameworks/XCTestSupport.framework (in target 'Web Studio' from project 'Web Studio')
    cd /Users/huaodong/workspace/Web\ Studio
    
    Signing Identity:     "Sign to Run Locally"
    
    /usr/bin/codesign --force --sign - --timestamp\=none --preserve-metadata\=identifier,entitlements,flags --generate-entitlement-der /tmp/web-studio-final/Build/Products/Debug/Web\ Studio.app/Contents/Frameworks/XCTestSupport.framework
/tmp/web-studio-final/Build/Products/Debug/Web Studio.app/Contents/Frameworks/XCTestSupport.framework: replacing existing signature

CodeSign /tmp/web-studio-final/Build/Products/Debug/Web\ Studio.app/Contents/Frameworks/XCTestCore.framework (in target 'Web Studio' from project 'Web Studio')
    cd /Users/huaodong/workspace/Web\ Studio
    
    Signing Identity:     "Sign to Run Locally"
    
    /usr/bin/codesign --force --sign - --timestamp\=none --preserve-metadata\=identifier,entitlements,flags --generate-entitlement-der /tmp/web-studio-final/Build/Products/Debug/Web\ Studio.app/Contents/Frameworks/XCTestCore.framework
/tmp/web-studio-final/Build/Products/Debug/Web Studio.app/Contents/Frameworks/XCTestCore.framework: replacing existing signature

SwiftDriverJobDiscovery normal arm64 Compiling ResourceModel.swift (in target 'Web Studio' from project 'Web Studio')

SwiftDriverJobDiscovery normal arm64 Compiling WindowLifecycle.swift (in target 'Web Studio' from project 'Web Studio')

SwiftCompile normal arm64 Compiling\ ResourceReadTests.swift /Users/huaodong/workspace/Web\ Studio/Web\ StudioTests/ResourceReadTests.swift (in target 'Web StudioTests' from project 'Web Studio')

SwiftCompile normal arm64 /Users/huaodong/workspace/Web\ Studio/Web\ StudioTests/ResourceReadTests.swift (in target 'Web StudioTests' from project 'Web Studio')
    cd /Users/huaodong/workspace/Web\ Studio
    
/Users/huaodong/workspace/Web Studio/Web StudioTests/ResourceReadTests.swift:121:86: warning: '#expect(_:_:)' will always fail here; use 'Bool(false)' to silence this warning (from macro 'expect')
        if case .ssh = model.webRuntimes.records[sshID]?.location { } else { #expect(false) }
                                                                                     ^~~~~

SwiftCompile normal arm64 Compiling\ AgentServiceTests.swift /Users/huaodong/workspace/Web\ Studio/Web\ StudioTests/AgentServiceTests.swift (in target 'Web StudioTests' from project 'Web Studio')

SwiftCompile normal arm64 /Users/huaodong/workspace/Web\ Studio/Web\ StudioTests/AgentServiceTests.swift (in target 'Web StudioTests' from project 'Web Studio')
    cd /Users/huaodong/workspace/Web\ Studio
    
/Users/huaodong/workspace/Web Studio/Web StudioTests/AgentServiceTests.swift:23:104: warning: main actor-isolated initializer 'init(endpoint:model:)' cannot be called from outside of the actor; this is an error in the Swift 6 language mode
        let endpoint = try #require(URL(string: "https://example.com/v1/responses")); let config = try ProviderConfiguration(endpoint: endpoint.absoluteString, model: "m")
                                                                                                   ~~~~^~~~~~~~~~~~~~~~~~~~~~~~~~~~~~~~~~~~~~~~~~~~~~~~~~~~~~~~~~~~~~~~~~~~
                                                                                                       await 
/Users/huaodong/workspace/Web Studio/Web StudioTests/AgentServiceTests.swift:24:23: warning: main actor-isolated initializer 'init(credentials:provider:)' cannot be called from outside of the actor; this is an error in the Swift 6 language mode
        let service = ConfiguredResponsesService(credentials: FakeCredentials(), provider: StubProvider())
                      ^~~~~~~~~~~~~~~~~~~~~~~~~~~~~~~~~~~~~~~~~~~~~~~~~~~~~~~~~~~~~~~~~~~~~~~~~~~~~~~~~~~~
                      await 
/Users/huaodong/workspace/Web Studio/Web StudioTests/AgentServiceTests.swift:29:104: warning: main actor-isolated initializer 'init(endpoint:model:)' cannot be called from outside of the actor; this is an error in the Swift 6 language mode
        let endpoint = try #require(URL(string: "https://example.com/v1/responses")); let config = try ProviderConfiguration(endpoint: endpoint.absoluteString, model: "m")
                                                                                                   ~~~~^~~~~~~~~~~~~~~~~~~~~~~~~~~~~~~~~~~~~~~~~~~~~~~~~~~~~~~~~~~~~~~~~~~~
                                                                                                       await 
/Users/huaodong/workspace/Web Studio/Web StudioTests/AgentServiceTests.swift:30:23: warning: main actor-isolated initializer 'init(credentials:provider:)' cannot be called from outside of the actor; this is an error in the Swift 6 language mode
        let service = ConfiguredResponsesService(credentials: FakeCredentials("secret"), provider: StubProvider(answer: "grounded"))
                      ^~~~~~~~~~~~~~~~~~~~~~~~~~~~~~~~~~~~~~~~~~~~~~~~~~~~~~~~~~~~~~~~~~~~~~~~~~~~~~~~~~~~~~~~~~~~~~~~~~~~~~~~~~~~~~
                      await 
/Users/huaodong/workspace/Web Studio/Web StudioTests/AgentServiceTests.swift:35:104: warning: main actor-isolated initializer 'init(endpoint:model:)' cannot be called from outside of the actor; this is an error in the Swift 6 language mode
        let endpoint = try #require(URL(string: "https://example.com/v1/responses")); let config = try ProviderConfiguration(endpoint: endpoint.absoluteString, model: "m")
                                                                                                   ~~~~^~~~~~~~~~~~~~~~~~~~~~~~~~~~~~~~~~~~~~~~~~~~~~~~~~~~~~~~~~~~~~~~~~~~
                                                                                                       await 
/Users/huaodong/workspace/Web Studio/Web StudioTests/AgentServiceTests.swift:36:41: warning: main actor-isolated initializer 'init(resourceID:collectedAt:text:isTruncated:errorMessage:sourceURL:title:range:knownDirectory:lifecycle:runtimeErrorMessage:)' cannot be called from outside of the actor; this is an error in the Swift 6 language mode
        let id = UUID(); let snapshot = ResourceSnapshot(resourceID: id, collectedAt: Date(timeIntervalSince1970: 1), text: "selected", isTruncated: false, errorMessage: nil, sourceURL: endpoint, title: "Source", range: 0..<8)
                                        ^~~~~~~~~~~~~~~~~~~~~~~~~~~~~~~~~~~~~~~~~~~~~~~~~~~~~~~~~~~~~~~~~~~~~~~~~~~~~~~~~~~~~~~~~~~~~~~~~~~~~~~~~~~~~~~~~~~~~~~~~~~~~~~~~~~~~~~~~~~~~~~~~~~~~~~~~~~~~~~~~~~~~~~~~~~~~~~~~~~~~~~~~~
                                        await 
/Users/huaodong/workspace/Web Studio/Web StudioTests/AgentServiceTests.swift:53:104: warning: main actor-isolated initializer 'init(endpoint:model:)' cannot be called from outside of the actor; this is an error in the Swift 6 language mode
        let endpoint = try #require(URL(string: "https://example.com/v1/responses")); let config = try ProviderConfiguration(endpoint: endpoint.absoluteString, model: "m"); let req = AgentRequest(question: "q", snapshots: [], configuration: config)
                                                                                                   ~~~~^~~~~~~~~~~~~~~~~~~~~~~~~~~~~~~~~~~~~~~~~~~~~~~~~~~~~~~~~~~~~~~~~~~~
                                                                                                       await 
/Users/huaodong/workspace/Web Studio/Web StudioTests/AgentServiceTests.swift:54:169: warning: main actor-isolated initializer 'init(session:)' cannot be called from outside of the actor; this is an error in the Swift 6 language mode
        let session = URLSession(configuration: { let c = URLSessionConfiguration.ephemeral; c.protocolClasses = [ScriptedProtocol.self]; return c }()); let provider = URLSessionResponsesProvider(session: session)
                                                                                                                                                                        ^~~~~~~~~~~~~~~~~~~~~~~~~~~~~~~~~~~~~~~~~~~~~
                                                                                                                                                                        await 
/Users/huaodong/workspace/Web Studio/Web StudioTests/AgentServiceTests.swift:62:26: warning: main actor-isolated initializer 'init(endpoint:model:)' cannot be called from outside of the actor; this is an error in the Swift 6 language mode
        let config = try ProviderConfiguration(endpoint: "https://example.com/v1/responses", model: "m")
                     ~~~~^~~~~~~~~~~~~~~~~~~~~~~~~~~~~~~~~~~~~~~~~~~~~~~~~~~~~~~~~~~~~~~~~~~~~~~~~~~~~~~
                         await 
/Users/huaodong/workspace/Web Studio/Web StudioTests/AgentServiceTests.swift:65:24: warning: main actor-isolated initializer 'init(session:)' cannot be called from outside of the actor; this is an error in the Swift 6 language mode
        let provider = URLSessionResponsesProvider(session: session)
                       ^~~~~~~~~~~~~~~~~~~~~~~~~~~~~~~~~~~~~~~~~~~~~
                       await 
/Users/huaodong/workspace/Web Studio/Web StudioTests/AgentServiceTests.swift:75:26: warning: main actor-isolated initializer 'init(endpoint:model:)' cannot be called from outside of the actor; this is an error in the Swift 6 language mode
        let config = try ProviderConfiguration(endpoint: "https://example.com/v1/responses", model: "m")
                     ~~~~^~~~~~~~~~~~~~~~~~~~~~~~~~~~~~~~~~~~~~~~~~~~~~~~~~~~~~~~~~~~~~~~~~~~~~~~~~~~~~~
                         await 
/Users/huaodong/workspace/Web Studio/Web StudioTests/AgentServiceTests.swift:77:24: warning: main actor-isolated initializer 'init(session:)' cannot be called from outside of the actor; this is an error in the Swift 6 language mode
        let provider = URLSessionResponsesProvider(session: URLSession(configuration: .ephemeral))
                       ^~~~~~~~~~~~~~~~~~~~~~~~~~~~~~~~~~~~~~~~~~~~~~~~~~~~~~~~~~~~~~~~~~~~~~~~~~~
                       await 
/Users/huaodong/workspace/Web Studio/Web StudioTests/AgentServiceTests.swift:82:24: warning: main actor-isolated initializer 'init(session:)' cannot be called from outside of the actor; this is an error in the Swift 6 language mode
        let provider = URLSessionResponsesProvider(session: URLSession(configuration: .ephemeral))
                       ^~~~~~~~~~~~~~~~~~~~~~~~~~~~~~~~~~~~~~~~~~~~~~~~~~~~~~~~~~~~~~~~~~~~~~~~~~~
                       await 
/Users/huaodong/workspace/Web Studio/Web StudioTests/AgentServiceTests.swift:83:18: warning: main actor-isolated instance method 'urlSession(_:task:willPerformHTTPRedirection:newRequest:completionHandler:)' cannot be called from outside of the actor; this is an error in the Swift 6 language mode
        provider.urlSession(URLSession.shared, task: URLSession.shared.dataTask(with: URL(string: "https://example.com")!), willPerformHTTPRedirection: HTTPURLResponse(url: URL(string: "https://example.com")!, statusCode: 302, httpVersion: nil, headerFields: nil)!, newRequest: URLRequest(url: URL(string: "https://other.example")!)) { request in
        ~~~~~~~~~^~~~~~~~~~~~~~~~~~~~~~~~~~~~~~~~~~~~~~~~~~~~~~~~~~~~~~~~~~~~~~~~~~~~~~~~~~~~~~~~~~~~~~~~~~~~~~~~~~~~~~~~~~~~~~~~~~~~~~~~~~~~~~~~~~~~~~~~~~~~~~~~~~~~~~~~~~~~~~~~~~~~~~~~~~~~~~~~~~~~~~~~~~~~~~~~~~~~~~~~~~~~~~~~~~~~~~~~~~~~~~~~~~~~~~~~~~~~~~~~~~~~~~~~~~~~~~~~~~~~~~~~~~~~~~~~~~~~~~~~~~~~~~~~~~~~~~~~~~~~~~~~~~~~~~~~~~~~~~~~~~~~~~~~~
        await 
/Users/huaodong/workspace/Web Studio/Web StudioTests/AgentServiceTests.swift:89:26: warning: main actor-isolated initializer 'init(endpoint:model:)' cannot be called from outside of the actor; this is an error in the Swift 6 language mode
        let config = try ProviderConfiguration(endpoint: "https://example.com/v1/responses", model: "m")
                     ~~~~^~~~~~~~~~~~~~~~~~~~~~~~~~~~~~~~~~~~~~~~~~~~~~~~~~~~~~~~~~~~~~~~~~~~~~~~~~~~~~~
                         await 
/Users/huaodong/workspace/Web Studio/Web StudioTests/AgentServiceTests.swift:94:24: warning: main actor-isolated initializer 'init(session:)' cannot be called from outside of the actor; this is an error in the Swift 6 language mode
        let provider = URLSessionResponsesProvider(session: URLSession(configuration: configuration))
                       ^~~~~~~~~~~~~~~~~~~~~~~~~~~~~~~~~~~~~~~~~~~~~~~~~~~~~~~~~~~~~~~~~~~~~~~~~~~~~~
                       await 
/Users/huaodong/workspace/Web Studio/Web StudioTests/AgentServiceTests.swift:106:21: warning: main actor-isolated initializer 'init()' cannot be called from outside of the actor; this is an error in the Swift 6 language mode
        let store = KeychainCredentialStore()
                    ^~~~~~~~~~~~~~~~~~~~~~~~~
                    await 

SwiftCompile normal arm64 Compiling\ CredentialIntegrationTests.swift /Users/huaodong/workspace/Web\ Studio/Web\ StudioTests/CredentialIntegrationTests.swift (in target 'Web StudioTests' from project 'Web Studio')

SwiftCompile normal arm64 /Users/huaodong/workspace/Web\ Studio/Web\ StudioTests/CredentialIntegrationTests.swift (in target 'Web StudioTests' from project 'Web Studio')
    cd /Users/huaodong/workspace/Web\ Studio
    
/Users/huaodong/workspace/Web Studio/Web StudioTests/CredentialIntegrationTests.swift:9:21: warning: main actor-isolated initializer 'init()' cannot be called from outside of the actor; this is an error in the Swift 6 language mode
        let store = KeychainCredentialStore()
                    ^~~~~~~~~~~~~~~~~~~~~~~~~
                    await 

SwiftCompile normal arm64 Compiling\ TerminalTests.swift /Users/huaodong/workspace/Web\ Studio/Web\ StudioTests/TerminalTests.swift (in target 'Web StudioTests' from project 'Web Studio')

SwiftCompile normal arm64 /Users/huaodong/workspace/Web\ Studio/Web\ StudioTests/TerminalTests.swift (in target 'Web StudioTests' from project 'Web Studio')
    cd /Users/huaodong/workspace/Web\ Studio
    
/Users/huaodong/workspace/Web Studio/Web StudioTests/TerminalTests.swift:27:90: warning: '#expect(_:_:)' will always fail here; use 'Bool(false)' to silence this warning (from macro 'expect')
        if case .exited(let code) = terminal.state { #expect(code == 7) } else { #expect(false) }
                                                                                         ^~~~~
/Users/huaodong/workspace/Web Studio/Web StudioTests/TerminalTests.swift:77:108: warning: '#expect(_:_:)' will always fail here; use 'Bool(false)' to silence this warning (from macro 'expect')
        if case .interrupted = terminal.state { } else if case .failed = terminal.state { } else { #expect(false) }
                                                                                                           ^~~~~

SwiftCompile normal arm64 Compiling\ ProviderSettingsTests.swift /Users/huaodong/workspace/Web\ Studio/Web\ StudioTests/ProviderSettingsTests.swift (in target 'Web StudioTests' from project 'Web Studio')

SwiftCompile normal arm64 /Users/huaodong/workspace/Web\ Studio/Web\ StudioTests/ProviderSettingsTests.swift (in target 'Web StudioTests' from project 'Web Studio')
    cd /Users/huaodong/workspace/Web\ Studio
    

SwiftEmitModule normal arm64 Emitting\ module\ for\ Web_StudioTests (in target 'Web StudioTests' from project 'Web Studio')

EmitSwiftModule normal arm64 (in target 'Web StudioTests' from project 'Web Studio')
    cd /Users/huaodong/workspace/Web\ Studio
    

SwiftCompile normal arm64 Compiling\ Web_StudioTests.swift /Users/huaodong/workspace/Web\ Studio/Web\ StudioTests/Web_StudioTests.swift (in target 'Web StudioTests' from project 'Web Studio')

SwiftCompile normal arm64 /Users/huaodong/workspace/Web\ Studio/Web\ StudioTests/Web_StudioTests.swift (in target 'Web StudioTests' from project 'Web Studio')
    cd /Users/huaodong/workspace/Web\ Studio
    
@__swiftmacro_15Web_StudioTests0026Web_StudioTestsswift_DsAGgfMX287_8_6expectfMf_.swift:1:93: warning: main actor-isolated conformance of 'WebTabRuntime.NavigationRoute' to 'Equatable' cannot be used in nonisolated context; this is an error in the Swift 6 language mode
Testing.__checkBinaryOperation(WebTabRuntime.route(for: page, isLinkActivation: false),{ $0 == $1() },.allow,expression: .__fromBinaryOperation(.__fromSyntaxNode("WebTabRuntime.route(for: page, isLinkActivation: false)"),"==",.__fromSyntaxNode(".allow")),comments: [],isRequired: false,sourceLocation: Testing.SourceLocation.__here()).__expected()
                                                                                            ^
/Users/huaodong/workspace/Web Studio/Web StudioTests/Web_StudioTests.swift:288:9: note: in expansion of macro 'expect' here
        #expect(WebTabRuntime.route(for: page, isLinkActivation: false) == .allow)
        ^~~~~~~~~~~~~~~~~~~~~~~~~~~~~~~~~~~~~~~~~~~~~~~~~~~~~~~~~~~~~~~~~~~~~~~~~~
/Users/huaodong/workspace/Web Studio/Web StudioTests/Web_StudioTests.swift:288:9: note: in expansion of macro 'expect' here
        #expect(WebTabRuntime.route(for: page, isLinkActivation: false) == .allow)
        ^~~~~~~~~~~~~~~~~~~~~~~~~~~~~~~~~~~~~~~~~~~~~~~~~~~~~~~~~~~~~~~~~~~~~~~~~~
@__swiftmacro_15Web_StudioTests0026Web_StudioTestsswift_DsAGgfMX289_8_6expectfMf0_.swift:1:94: warning: main actor-isolated conformance of 'WebTabRuntime.NavigationRoute' to 'Equatable' cannot be used in nonisolated context; this is an error in the Swift 6 language mode
Testing.__checkBinaryOperation(WebTabRuntime.route(for: blank, isLinkActivation: false),{ $0 == $1() },.allow,expression: .__fromBinaryOperation(.__fromSyntaxNode("WebTabRuntime.route(for: blank, isLinkActivation: false)"),"==",.__fromSyntaxNode(".allow")),comments: [],isRequired: false,sourceLocation: Testing.SourceLocation.__here()).__expected()
                                                                                             ^
/Users/huaodong/workspace/Web Studio/Web StudioTests/Web_StudioTests.swift:290:9: note: in expansion of macro 'expect' here
        #expect(WebTabRuntime.route(for: blank, isLinkActivation: false) == .allow)
        ^~~~~~~~~~~~~~~~~~~~~~~~~~~~~~~~~~~~~~~~~~~~~~~~~~~~~~~~~~~~~~~~~~~~~~~~~~~
/Users/huaodong/workspace/Web Studio/Web StudioTests/Web_StudioTests.swift:290:9: note: in expansion of macro 'expect' here
        #expect(WebTabRuntime.route(for: blank, isLinkActivation: false) == .allow)
        ^~~~~~~~~~~~~~~~~~~~~~~~~~~~~~~~~~~~~~~~~~~~~~~~~~~~~~~~~~~~~~~~~~~~~~~~~~~
@__swiftmacro_15Web_StudioTests0026Web_StudioTestsswift_DsAGgfMX292_8_6expectfMf1_.swift:1:92: warning: main actor-isolated conformance of 'WebTabRuntime.NavigationRoute' to 'Equatable' cannot be used in nonisolated context; this is an error in the Swift 6 language mode
Testing.__checkBinaryOperation(WebTabRuntime.route(for: mail, isLinkActivation: true),{ $0 == $1() },.openExternally,expression: .__fromBinaryOperation(.__fromSyntaxNode("WebTabRuntime.route(for: mail, isLinkActivation: true)"),"==",.__fromSyntaxNode(".openExternally")),comments: [],isRequired: false,sourceLocation: Testing.SourceLocation.__here()).__expected()
                                                                                           ^
/Users/huaodong/workspace/Web Studio/Web StudioTests/Web_StudioTests.swift:293:9: note: in expansion of macro 'expect' here
        #expect(WebTabRuntime.route(for: mail, isLinkActivation: true) == .openExternally)
        ^~~~~~~~~~~~~~~~~~~~~~~~~~~~~~~~~~~~~~~~~~~~~~~~~~~~~~~~~~~~~~~~~~~~~~~~~~~~~~~~~~
/Users/huaodong/workspace/Web Studio/Web StudioTests/Web_StudioTests.swift:293:9: note: in expansion of macro 'expect' here
        #expect(WebTabRuntime.route(for: mail, isLinkActivation: true) == .openExternally)
        ^~~~~~~~~~~~~~~~~~~~~~~~~~~~~~~~~~~~~~~~~~~~~~~~~~~~~~~~~~~~~~~~~~~~~~~~~~~~~~~~~~
@__swiftmacro_15Web_StudioTests0026Web_StudioTestsswift_DsAGgfMX294_8_6expectfMf2_.swift:1:93: warning: main actor-isolated conformance of 'WebTabRuntime.NavigationRoute' to 'Equatable' cannot be used in nonisolated context; this is an error in the Swift 6 language mode
Testing.__checkBinaryOperation(WebTabRuntime.route(for: mail, isLinkActivation: false),{ $0 == $1() },.cancel,expression: .__fromBinaryOperation(.__fromSyntaxNode("WebTabRuntime.route(for: mail, isLinkActivation: false)"),"==",.__fromSyntaxNode(".cancel")),comments: [.__line("// Same scheme without a click is a page-driven app launch, so it is refused.")],isRequired: false,sourceLocation: Testing.SourceLocation.__here()).__expected()
                                                                                            ^
/Users/huaodong/workspace/Web Studio/Web StudioTests/Web_StudioTests.swift:295:9: note: in expansion of macro 'expect' here
        #expect(WebTabRuntime.route(for: mail, isLinkActivation: false) == .cancel)
        ^~~~~~~~~~~~~~~~~~~~~~~~~~~~~~~~~~~~~~~~~~~~~~~~~~~~~~~~~~~~~~~~~~~~~~~~~~~
/Users/huaodong/workspace/Web Studio/Web StudioTests/Web_StudioTests.swift:295:9: note: in expansion of macro 'expect' here
        #expect(WebTabRuntime.route(for: mail, isLinkActivation: false) == .cancel)
        ^~~~~~~~~~~~~~~~~~~~~~~~~~~~~~~~~~~~~~~~~~~~~~~~~~~~~~~~~~~~~~~~~~~~~~~~~~~
@__swiftmacro_15Web_StudioTests0026Web_StudioTestsswift_DsAGgfMX297_8_6expectfMf3_.swift:1:95: warning: main actor-isolated conformance of 'WebTabRuntime.NavigationRoute' to 'Equatable' cannot be used in nonisolated context; this is an error in the Swift 6 language mode
Testing.__checkBinaryOperation(WebTabRuntime.route(for: unknown, isLinkActivation: true),{ $0 == $1() },.cancel,expression: .__fromBinaryOperation(.__fromSyntaxNode("WebTabRuntime.route(for: unknown, isLinkActivation: true)"),"==",.__fromSyntaxNode(".cancel")),comments: [],isRequired: false,sourceLocation: Testing.SourceLocation.__here()).__expected()
                                                                                              ^
/Users/huaodong/workspace/Web Studio/Web StudioTests/Web_StudioTests.swift:298:9: note: in expansion of macro 'expect' here
        #expect(WebTabRuntime.route(for: unknown, isLinkActivation: true) == .cancel)
        ^~~~~~~~~~~~~~~~~~~~~~~~~~~~~~~~~~~~~~~~~~~~~~~~~~~~~~~~~~~~~~~~~~~~~~~~~~~~~
/Users/huaodong/workspace/Web Studio/Web StudioTests/Web_StudioTests.swift:298:9: note: in expansion of macro 'expect' here
        #expect(WebTabRuntime.route(for: unknown, isLinkActivation: true) == .cancel)
        ^~~~~~~~~~~~~~~~~~~~~~~~~~~~~~~~~~~~~~~~~~~~~~~~~~~~~~~~~~~~~~~~~~~~~~~~~~~~~
@__swiftmacro_15Web_StudioTests0026Web_StudioTestsswift_DsAGgfMX299_8_6expectfMf4_.swift:1:92: warning: main actor-isolated conformance of 'WebTabRuntime.NavigationRoute' to 'Equatable' cannot be used in nonisolated context; this is an error in the Swift 6 language mode
Testing.__checkBinaryOperation(WebTabRuntime.route(for: file, isLinkActivation: true),{ $0 == $1() },.cancel,expression: .__fromBinaryOperation(.__fromSyntaxNode("WebTabRuntime.route(for: file, isLinkActivation: true)"),"==",.__fromSyntaxNode(".cancel")),comments: [],isRequired: false,sourceLocation: Testing.SourceLocation.__here()).__expected()
                                                                                           ^
/Users/huaodong/workspace/Web Studio/Web StudioTests/Web_StudioTests.swift:300:9: note: in expansion of macro 'expect' here
        #expect(WebTabRuntime.route(for: file, isLinkActivation: true) == .cancel)
        ^~~~~~~~~~~~~~~~~~~~~~~~~~~~~~~~~~~~~~~~~~~~~~~~~~~~~~~~~~~~~~~~~~~~~~~~~~
/Users/huaodong/workspace/Web Studio/Web StudioTests/Web_StudioTests.swift:300:9: note: in expansion of macro 'expect' here
        #expect(WebTabRuntime.route(for: file, isLinkActivation: true) == .cancel)
        ^~~~~~~~~~~~~~~~~~~~~~~~~~~~~~~~~~~~~~~~~~~~~~~~~~~~~~~~~~~~~~~~~~~~~~~~~~
/Users/huaodong/workspace/Web Studio/Web StudioTests/Web_StudioTests.swift:667:13: warning: initialization of immutable value 'resource' was never used; consider replacing with assignment to '_' or removing it
        let resource = model.selectedTabID
        ~~~~^~~~~~~~
        _
/Users/huaodong/workspace/Web Studio/Web StudioTests/Web_StudioTests.swift:698:110: warning: '#require(_:_:)' is redundant because 'URL(string: "https://example.com")' never equals 'nil' (from macro 'require')
        let source = model.webRuntimes.registerWeb(groupID: model.selectedGroupID, destination: try #require(URL(string: "https://example.com")))
                                                                                                             ^~~~~~~~~~~~~~~~~~~~~~~~~~~~~~~~~~

SwiftDriverJobDiscovery normal arm64 Compiling Web_StudioApp.swift (in target 'Web Studio' from project 'Web Studio')

SwiftCompile normal arm64 Compiling\ AgentControllerTests.swift /Users/huaodong/workspace/Web\ Studio/Web\ StudioTests/AgentControllerTests.swift (in target 'Web StudioTests' from project 'Web Studio')

SwiftCompile normal arm64 /Users/huaodong/workspace/Web\ Studio/Web\ StudioTests/AgentControllerTests.swift (in target 'Web StudioTests' from project 'Web Studio')
    cd /Users/huaodong/workspace/Web\ Studio
    
/Users/huaodong/workspace/Web Studio/Web StudioTests/AgentControllerTests.swift:121:130: warning: main actor-isolated static method 'failure(resourceID:message:url:)' cannot be called from outside of the actor; this is an error in the Swift 6 language mode
        let controller = AgentController(store: store, configuration: try ProviderConfiguration(model: "m"), reader: { id, _ in .failure(resourceID: id, message: "read failed") })
                                                                                                                                ~^~~~~~~~~~~~~~~~~~~~~~~~~~~~~~~~~~~~~~~~~~~~~~~
                                                                                                                                await 

SwiftDriverJobDiscovery normal arm64 Compiling WorkspaceSplitView.swift (in target 'Web Studio' from project 'Web Studio')

SwiftDriverJobDiscovery normal arm64 Compiling CredentialIntegrationTests.swift (in target 'Web StudioTests' from project 'Web Studio')

SwiftDriverJobDiscovery normal arm64 Compiling AgentViews.swift (in target 'Web Studio' from project 'Web Studio')

SwiftDriverJobDiscovery normal arm64 Compiling TerminalTests.swift (in target 'Web StudioTests' from project 'Web Studio')

SwiftDriverJobDiscovery normal arm64 Compiling ProviderSettingsTests.swift (in target 'Web StudioTests' from project 'Web Studio')

SwiftDriverJobDiscovery normal arm64 Emitting module for Web_StudioTests (in target 'Web StudioTests' from project 'Web Studio')

SwiftDriver\ Compilation\ Requirements Web\ StudioTests normal arm64 com.apple.xcode.tools.swift.compiler (in target 'Web StudioTests' from project 'Web Studio')
    cd /Users/huaodong/workspace/Web\ Studio
    builtin-Swift-Compilation-Requirements -- /Applications/Xcode.app/Contents/Developer/Toolchains/XcodeDefault.xctoolchain/usr/bin/swiftc -module-name Web_StudioTests -Onone @/tmp/web-studio-final/Build/Intermediates.noindex/Web\ Studio.build/Debug/Web\ StudioTests.build/Objects-normal/arm64/Web\ StudioTests.SwiftFileList -DDEBUG -plugin-path /Applications/Xcode.app/Contents/Developer/Toolchains/XcodeDefault.xctoolchain/usr/lib/swift/host/plugins/testing -enable-bare-slash-regex -enable-upcoming-feature DisableOutwardActorInference -enable-upcoming-feature InferSendableFromCaptures -enable-upcoming-feature GlobalActorIsolatedTypesUsability -enable-upcoming-feature MemberImportVisibility -enable-upcoming-feature InferIsolatedConformances -enable-upcoming-feature NonisolatedNonsendingByDefault -enable-experimental-feature DebugDescriptionMacro -sdk /Applications/Xcode.app/Contents/Developer/Platforms/MacOSX.platform/Developer/SDKs/MacOSX26.5.sdk -target arm64-apple-macos26.5 -g -module-cache-path /tmp/web-studio-final/ModuleCache.noindex -Xfrontend -serialize-debugging-options -profile-coverage-mapping -profile-generate -enable-testing -index-store-path /tmp/web-studio-final/Index.noindex/DataStore -Xcc -D_LIBCPP_HARDENING_MODE\=_LIBCPP_HARDENING_MODE_DEBUG -swift-version 5 -I /tmp/web-studio-final/Build/Products/Debug -Isystem /Applications/Xcode.app/Contents/Developer/Platforms/MacOSX.platform/Developer/usr/lib -F /tmp/web-studio-final/Build/Products/Debug/PackageFrameworks -F /tmp/web-studio-final/Build/Products/Debug -F /Applications/Xcode.app/Contents/Developer/Platforms/MacOSX.platform/Developer/Library/Frameworks -c -j10 -enable-batch-mode -incremental -Xcc -ivfsstatcache -Xcc /tmp/web-studio-final/SDKStatCaches.noindex/macosx26.5-25F70-688ef53f1462e2c8f657fdc38a81448fe082c4a02f00227109f4ed75e425c832.sdkstatcache -output-file-map /tmp/web-studio-final/Build/Intermediates.noindex/Web\ Studio.build/Debug/Web\ StudioTests.build/Objects-normal/arm64/Web\ StudioTests-OutputFileMap.json -use-frontend-parseable-output -save-temps -no-color-diagnostics -explicit-module-build -module-cache-path /tmp/web-studio-final/Build/Intermediates.noindex/SwiftExplicitPrecompiledModules -clang-scanner-module-cache-path /tmp/web-studio-final/ModuleCache.noindex -sdk-module-cache-path /tmp/web-studio-final/ModuleCache.noindex -serialize-diagnostics -emit-dependencies -emit-module -emit-module-path /tmp/web-studio-final/Build/Intermediates.noindex/Web\ Studio.build/Debug/Web\ StudioTests.build/Objects-normal/arm64/Web_StudioTests.swiftmodule -validate-clang-modules-once -clang-build-session-file /tmp/web-studio-final/ModuleCache.noindex/Session.modulevalidation -Xcc -I/tmp/web-studio-final/Build/Intermediates.noindex/Web\ Studio.build/Debug/Web\ StudioTests.build/swift-overrides.hmap -emit-const-values -Xfrontend -const-gather-protocols-file -Xfrontend /tmp/web-studio-final/Build/Intermediates.noindex/Web\ Studio.build/Debug/Web\ StudioTests.build/Objects-normal/arm64/Web\ StudioTests_const_extract_protocols.json -Xcc -iquote -Xcc /tmp/web-studio-final/Build/Intermediates.noindex/Web\ Studio.build/Debug/Web\ StudioTests.build/Web\ StudioTests-generated-files.hmap -Xcc -I/tmp/web-studio-final/Build/Intermediates.noindex/Web\ Studio.build/Debug/Web\ StudioTests.build/Web\ StudioTests-own-target-headers.hmap -Xcc -I/tmp/web-studio-final/Build/Intermediates.noindex/Web\ Studio.build/Debug/Web\ StudioTests.build/Web\ StudioTests-all-non-framework-target-headers.hmap -Xcc -ivfsoverlay -Xcc /tmp/web-studio-final/Build/Intermediates.noindex/Web\ Studio.build/Debug/Web\ Studio-05bbc44994b91f37e3585941f4bbdee6-VFS/all-product-headers.yaml -Xcc -iquote -Xcc /tmp/web-studio-final/Build/Intermediates.noindex/Web\ Studio.build/Debug/Web\ StudioTests.build/Web\ StudioTests-project-headers.hmap -Xcc -I/tmp/web-studio-final/Build/Products/Debug/include -Xcc -I/tmp/web-studio-final/Build/Intermediates.noindex/Web\ Studio.build/Debug/Web\ StudioTests.build/DerivedSources-normal/arm64 -Xcc -I/tmp/web-studio-final/Build/Intermediates.noindex/Web\ Studio.build/Debug/Web\ StudioTests.build/DerivedSources/arm64 -Xcc -I/tmp/web-studio-final/Build/Intermediates.noindex/Web\ Studio.build/Debug/Web\ StudioTests.build/DerivedSources -Xcc -DDEBUG\=1 -emit-objc-header -emit-objc-header-path /tmp/web-studio-final/Build/Intermediates.noindex/Web\ Studio.build/Debug/Web\ StudioTests.build/Objects-normal/arm64/Web_StudioTests-Swift.h -working-directory /Users/huaodong/workspace/Web\ Studio -experimental-emit-module-separately -disable-cmo

Copy /tmp/web-studio-final/Build/Products/Debug/Web_StudioTests.swiftmodule/Project/arm64-apple-macos.swiftsourceinfo /tmp/web-studio-final/Build/Intermediates.noindex/Web\ Studio.build/Debug/Web\ StudioTests.build/Objects-normal/arm64/Web_StudioTests.swiftsourceinfo (in target 'Web StudioTests' from project 'Web Studio')
    cd /Users/huaodong/workspace/Web\ Studio
    builtin-copy -exclude .DS_Store -exclude CVS -exclude .svn -exclude .git -exclude .hg -resolve-src-symlinks -rename /tmp/web-studio-final/Build/Intermediates.noindex/Web\ Studio.build/Debug/Web\ StudioTests.build/Objects-normal/arm64/Web_StudioTests.swiftsourceinfo /tmp/web-studio-final/Build/Products/Debug/Web_StudioTests.swiftmodule/Project/arm64-apple-macos.swiftsourceinfo

Copy /tmp/web-studio-final/Build/Products/Debug/Web_StudioTests.swiftmodule/arm64-apple-macos.swiftmodule /tmp/web-studio-final/Build/Intermediates.noindex/Web\ Studio.build/Debug/Web\ StudioTests.build/Objects-normal/arm64/Web_StudioTests.swiftmodule (in target 'Web StudioTests' from project 'Web Studio')
    cd /Users/huaodong/workspace/Web\ Studio
    builtin-copy -exclude .DS_Store -exclude CVS -exclude .svn -exclude .git -exclude .hg -resolve-src-symlinks -rename /tmp/web-studio-final/Build/Intermediates.noindex/Web\ Studio.build/Debug/Web\ StudioTests.build/Objects-normal/arm64/Web_StudioTests.swiftmodule /tmp/web-studio-final/Build/Products/Debug/Web_StudioTests.swiftmodule/arm64-apple-macos.swiftmodule

Copy /tmp/web-studio-final/Build/Products/Debug/Web_StudioTests.swiftmodule/arm64-apple-macos.abi.json /tmp/web-studio-final/Build/Intermediates.noindex/Web\ Studio.build/Debug/Web\ StudioTests.build/Objects-normal/arm64/Web_StudioTests.abi.json (in target 'Web StudioTests' from project 'Web Studio')
    cd /Users/huaodong/workspace/Web\ Studio
    builtin-copy -exclude .DS_Store -exclude CVS -exclude .svn -exclude .git -exclude .hg -resolve-src-symlinks -rename /tmp/web-studio-final/Build/Intermediates.noindex/Web\ Studio.build/Debug/Web\ StudioTests.build/Objects-normal/arm64/Web_StudioTests.abi.json /tmp/web-studio-final/Build/Products/Debug/Web_StudioTests.swiftmodule/arm64-apple-macos.abi.json

SwiftDriverJobDiscovery normal arm64 Compiling AgentServiceTests.swift (in target 'Web StudioTests' from project 'Web Studio')

SwiftDriverJobDiscovery normal arm64 Compiling ResourceReadTests.swift (in target 'Web StudioTests' from project 'Web Studio')

SwiftDriverJobDiscovery normal arm64 Compiling AgentControllerTests.swift (in target 'Web StudioTests' from project 'Web Studio')

SwiftDriverJobDiscovery normal arm64 Compiling Web_StudioTests.swift (in target 'Web StudioTests' from project 'Web Studio')

SwiftDriver\ Compilation Web\ StudioTests normal arm64 com.apple.xcode.tools.swift.compiler (in target 'Web StudioTests' from project 'Web Studio')
    cd /Users/huaodong/workspace/Web\ Studio
    builtin-Swift-Compilation -- /Applications/Xcode.app/Contents/Developer/Toolchains/XcodeDefault.xctoolchain/usr/bin/swiftc -module-name Web_StudioTests -Onone @/tmp/web-studio-final/Build/Intermediates.noindex/Web\ Studio.build/Debug/Web\ StudioTests.build/Objects-normal/arm64/Web\ StudioTests.SwiftFileList -DDEBUG -plugin-path /Applications/Xcode.app/Contents/Developer/Toolchains/XcodeDefault.xctoolchain/usr/lib/swift/host/plugins/testing -enable-bare-slash-regex -enable-upcoming-feature DisableOutwardActorInference -enable-upcoming-feature InferSendableFromCaptures -enable-upcoming-feature GlobalActorIsolatedTypesUsability -enable-upcoming-feature MemberImportVisibility -enable-upcoming-feature InferIsolatedConformances -enable-upcoming-feature NonisolatedNonsendingByDefault -enable-experimental-feature DebugDescriptionMacro -sdk /Applications/Xcode.app/Contents/Developer/Platforms/MacOSX.platform/Developer/SDKs/MacOSX26.5.sdk -target arm64-apple-macos26.5 -g -module-cache-path /tmp/web-studio-final/ModuleCache.noindex -Xfrontend -serialize-debugging-options -profile-coverage-mapping -profile-generate -enable-testing -index-store-path /tmp/web-studio-final/Index.noindex/DataStore -Xcc -D_LIBCPP_HARDENING_MODE\=_LIBCPP_HARDENING_MODE_DEBUG -swift-version 5 -I /tmp/web-studio-final/Build/Products/Debug -Isystem /Applications/Xcode.app/Contents/Developer/Platforms/MacOSX.platform/Developer/usr/lib -F /tmp/web-studio-final/Build/Products/Debug/PackageFrameworks -F /tmp/web-studio-final/Build/Products/Debug -F /Applications/Xcode.app/Contents/Developer/Platforms/MacOSX.platform/Developer/Library/Frameworks -c -j10 -enable-batch-mode -incremental -Xcc -ivfsstatcache -Xcc /tmp/web-studio-final/SDKStatCaches.noindex/macosx26.5-25F70-688ef53f1462e2c8f657fdc38a81448fe082c4a02f00227109f4ed75e425c832.sdkstatcache -output-file-map /tmp/web-studio-final/Build/Intermediates.noindex/Web\ Studio.build/Debug/Web\ StudioTests.build/Objects-normal/arm64/Web\ StudioTests-OutputFileMap.json -use-frontend-parseable-output -save-temps -no-color-diagnostics -explicit-module-build -module-cache-path /tmp/web-studio-final/Build/Intermediates.noindex/SwiftExplicitPrecompiledModules -clang-scanner-module-cache-path /tmp/web-studio-final/ModuleCache.noindex -sdk-module-cache-path /tmp/web-studio-final/ModuleCache.noindex -serialize-diagnostics -emit-dependencies -emit-module -emit-module-path /tmp/web-studio-final/Build/Intermediates.noindex/Web\ Studio.build/Debug/Web\ StudioTests.build/Objects-normal/arm64/Web_StudioTests.swiftmodule -validate-clang-modules-once -clang-build-session-file /tmp/web-studio-final/ModuleCache.noindex/Session.modulevalidation -Xcc -I/tmp/web-studio-final/Build/Intermediates.noindex/Web\ Studio.build/Debug/Web\ StudioTests.build/swift-overrides.hmap -emit-const-values -Xfrontend -const-gather-protocols-file -Xfrontend /tmp/web-studio-final/Build/Intermediates.noindex/Web\ Studio.build/Debug/Web\ StudioTests.build/Objects-normal/arm64/Web\ StudioTests_const_extract_protocols.json -Xcc -iquote -Xcc /tmp/web-studio-final/Build/Intermediates.noindex/Web\ Studio.build/Debug/Web\ StudioTests.build/Web\ StudioTests-generated-files.hmap -Xcc -I/tmp/web-studio-final/Build/Intermediates.noindex/Web\ Studio.build/Debug/Web\ StudioTests.build/Web\ StudioTests-own-target-headers.hmap -Xcc -I/tmp/web-studio-final/Build/Intermediates.noindex/Web\ Studio.build/Debug/Web\ StudioTests.build/Web\ StudioTests-all-non-framework-target-headers.hmap -Xcc -ivfsoverlay -Xcc /tmp/web-studio-final/Build/Intermediates.noindex/Web\ Studio.build/Debug/Web\ Studio-05bbc44994b91f37e3585941f4bbdee6-VFS/all-product-headers.yaml -Xcc -iquote -Xcc /tmp/web-studio-final/Build/Intermediates.noindex/Web\ Studio.build/Debug/Web\ StudioTests.build/Web\ StudioTests-project-headers.hmap -Xcc -I/tmp/web-studio-final/Build/Products/Debug/include -Xcc -I/tmp/web-studio-final/Build/Intermediates.noindex/Web\ Studio.build/Debug/Web\ StudioTests.build/DerivedSources-normal/arm64 -Xcc -I/tmp/web-studio-final/Build/Intermediates.noindex/Web\ Studio.build/Debug/Web\ StudioTests.build/DerivedSources/arm64 -Xcc -I/tmp/web-studio-final/Build/Intermediates.noindex/Web\ Studio.build/Debug/Web\ StudioTests.build/DerivedSources -Xcc -DDEBUG\=1 -emit-objc-header -emit-objc-header-path /tmp/web-studio-final/Build/Intermediates.noindex/Web\ Studio.build/Debug/Web\ StudioTests.build/Objects-normal/arm64/Web_StudioTests-Swift.h -working-directory /Users/huaodong/workspace/Web\ Studio -experimental-emit-module-separately -disable-cmo

SwiftDriverJobDiscovery normal arm64 Compiling ContentView.swift (in target 'Web Studio' from project 'Web Studio')

SwiftDriver\ Compilation Web\ Studio normal arm64 com.apple.xcode.tools.swift.compiler (in target 'Web Studio' from project 'Web Studio')
    cd /Users/huaodong/workspace/Web\ Studio
    builtin-Swift-Compilation -- /Applications/Xcode.app/Contents/Developer/Toolchains/XcodeDefault.xctoolchain/usr/bin/swiftc -module-name Web_Studio -Onone @/tmp/web-studio-final/Build/Intermediates.noindex/Web\ Studio.build/Debug/Web\ Studio.build/Objects-normal/arm64/Web\ Studio.SwiftFileList -DDEBUG -default-isolation\=MainActor -enable-bare-slash-regex -enable-upcoming-feature DisableOutwardActorInference -enable-upcoming-feature InferSendableFromCaptures -enable-upcoming-feature GlobalActorIsolatedTypesUsability -enable-upcoming-feature MemberImportVisibility -enable-upcoming-feature InferIsolatedConformances -enable-upcoming-feature NonisolatedNonsendingByDefault -enable-experimental-feature DebugDescriptionMacro -sdk /Applications/Xcode.app/Contents/Developer/Platforms/MacOSX.platform/Developer/SDKs/MacOSX26.5.sdk -target arm64-apple-macos26.5 -g -module-cache-path /tmp/web-studio-final/ModuleCache.noindex -Xfrontend -serialize-debugging-options -profile-coverage-mapping -profile-generate -enable-testing -index-store-path /tmp/web-studio-final/Index.noindex/DataStore -Xcc -D_LIBCPP_HARDENING_MODE\=_LIBCPP_HARDENING_MODE_DEBUG -swift-version 5 -I /tmp/web-studio-final/Build/Products/Debug -F /tmp/web-studio-final/Build/Products/Debug/PackageFrameworks -F /tmp/web-studio-final/Build/Products/Debug -emit-localized-strings -emit-localized-strings-path /tmp/web-studio-final/Build/Intermediates.noindex/Web\ Studio.build/Debug/Web\ Studio.build/Objects-normal/arm64 -c -j10 -enable-batch-mode -incremental -Xcc -ivfsstatcache -Xcc /tmp/web-studio-final/SDKStatCaches.noindex/macosx26.5-25F70-688ef53f1462e2c8f657fdc38a81448fe082c4a02f00227109f4ed75e425c832.sdkstatcache -output-file-map /tmp/web-studio-final/Build/Intermediates.noindex/Web\ Studio.build/Debug/Web\ Studio.build/Objects-normal/arm64/Web\ Studio-OutputFileMap.json -use-frontend-parseable-output -save-temps -no-color-diagnostics -explicit-module-build -module-cache-path /tmp/web-studio-final/Build/Intermediates.noindex/SwiftExplicitPrecompiledModules -clang-scanner-module-cache-path /tmp/web-studio-final/ModuleCache.noindex -sdk-module-cache-path /tmp/web-studio-final/ModuleCache.noindex -serialize-diagnostics -emit-dependencies -emit-module -emit-module-path /tmp/web-studio-final/Build/Intermediates.noindex/Web\ Studio.build/Debug/Web\ Studio.build/Objects-normal/arm64/Web_Studio.swiftmodule -validate-clang-modules-once -clang-build-session-file /tmp/web-studio-final/ModuleCache.noindex/Session.modulevalidation -Xcc -I/tmp/web-studio-final/Build/Intermediates.noindex/Web\ Studio.build/Debug/Web\ Studio.build/swift-overrides.hmap -emit-const-values -Xfrontend -const-gather-protocols-file -Xfrontend /tmp/web-studio-final/Build/Intermediates.noindex/Web\ Studio.build/Debug/Web\ Studio.build/Objects-normal/arm64/Web\ Studio_const_extract_protocols.json -Xcc -iquote -Xcc /tmp/web-studio-final/Build/Intermediates.noindex/Web\ Studio.build/Debug/Web\ Studio.build/Web\ Studio-generated-files.hmap -Xcc -I/tmp/web-studio-final/Build/Intermediates.noindex/Web\ Studio.build/Debug/Web\ Studio.build/Web\ Studio-own-target-headers.hmap -Xcc -I/tmp/web-studio-final/Build/Intermediates.noindex/Web\ Studio.build/Debug/Web\ Studio.build/Web\ Studio-all-non-framework-target-headers.hmap -Xcc -ivfsoverlay -Xcc /tmp/web-studio-final/Build/Intermediates.noindex/Web\ Studio.build/Debug/Web\ Studio-05bbc44994b91f37e3585941f4bbdee6-VFS/all-product-headers.yaml -Xcc -iquote -Xcc /tmp/web-studio-final/Build/Intermediates.noindex/Web\ Studio.build/Debug/Web\ Studio.build/Web\ Studio-project-headers.hmap -Xcc -I/tmp/web-studio-final/Build/Products/Debug/include -Xcc -I/tmp/web-studio-final/Build/Intermediates.noindex/Web\ Studio.build/Debug/Web\ Studio.build/DerivedSources-normal/arm64 -Xcc -I/tmp/web-studio-final/Build/Intermediates.noindex/Web\ Studio.build/Debug/Web\ Studio.build/DerivedSources/arm64 -Xcc -I/tmp/web-studio-final/Build/Intermediates.noindex/Web\ Studio.build/Debug/Web\ Studio.build/DerivedSources -Xcc -DDEBUG\=1 -emit-objc-header -emit-objc-header-path /tmp/web-studio-final/Build/Intermediates.noindex/Web\ Studio.build/Debug/Web\ Studio.build/Objects-normal/arm64/Web_Studio-Swift.h -import-objc-header /Users/huaodong/workspace/Web\ Studio/Web\ Studio/Web\ Studio-Bridging-Header.h -working-directory /Users/huaodong/workspace/Web\ Studio -experimental-emit-module-separately -disable-cmo

Ld /tmp/web-studio-final/Build/Products/Debug/Web\ Studio.app/Contents/MacOS/Web\ Studio.debug.dylib normal (in target 'Web Studio' from project 'Web Studio')
    cd /Users/huaodong/workspace/Web\ Studio
    /Applications/Xcode.app/Contents/Developer/Toolchains/XcodeDefault.xctoolchain/usr/bin/clang -Xlinker -reproducible -target arm64-apple-macos26.5 -dynamiclib -isysroot /Applications/Xcode.app/Contents/Developer/Platforms/MacOSX.platform/Developer/SDKs/MacOSX26.5.sdk -O0 -L/tmp/web-studio-final/Build/Intermediates.noindex/EagerLinkingTBDs/Debug -L/tmp/web-studio-final/Build/Products/Debug -F/tmp/web-studio-final/Build/Intermediates.noindex/EagerLinkingTBDs/Debug -F/tmp/web-studio-final/Build/Products/Debug/PackageFrameworks -F/tmp/web-studio-final/Build/Products/Debug -filelist /tmp/web-studio-final/Build/Intermediates.noindex/Web\ Studio.build/Debug/Web\ Studio.build/Objects-normal/arm64/Web\ Studio.LinkFileList -install_name @rpath/Web\ Studio.debug.dylib -Xlinker -rpath -Xlinker /tmp/web-studio-final/Build/Products/Debug/PackageFrameworks -Xlinker -rpath -Xlinker @executable_path/../Frameworks -Xlinker -object_path_lto -Xlinker /tmp/web-studio-final/Build/Intermediates.noindex/Web\ Studio.build/Debug/Web\ Studio.build/Objects-normal/arm64/Web\ Studio_lto.o -rdynamic -Xlinker -no_deduplicate -Xlinker -debug_variant -Xlinker -dependency_info -Xlinker /tmp/web-studio-final/Build/Intermediates.noindex/Web\ Studio.build/Debug/Web\ Studio.build/Objects-normal/arm64/Web\ Studio_dependency_info.dat -fprofile-instr-generate -fobjc-link-runtime -L/Applications/Xcode.app/Contents/Developer/Toolchains/XcodeDefault.xctoolchain/usr/lib/swift/macosx -L/usr/lib/swift -Xlinker -add_ast_path -Xlinker /tmp/web-studio-final/Build/Intermediates.noindex/Web\ Studio.build/Debug/Web\ Studio.build/Objects-normal/arm64/Web_Studio.swiftmodule @/tmp/web-studio-final/Build/Intermediates.noindex/Web\ Studio.build/Debug/Web\ Studio.build/Objects-normal/arm64/Web_Studio-linker-args.resp -Wl,-no_warn_duplicate_libraries -Xlinker -alias -Xlinker _main -Xlinker ___debug_main_executable_dylib_entry_point -Xlinker -no_adhoc_codesign -o /tmp/web-studio-final/Build/Products/Debug/Web\ Studio.app/Contents/MacOS/Web\ Studio.debug.dylib -Xlinker -add_ast_path -Xlinker /tmp/web-studio-final/Build/Intermediates.noindex/SwiftTerm.build/Debug/SwiftTerm.build/Objects-normal/arm64/SwiftTerm.swiftmodule @/tmp/web-studio-final/Build/Intermediates.noindex/SwiftTerm.build/Debug/SwiftTerm.build/Objects-normal/arm64/SwiftTerm-linker-args.resp

ConstructStubExecutorLinkFileList /tmp/web-studio-final/Build/Intermediates.noindex/Web\ Studio.build/Debug/Web\ Studio.build/Web\ Studio-ExecutorLinkFileList-normal-arm64.txt (in target 'Web Studio' from project 'Web Studio')
    cd /Users/huaodong/workspace/Web\ Studio
    construct-stub-executor-link-file-list /tmp/web-studio-final/Build/Products/Debug/Web\ Studio.app/Contents/MacOS/Web\ Studio.debug.dylib /Applications/Xcode.app/Contents/Developer/Platforms/MacOSX.platform/Developer/usr/lib/libPreviewsJITStubExecutor_no_swift_entry_point.a /Applications/Xcode.app/Contents/Developer/Platforms/MacOSX.platform/Developer/usr/lib/libPreviewsJITStubExecutor.a --output /tmp/web-studio-final/Build/Intermediates.noindex/Web\ Studio.build/Debug/Web\ Studio.build/Web\ Studio-ExecutorLinkFileList-normal-arm64.txt
note: Using stub executor library with Swift entry point. (in target 'Web Studio' from project 'Web Studio')

Ld /tmp/web-studio-final/Build/Products/Debug/Web\ Studio.app/Contents/MacOS/Web\ Studio normal (in target 'Web Studio' from project 'Web Studio')
    cd /Users/huaodong/workspace/Web\ Studio
    /Applications/Xcode.app/Contents/Developer/Toolchains/XcodeDefault.xctoolchain/usr/bin/clang -Xlinker -reproducible -target arm64-apple-macos26.5 -isysroot /Applications/Xcode.app/Contents/Developer/Platforms/MacOSX.platform/Developer/SDKs/MacOSX26.5.sdk -O0 -L/tmp/web-studio-final/Build/Products/Debug -F/tmp/web-studio-final/Build/Products/Debug/PackageFrameworks -F/tmp/web-studio-final/Build/Products/Debug -Xlinker -rpath -Xlinker @executable_path -Xlinker -rpath -Xlinker /tmp/web-studio-final/Build/Products/Debug/PackageFrameworks -Xlinker -rpath -Xlinker @executable_path/../Frameworks -rdynamic -Xlinker -no_deduplicate -Xlinker -debug_variant -e ___debug_blank_executor_main -Xlinker -sectcreate -Xlinker __TEXT -Xlinker __debug_dylib -Xlinker /tmp/web-studio-final/Build/Intermediates.noindex/Web\ Studio.build/Debug/Web\ Studio.build/Web\ Studio-DebugDylibPath-normal-arm64.txt -Xlinker -sectcreate -Xlinker __TEXT -Xlinker __debug_instlnm -Xlinker /tmp/web-studio-final/Build/Intermediates.noindex/Web\ Studio.build/Debug/Web\ Studio.build/Web\ Studio-DebugDylibInstallName-normal-arm64.txt -Xlinker -filelist -Xlinker /tmp/web-studio-final/Build/Intermediates.noindex/Web\ Studio.build/Debug/Web\ Studio.build/Web\ Studio-ExecutorLinkFileList-normal-arm64.txt /tmp/web-studio-final/Build/Products/Debug/Web\ Studio.app/Contents/MacOS/Web\ Studio.debug.dylib -Xlinker -no_adhoc_codesign -o /tmp/web-studio-final/Build/Products/Debug/Web\ Studio.app/Contents/MacOS/Web\ Studio

CopySwiftLibs /tmp/web-studio-final/Build/Products/Debug/Web\ Studio.app (in target 'Web Studio' from project 'Web Studio')
    cd /Users/huaodong/workspace/Web\ Studio
    builtin-swiftStdLibTool --copy --verbose --sign - --scan-executable /tmp/web-studio-final/Build/Products/Debug/Web\ Studio.app/Contents/MacOS/Web\ Studio.debug.dylib --scan-folder /tmp/web-studio-final/Build/Products/Debug/Web\ Studio.app/Contents/Frameworks --scan-folder /tmp/web-studio-final/Build/Products/Debug/Web\ Studio.app/Contents/PlugIns --scan-folder /tmp/web-studio-final/Build/Products/Debug/Web\ Studio.app/Contents/Library/SystemExtensions --scan-folder /tmp/web-studio-final/Build/Products/Debug/Web\ Studio.app/Contents/Extensions --platform macosx --toolchain /var/run/com.apple.security.cryptexd/mnt/com.apple.MobileAsset.MetalToolchain-v17.6.109.0.Bidh73/Metal.xctoolchain --toolchain /Applications/Xcode.app/Contents/Developer/Toolchains/XcodeDefault.xctoolchain --destination /tmp/web-studio-final/Build/Products/Debug/Web\ Studio.app/Contents/Frameworks --strip-bitcode --strip-bitcode-tool /Applications/Xcode.app/Contents/Developer/Toolchains/XcodeDefault.xctoolchain/usr/bin/bitcode_strip --emit-dependency-info /tmp/web-studio-final/Build/Intermediates.noindex/Web\ Studio.build/Debug/Web\ Studio.build/SwiftStdLibToolInputDependencies.dep --filter-for-swift-os

ExtractAppIntentsMetadata (in target 'Web Studio' from project 'Web Studio')
    cd /Users/huaodong/workspace/Web\ Studio
    /Applications/Xcode.app/Contents/Developer/Toolchains/XcodeDefault.xctoolchain/usr/bin/appintentsmetadataprocessor --toolchain-dir /var/run/com.apple.security.cryptexd/mnt/com.apple.MobileAsset.MetalToolchain-v17.6.109.0.Bidh73/Metal.xctoolchain --module-name Web_Studio --sdk-root /Applications/Xcode.app/Contents/Developer/Platforms/MacOSX.platform/Developer/SDKs/MacOSX26.5.sdk --xcode-version 17F113 --platform-family macOS --deployment-target 26.5 --bundle-identifier com.huaodong.Web-Studio --output /tmp/web-studio-final/Build/Products/Debug/Web\ Studio.app/Contents/Resources --target-triple arm64-apple-macos26.5 --binary-file /tmp/web-studio-final/Build/Products/Debug/Web\ Studio.app/Contents/MacOS/Web\ Studio --dependency-file /tmp/web-studio-final/Build/Intermediates.noindex/Web\ Studio.build/Debug/Web\ Studio.build/Objects-normal/arm64/Web\ Studio_dependency_info.dat --stringsdata-file /tmp/web-studio-final/Build/Intermediates.noindex/Web\ Studio.build/Debug/Web\ Studio.build/Objects-normal/arm64/ExtractedAppShortcutsMetadata.stringsdata --source-file-list /tmp/web-studio-final/Build/Intermediates.noindex/Web\ Studio.build/Debug/Web\ Studio.build/Objects-normal/arm64/Web\ Studio.SwiftFileList --metadata-file-list /tmp/web-studio-final/Build/Intermediates.noindex/Web\ Studio.build/Debug/Web\ Studio.build/Web\ Studio.DependencyMetadataFileList --static-metadata-file-list /tmp/web-studio-final/Build/Intermediates.noindex/Web\ Studio.build/Debug/Web\ Studio.build/Web\ Studio.DependencyStaticMetadataFileList --swift-const-vals-list /tmp/web-studio-final/Build/Intermediates.noindex/Web\ Studio.build/Debug/Web\ Studio.build/Objects-normal/arm64/Web\ Studio.SwiftConstValuesFileList --compile-time-extraction --deployment-aware-processing --validate-assistant-intents --no-app-shortcuts-localization
2026-09-12 23:58:00.119 appintentsmetadataprocessor[97522:26413816] Starting appintentsmetadataprocessor export
2026-09-12 23:58:00.122 appintentsmetadataprocessor[97522:26413816] warning: Metadata extraction skipped. No AppIntents.framework dependency found.

Copy /tmp/web-studio-final/Build/Products/Debug/Web\ Studio.app/Contents/PlugIns/Web\ StudioTests.xctest/Contents/Resources/SwiftTerm_SwiftTerm.bundle /tmp/web-studio-final/Build/Products/Debug/SwiftTerm_SwiftTerm.bundle (in target 'Web StudioTests' from project 'Web Studio')
    cd /Users/huaodong/workspace/Web\ Studio
    builtin-copy -exclude .DS_Store -exclude CVS -exclude .svn -exclude .git -exclude .hg -resolve-src-symlinks /tmp/web-studio-final/Build/Products/Debug/SwiftTerm_SwiftTerm.bundle /tmp/web-studio-final/Build/Products/Debug/Web\ Studio.app/Contents/PlugIns/Web\ StudioTests.xctest/Contents/Resources

Ld /tmp/web-studio-final/Build/Products/Debug/Web\ Studio.app/Contents/PlugIns/Web\ StudioTests.xctest/Contents/MacOS/Web\ StudioTests normal (in target 'Web StudioTests' from project 'Web Studio')
    cd /Users/huaodong/workspace/Web\ Studio
    /Applications/Xcode.app/Contents/Developer/Toolchains/XcodeDefault.xctoolchain/usr/bin/clang -Xlinker -reproducible -target arm64-apple-macos26.5 -bundle -isysroot /Applications/Xcode.app/Contents/Developer/Platforms/MacOSX.platform/Developer/SDKs/MacOSX26.5.sdk -O0 -L/tmp/web-studio-final/Build/Intermediates.noindex/EagerLinkingTBDs/Debug -L/tmp/web-studio-final/Build/Products/Debug -L/Applications/Xcode.app/Contents/Developer/Platforms/MacOSX.platform/Developer/usr/lib -F/tmp/web-studio-final/Build/Intermediates.noindex/EagerLinkingTBDs/Debug -F/tmp/web-studio-final/Build/Products/Debug/PackageFrameworks -F/tmp/web-studio-final/Build/Products/Debug -iframework /Applications/Xcode.app/Contents/Developer/Platforms/MacOSX.platform/Developer/Library/Frameworks -filelist /tmp/web-studio-final/Build/Intermediates.noindex/Web\ Studio.build/Debug/Web\ StudioTests.build/Objects-normal/arm64/Web\ StudioTests.LinkFileList -Xlinker -rpath -Xlinker /tmp/web-studio-final/Build/Products/Debug/PackageFrameworks -Xlinker -rpath -Xlinker @loader_path/../Frameworks -Xlinker -rpath -Xlinker @executable_path/../Frameworks -bundle_loader /tmp/web-studio-final/Build/Products/Debug/Web\ Studio.app/Contents/MacOS/Web\ Studio -Xlinker -object_path_lto -Xlinker /tmp/web-studio-final/Build/Intermediates.noindex/Web\ Studio.build/Debug/Web\ StudioTests.build/Objects-normal/arm64/Web\ StudioTests_lto.o -rdynamic -Xlinker -no_deduplicate -Xlinker -debug_variant -Xlinker -dependency_info -Xlinker /tmp/web-studio-final/Build/Intermediates.noindex/Web\ Studio.build/Debug/Web\ StudioTests.build/Objects-normal/arm64/Web\ StudioTests_dependency_info.dat -fobjc-link-runtime -fprofile-instr-generate -L/Applications/Xcode.app/Contents/Developer/Toolchains/XcodeDefault.xctoolchain/usr/lib/swift/macosx -L/usr/lib/swift -Xlinker -add_ast_path -Xlinker /tmp/web-studio-final/Build/Intermediates.noindex/Web\ Studio.build/Debug/Web\ StudioTests.build/Objects-normal/arm64/Web_StudioTests.swiftmodule @/tmp/web-studio-final/Build/Intermediates.noindex/Web\ Studio.build/Debug/Web\ StudioTests.build/Objects-normal/arm64/Web_StudioTests-linker-args.resp -Wl,-no_warn_duplicate_libraries -Xlinker -needed_framework -Xlinker XCTest -framework XCTest -Xlinker -needed-lXCTestSwiftSupport -lXCTestSwiftSupport /tmp/web-studio-final/Build/Products/Debug/Web\ Studio.app/Contents/MacOS/Web\ Studio.debug.dylib -Xlinker -no_adhoc_codesign -o /tmp/web-studio-final/Build/Products/Debug/Web\ Studio.app/Contents/PlugIns/Web\ StudioTests.xctest/Contents/MacOS/Web\ StudioTests

ProcessInfoPlistFile /tmp/web-studio-final/Build/Products/Debug/Web\ Studio.app/Contents/PlugIns/Web\ StudioTests.xctest/Contents/Info.plist /tmp/web-studio-final/Build/Intermediates.noindex/Web\ Studio.build/Debug/Web\ StudioTests.build/empty-Web\ StudioTests.plist (in target 'Web StudioTests' from project 'Web Studio')
    cd /Users/huaodong/workspace/Web\ Studio
    builtin-infoPlistUtility /tmp/web-studio-final/Build/Intermediates.noindex/Web\ Studio.build/Debug/Web\ StudioTests.build/empty-Web\ StudioTests.plist -producttype com.apple.product-type.bundle.unit-test -expandbuildsettings -platform macosx -scanforprivacyfile /tmp/web-studio-final/Build/Products/Debug/Web\ Studio.app/Contents/PlugIns/Web\ StudioTests.xctest/Contents/Resources/SwiftTerm_SwiftTerm.bundle -o /tmp/web-studio-final/Build/Products/Debug/Web\ Studio.app/Contents/PlugIns/Web\ StudioTests.xctest/Contents/Info.plist

CopySwiftLibs /tmp/web-studio-final/Build/Products/Debug/Web\ Studio.app/Contents/PlugIns/Web\ StudioTests.xctest (in target 'Web StudioTests' from project 'Web Studio')
    cd /Users/huaodong/workspace/Web\ Studio
    builtin-swiftStdLibTool --copy --verbose --sign - --scan-executable /tmp/web-studio-final/Build/Products/Debug/Web\ Studio.app/Contents/PlugIns/Web\ StudioTests.xctest/Contents/MacOS/Web\ StudioTests --scan-folder /tmp/web-studio-final/Build/Products/Debug/Web\ Studio.app/Contents/PlugIns/Web\ StudioTests.xctest/Contents/Frameworks --scan-folder /tmp/web-studio-final/Build/Products/Debug/Web\ Studio.app/Contents/PlugIns/Web\ StudioTests.xctest/Contents/PlugIns --scan-folder /tmp/web-studio-final/Build/Products/Debug/Web\ Studio.app/Contents/PlugIns/Web\ StudioTests.xctest/Contents/Library/SystemExtensions --scan-folder /tmp/web-studio-final/Build/Products/Debug/Web\ Studio.app/Contents/PlugIns/Web\ StudioTests.xctest/Contents/Extensions --platform macosx --toolchain /var/run/com.apple.security.cryptexd/mnt/com.apple.MobileAsset.MetalToolchain-v17.6.109.0.Bidh73/Metal.xctoolchain --toolchain /Applications/Xcode.app/Contents/Developer/Toolchains/XcodeDefault.xctoolchain --destination /tmp/web-studio-final/Build/Products/Debug/Web\ Studio.app/Contents/PlugIns/Web\ StudioTests.xctest/Contents/Frameworks --strip-bitcode --scan-executable /Applications/Xcode.app/Contents/Developer/Platforms/MacOSX.platform/Developer/usr/lib/libXCTestSwiftSupport.dylib --strip-bitcode-tool /Applications/Xcode.app/Contents/Developer/Toolchains/XcodeDefault.xctoolchain/usr/bin/bitcode_strip --emit-dependency-info /tmp/web-studio-final/Build/Intermediates.noindex/Web\ Studio.build/Debug/Web\ StudioTests.build/SwiftStdLibToolInputDependencies.dep --filter-for-swift-os

ExtractAppIntentsMetadata (in target 'Web StudioTests' from project 'Web Studio')
    cd /Users/huaodong/workspace/Web\ Studio
    /Applications/Xcode.app/Contents/Developer/Toolchains/XcodeDefault.xctoolchain/usr/bin/appintentsmetadataprocessor --toolchain-dir /var/run/com.apple.security.cryptexd/mnt/com.apple.MobileAsset.MetalToolchain-v17.6.109.0.Bidh73/Metal.xctoolchain --module-name Web_StudioTests --sdk-root /Applications/Xcode.app/Contents/Developer/Platforms/MacOSX.platform/Developer/SDKs/MacOSX26.5.sdk --xcode-version 17F113 --platform-family macOS --deployment-target 26.5 --bundle-identifier com.huaodong.Web-StudioTests --output /tmp/web-studio-final/Build/Products/Debug/Web\ Studio.app/Contents/PlugIns/Web\ StudioTests.xctest/Contents/Resources --target-triple arm64-apple-macos26.5 --binary-file /tmp/web-studio-final/Build/Products/Debug/Web\ Studio.app/Contents/PlugIns/Web\ StudioTests.xctest/Contents/MacOS/Web\ StudioTests --dependency-file /tmp/web-studio-final/Build/Intermediates.noindex/Web\ Studio.build/Debug/Web\ StudioTests.build/Objects-normal/arm64/Web\ StudioTests_dependency_info.dat --stringsdata-file /tmp/web-studio-final/Build/Intermediates.noindex/Web\ Studio.build/Debug/Web\ StudioTests.build/Objects-normal/arm64/ExtractedAppShortcutsMetadata.stringsdata --source-file-list /tmp/web-studio-final/Build/Intermediates.noindex/Web\ Studio.build/Debug/Web\ StudioTests.build/Objects-normal/arm64/Web\ StudioTests.SwiftFileList --metadata-file-list /tmp/web-studio-final/Build/Intermediates.noindex/Web\ Studio.build/Debug/Web\ StudioTests.build/Web\ StudioTests.DependencyMetadataFileList --static-metadata-file-list /tmp/web-studio-final/Build/Intermediates.noindex/Web\ Studio.build/Debug/Web\ StudioTests.build/Web\ StudioTests.DependencyStaticMetadataFileList --swift-const-vals-list /tmp/web-studio-final/Build/Intermediates.noindex/Web\ Studio.build/Debug/Web\ StudioTests.build/Objects-normal/arm64/Web\ StudioTests.SwiftConstValuesFileList --compile-time-extraction --deployment-aware-processing --validate-assistant-intents --no-app-shortcuts-localization
2026-09-12 23:58:00.380 appintentsmetadataprocessor[97529:26413844] Starting appintentsmetadataprocessor export
2026-09-12 23:58:00.381 appintentsmetadataprocessor[97529:26413844] warning: Metadata extraction skipped. No AppIntents.framework dependency found.

CodeSign /tmp/web-studio-final/Build/Products/Debug/Web\ Studio.app/Contents/PlugIns/Web\ StudioTests.xctest (in target 'Web StudioTests' from project 'Web Studio')
    cd /Users/huaodong/workspace/Web\ Studio
    
    Signing Identity:     "Sign to Run Locally"
    
    /usr/bin/codesign --force --sign - --timestamp\=none --generate-entitlement-der /tmp/web-studio-final/Build/Products/Debug/Web\ Studio.app/Contents/PlugIns/Web\ StudioTests.xctest

CodeSign /tmp/web-studio-final/Build/Products/Debug/Web\ Studio.app/Contents/MacOS/Web\ Studio.debug.dylib (in target 'Web Studio' from project 'Web Studio')
    cd /Users/huaodong/workspace/Web\ Studio
    
    Signing Identity:     "Sign to Run Locally"
    
    /usr/bin/codesign --force --sign - --timestamp\=none --generate-entitlement-der /tmp/web-studio-final/Build/Products/Debug/Web\ Studio.app/Contents/MacOS/Web\ Studio.debug.dylib

CodeSign /tmp/web-studio-final/Build/Products/Debug/Web\ Studio.app/Contents/MacOS/__preview.dylib (in target 'Web Studio' from project 'Web Studio')
    cd /Users/huaodong/workspace/Web\ Studio
    
    Signing Identity:     "Sign to Run Locally"
    
    /usr/bin/codesign --force --sign - --timestamp\=none --generate-entitlement-der /tmp/web-studio-final/Build/Products/Debug/Web\ Studio.app/Contents/MacOS/__preview.dylib
/tmp/web-studio-final/Build/Products/Debug/Web Studio.app/Contents/MacOS/__preview.dylib: replacing existing signature

CodeSign /tmp/web-studio-final/Build/Products/Debug/Web\ Studio.app (in target 'Web Studio' from project 'Web Studio')
    cd /Users/huaodong/workspace/Web\ Studio
    
    Signing Identity:     "Sign to Run Locally"
    
    /usr/bin/codesign --force --sign - --entitlements /tmp/web-studio-final/Build/Intermediates.noindex/Web\ Studio.build/Debug/Web\ Studio.build/Web\ Studio.app.xcent --timestamp\=none --generate-entitlement-der /tmp/web-studio-final/Build/Products/Debug/Web\ Studio.app

Validate /tmp/web-studio-final/Build/Products/Debug/Web\ Studio.app (in target 'Web Studio' from project 'Web Studio')
    cd /Users/huaodong/workspace/Web\ Studio
    builtin-validationUtility /tmp/web-studio-final/Build/Products/Debug/Web\ Studio.app -no-validate-extension -infoplist-subpath Contents/Info.plist

RegisterWithLaunchServices /tmp/web-studio-final/Build/Products/Debug/Web\ Studio.app (in target 'Web Studio' from project 'Web Studio')
    cd /Users/huaodong/workspace/Web\ Studio
    /System/Library/Frameworks/CoreServices.framework/Versions/Current/Frameworks/LaunchServices.framework/Versions/Current/Support/lsregister -f -R -trusted /tmp/web-studio-final/Build/Products/Debug/Web\ Studio.app

ProcessInfoPlistFile /tmp/web-studio-final/Build/Products/Debug/Web\ StudioUITests-Runner.app/Contents/PlugIns/Web\ StudioUITests.xctest/Contents/Info.plist /tmp/web-studio-final/Build/Intermediates.noindex/Web\ Studio.build/Debug/Web\ StudioUITests.build/empty-Web\ StudioUITests.plist (in target 'Web StudioUITests' from project 'Web Studio')
    cd /Users/huaodong/workspace/Web\ Studio
    builtin-infoPlistUtility /tmp/web-studio-final/Build/Intermediates.noindex/Web\ Studio.build/Debug/Web\ StudioUITests.build/empty-Web\ StudioUITests.plist -producttype com.apple.product-type.bundle.ui-testing -expandbuildsettings -platform macosx -additionalcontentfile /tmp/web-studio-final/Build/Intermediates.noindex/Web\ Studio.build/Debug/Web\ StudioUITests.build/ProductTypeInfoPlistAdditions.plist -o /tmp/web-studio-final/Build/Products/Debug/Web\ StudioUITests-Runner.app/Contents/PlugIns/Web\ StudioUITests.xctest/Contents/Info.plist

CopySwiftLibs /tmp/web-studio-final/Build/Products/Debug/Web\ StudioUITests-Runner.app/Contents/PlugIns/Web\ StudioUITests.xctest (in target 'Web StudioUITests' from project 'Web Studio')
    cd /Users/huaodong/workspace/Web\ Studio
    builtin-swiftStdLibTool --copy --verbose --sign - --scan-executable /tmp/web-studio-final/Build/Products/Debug/Web\ StudioUITests-Runner.app/Contents/PlugIns/Web\ StudioUITests.xctest/Contents/MacOS/Web\ StudioUITests --scan-folder /tmp/web-studio-final/Build/Products/Debug/Web\ StudioUITests-Runner.app/Contents/PlugIns/Web\ StudioUITests.xctest/Contents/Frameworks --scan-folder /tmp/web-studio-final/Build/Products/Debug/Web\ StudioUITests-Runner.app/Contents/PlugIns/Web\ StudioUITests.xctest/Contents/PlugIns --scan-folder /tmp/web-studio-final/Build/Products/Debug/Web\ StudioUITests-Runner.app/Contents/PlugIns/Web\ StudioUITests.xctest/Contents/Library/SystemExtensions --scan-folder /tmp/web-studio-final/Build/Products/Debug/Web\ StudioUITests-Runner.app/Contents/PlugIns/Web\ StudioUITests.xctest/Contents/Extensions --platform macosx --toolchain /var/run/com.apple.security.cryptexd/mnt/com.apple.MobileAsset.MetalToolchain-v17.6.109.0.Bidh73/Metal.xctoolchain --toolchain /Applications/Xcode.app/Contents/Developer/Toolchains/XcodeDefault.xctoolchain --destination /tmp/web-studio-final/Build/Products/Debug/Web\ StudioUITests-Runner.app/Contents/PlugIns/Web\ StudioUITests.xctest/Contents/Frameworks --strip-bitcode --scan-executable /Applications/Xcode.app/Contents/Developer/Platforms/MacOSX.platform/Developer/usr/lib/libXCTestSwiftSupport.dylib --strip-bitcode-tool /Applications/Xcode.app/Contents/Developer/Toolchains/XcodeDefault.xctoolchain/usr/bin/bitcode_strip --emit-dependency-info /tmp/web-studio-final/Build/Intermediates.noindex/Web\ Studio.build/Debug/Web\ StudioUITests.build/SwiftStdLibToolInputDependencies.dep --filter-for-swift-os

warning: missing creator for mutated node: ('/tmp/web-studio-final/Build/Products/Debug/SwiftTerm_SwiftTerm.bundle/Contents/MacOS') (in target 'SwiftTerm_SwiftTerm' from project 'SwiftTerm')
** TEST BUILD SUCCEEDED **

